abs_gamma_sum,available_at_ns,board_n_live,control.high.s,control.high.ticks,control.high.within_16,control.high.within_4,control.high.within_8,control.low.s,control.low.ticks,control.low.within_16,control.low.within_4,control.low.within_8,control.offset_s,day,expiry_bucket,extremes_sha256,high.dt_after_available_ns,high.extreme_time_ns,high.s,high.ticks,high.within_16,high.within_4,high.within_8,high_after_available,high_session_bucket,high_time_ns,implied_move,kind,level_id,low.dt_after_available_ns,low.extreme_time_ns,low.s,low.ticks,low.within_16,low.within_4,low.within_8,low_after_available,low_session_bucket,low_time_ns,map_status,mapped_nq,oi_sum,rank,ratio,root,rth_high.s,rth_high.ticks,rth_high.within_16,rth_high.within_4,rth_high.within_8,rth_low.s,rth_low.ticks,rth_low.within_16,rth_low.within_4,rth_low.within_8,s_prior_rth_range,scenario_label,signed_gamma,spot,strike,vol_regime,year
4864823450.982771,1577977200000000000,615,5.149361351606901,1302.7884219565458,False,False,False,3.06240482986777,774.7884219565458,False,False,False,-2.0,2020-01-02,1-7,9aefce4864bf0b799d6e1ea8ba60646226a5561d63fda0ba9b84f3c73e2e3714,25140000000000,1578002340000000000,3.1493613516069003,796.7884219565458,False,False,False,True,other,1578002340000000000,1.9629984432526089,key_gamma,SPY:2020-01-02:key_gamma:1:320.0,-57480000000000,1577919720000000000,1.06240482986777,268.7884219565458,False,False,False,False,overnight_or_pre,1577919720000000000,ok,8702.302894510864,2284672,1,27.194696545346446,SPY,2.959638031448798,748.7884219565458,False,False,False,1.580191391132592,399.7884219565458,False,False,False,63.25,baseline_proxy_not_known_inventory,1016414111.7531782,323.87,320.0,low,2020
4864823450.982771,1577977200000000000,615,5.149361351606901,1302.7884219565458,False,False,False,3.06240482986777,774.7884219565458,False,False,False,-2.0,2020-01-02,1-7,9aefce4864bf0b799d6e1ea8ba60646226a5561d63fda0ba9b84f3c73e2e3714,25140000000000,1578002340000000000,3.1493613516069003,796.7884219565458,False,False,False,True,other,1578002340000000000,1.9629984432526089,call_wall,SPY:2020-01-02:call_wall:1:320.0,-57480000000000,1577919720000000000,1.06240482986777,268.7884219565458,False,False,False,False,overnight_or_pre,1577919720000000000,ok,8702.302894510864,2284672,1,27.194696545346446,SPY,2.959638031448798,748.7884219565458,False,False,False,1.580191391132592,399.7884219565458,False,False,False,63.25,baseline_proxy_not_known_inventory,1016414111.7531782,323.87,320.0,low,2020
4864823450.982771,1577977200000000000,615,1.290284061243216,326.44186749453365,False,False,False,3.3772405829823464,854.4418674945337,False,False,False,1.0,2020-01-02,1-7,9aefce4864bf0b799d6e1ea8ba60646226a5561d63fda0ba9b84f3c73e2e3714,25140000000000,1578002340000000000,0.29028406124321604,73.44186749453365,False,False,False,True,other,1578002340000000000,1.9629984432526089,put_wall,SPY:2020-01-02:put_wall:1:328.0,-57480000000000,1577919720000000000,2.3772405829823464,601.4418674945337,False,False,False,False,overnight_or_pre,1577919720000000000,ok,8919.860466873633,2284672,1,27.194696545346446,SPY,0.48000738140131877,121.44186749453365,False,False,False,1.8594540217175244,470.44186749453365,False,False,False,63.25,baseline_proxy_not_known_inventory,-473676084.0866687,323.87,328.0,low,2020
4864823450.982771,1577977200000000000,615,17.04803164979495,4313.152007398123,False,False,False,14.961075128055821,3785.152007398123,False,False,False,-1.0,2020-01-02,1-7,9aefce4864bf0b799d6e1ea8ba60646226a5561d63fda0ba9b84f3c73e2e3714,25140000000000,1578002340000000000,16.04803164979495,4060.152007398123,False,False,False,True,other,1578002340000000000,1.9629984432526089,gamma_flip,SPY:2020-01-02:gamma_flip:1:290.0,-57480000000000,1577919720000000000,13.961075128055821,3532.152007398123,False,False,False,False,overnight_or_pre,1577919720000000000,ok,7886.461998150469,2284672,1,27.194696545346446,SPY,15.858308329636849,4012.152007398123,False,False,False,14.478861689320643,3663.152007398123,False,False,False,63.25,baseline_proxy_not_known_inventory,,323.87,290.0,low,2020
4864823450.982771,1577977200000000000,615,7.589006764457046,1920.0187114076325,False,False,False,5.502050242717915,1392.0187114076325,False,False,False,-1.0,2020-01-02,1-7,9aefce4864bf0b799d6e1ea8ba60646226a5561d63fda0ba9b84f3c73e2e3714,25140000000000,1578002340000000000,6.589006764457046,1667.0187114076325,False,False,False,True,other,1578002340000000000,1.9629984432526089,max_pain,SPY:2020-01-02:max_pain:1:312.0,-57480000000000,1577919720000000000,4.502050242717915,1139.0187114076325,False,False,False,False,overnight_or_pre,1577919720000000000,ok,8484.745322148092,2284672,1,27.194696545346446,SPY,6.399283444298943,1619.0187114076325,False,False,False,5.019836803982737,1270.0187114076325,False,False,False,63.25,baseline_proxy_not_known_inventory,,323.87,312.0,low,2020
4864823450.982771,1577977200000000000,615,5.149361351606901,1302.7884219565458,False,False,False,3.06240482986777,774.7884219565458,False,False,False,-2.0,2020-01-02,1-7,9aefce4864bf0b799d6e1ea8ba60646226a5561d63fda0ba9b84f3c73e2e3714,25140000000000,1578002340000000000,3.1493613516069003,796.7884219565458,False,False,False,True,other,1578002340000000000,1.9629984432526089,top_gamma,SPY:2020-01-02:top_gamma:1:320.0,-57480000000000,1577919720000000000,1.06240482986777,268.7884219565458,False,False,False,False,overnight_or_pre,1577919720000000000,ok,8702.302894510864,2284672,1,27.194696545346446,SPY,2.959638031448798,748.7884219565458,False,False,False,1.580191391132592,399.7884219565458,False,False,False,63.25,baseline_proxy_not_known_inventory,,323.87,320.0,low,2020
4864823450.982771,1577977200000000000,615,0.709715938756784,179.55813250546635,False,False,False,1.3772405829823464,348.44186749453365,False,False,False,-1.0,2020-01-02,1-7,9aefce4864bf0b799d6e1ea8ba60646226a5561d63fda0ba9b84f3c73e2e3714,25140000000000,1578002340000000000,0.29028406124321604,73.44186749453365,False,False,False,True,other,1578002340000000000,1.9629984432526089,top_gamma,SPY:2020-01-02:top_gamma:2:328.0,-57480000000000,1577919720000000000,2.3772405829823464,601.4418674945337,False,False,False,False,overnight_or_pre,1577919720000000000,ok,8919.860466873633,2284672,2,27.194696545346446,SPY,0.48000738140131877,121.44186749453365,False,False,False,1.8594540217175244,470.44186749453365,False,False,False,63.25,baseline_proxy_not_known_inventory,,323.87,328.0,low,2020
4864823450.982771,1577977200000000000,615,0.42953864518184215,108.67327723100607,False,False,False,1.6574178765572882,419.32672276899393,False,False,False,1.0,2020-01-02,1-7,9aefce4864bf0b799d6e1ea8ba60646226a5561d63fda0ba9b84f3c73e2e3714,25140000000000,1578002340000000000,1.4295386451818421,361.67327723100607,False,False,False,True,other,1578002340000000000,1.9629984432526089,top_gamma,SPY:2020-01-02:top_gamma:3:324.0,-57480000000000,1577919720000000000,0.6574178765572882,166.32672276899393,False,False,False,False,overnight_or_pre,1577919720000000000,ok,8811.081680692248,2284672,3,27.194696545346446,SPY,1.2398153250237394,313.67327723100607,False,False,False,0.13963131529246614,35.32672276899393,False,False,False,63.25,baseline_proxy_not_known_inventory,,323.87,324.0,low,2020
4864823450.982771,1577977200000000000,615,2.1493613516069003,543.7884219565458,False,False,False,0.06240482986776992,15.78842195654579,True,False,False,1.0,2020-01-02,1-7,9aefce4864bf0b799d6e1ea8ba60646226a5561d63fda0ba9b84f3c73e2e3714,25140000000000,1578002340000000000,3.1493613516069003,796.7884219565458,False,False,False,True,other,1578002340000000000,1.9629984432526089,top_vanna,SPY:2020-01-02:top_vanna:1:320.0,-57480000000000,1577919720000000000,1.06240482986777,268.7884219565458,False,False,False,False,overnight_or_pre,1577919720000000000,ok,8702.302894510864,2284672,1,27.194696545346446,SPY,2.959638031448798,748.7884219565458,False,False,False,1.580191391132592,399.7884219565458,False,False,False,63.25,baseline_proxy_not_known_inventory,,323.87,320.0,low,2020
4864823450.982771,1577977200000000000,615,1.290284061243216,326.44186749453365,False,False,False,3.3772405829823464,854.4418674945337,False,False,False,1.0,2020-01-02,1-7,9aefce4864bf0b799d6e1ea8ba60646226a5561d63fda0ba9b84f3c73e2e3714,25140000000000,1578002340000000000,0.29028406124321604,73.44186749453365,False,False,False,True,other,1578002340000000000,1.9629984432526089,top_vanna,SPY:2020-01-02:top_vanna:2:328.0,-57480000000000,1577919720000000000,2.3772405829823464,601.4418674945337,False,False,False,False,overnight_or_pre,1577919720000000000,ok,8919.860466873633,2284672,2,27.194696545346446,SPY,0.48000738140131877,121.44186749453365,False,False,False,1.8594540217175244,470.44186749453365,False,False,False,63.25,baseline_proxy_not_known_inventory,,323.87,328.0,low,2020
4864823450.982771,1577977200000000000,615,7.589006764457046,1920.0187114076325,False,False,False,5.502050242717915,1392.0187114076325,False,False,False,-1.0,2020-01-02,1-7,9aefce4864bf0b799d6e1ea8ba60646226a5561d63fda0ba9b84f3c73e2e3714,25140000000000,1578002340000000000,6.589006764457046,1667.0187114076325,False,False,False,True,other,1578002340000000000,1.9629984432526089,top_vanna,SPY:2020-01-02:top_vanna:3:312.0,-57480000000000,1577919720000000000,4.502050242717915,1139.0187114076325,False,False,False,False,overnight_or_pre,1577919720000000000,ok,8484.745322148092,2284672,3,27.194696545346446,SPY,6.399283444298943,1619.0187114076325,False,False,False,5.019836803982737,1270.0187114076325,False,False,False,63.25,baseline_proxy_not_known_inventory,,323.87,312.0,low,2020
4864823450.982771,1577977200000000000,615,4.149361351606901,1049.7884219565458,False,False,False,2.06240482986777,521.7884219565458,False,False,False,-1.0,2020-01-02,1-7,9aefce4864bf0b799d6e1ea8ba60646226a5561d63fda0ba9b84f3c73e2e3714,25140000000000,1578002340000000000,3.1493613516069003,796.7884219565458,False,False,False,True,other,1578002340000000000,1.9629984432526089,top_vega,SPY:2020-01-02:top_vega:1:320.0,-57480000000000,1577919720000000000,1.06240482986777,268.7884219565458,False,False,False,False,overnight_or_pre,1577919720000000000,ok,8702.302894510864,2284672,1,27.194696545346446,SPY,2.959638031448798,748.7884219565458,False,False,False,1.580191391132592,399.7884219565458,False,False,False,63.25,baseline_proxy_not_known_inventory,,323.87,320.0,low,2020
4864823450.982771,1577977200000000000,615,4.589006764457046,1161.0187114076325,False,False,False,2.502050242717915,633.0187114076325,False,False,False,2.0,2020-01-02,1-7,9aefce4864bf0b799d6e1ea8ba60646226a5561d63fda0ba9b84f3c73e2e3714,25140000000000,1578002340000000000,6.589006764457046,1667.0187114076325,False,False,False,True,other,1578002340000000000,1.9629984432526089,top_vega,SPY:2020-01-02:top_vega:2:312.0,-57480000000000,1577919720000000000,4.502050242717915,1139.0187114076325,False,False,False,False,overnight_or_pre,1577919720000000000,ok,8484.745322148092,2284672,2,27.194696545346446,SPY,6.399283444298943,1619.0187114076325,False,False,False,5.019836803982737,1270.0187114076325,False,False,False,63.25,baseline_proxy_not_known_inventory,,323.87,312.0,low,2020
4864823450.982771,1577977200000000000,615,2.290284061243216,579.4418674945337,False,False,False,4.377240582982346,1107.4418674945337,False,False,False,2.0,2020-01-02,1-7,9aefce4864bf0b799d6e1ea8ba60646226a5561d63fda0ba9b84f3c73e2e3714,25140000000000,1578002340000000000,0.29028406124321604,73.44186749453365,False,False,False,True,other,1578002340000000000,1.9629984432526089,top_vega,SPY:2020-01-02:top_vega:3:328.0,-57480000000000,1577919720000000000,2.3772405829823464,601.4418674945337,False,False,False,False,overnight_or_pre,1577919720000000000,ok,8919.860466873633,2284672,3,27.194696545346446,SPY,0.48000738140131877,121.44186749453365,False,False,False,1.8594540217175244,470.44186749453365,False,False,False,63.25,baseline_proxy_not_known_inventory,,323.87,328.0,low,2020
3452844741.128486,1583161200000000000,1017,1.9248949814164258,2858.4690474033923,False,False,False,0.14981080633225072,222.46904740339232,False,False,False,-1.0,2020-03-02,0DTE,9aefce4864bf0b799d6e1ea8ba60646226a5561d63fda0ba9b84f3c73e2e3714,21840000000000,1583183040000000000,0.9248949814164258,1373.4690474033923,False,False,False,True,other,1583183040000000000,7.095342551161057,key_gamma,SPY:2020-03-02:key_gamma:1:299.0,-57540000000000,1583103660000000000,0.8501891936677493,1262.5309525966077,False,False,False,False,overnight_or_pre,1583103660000000000,ok,8539.882738149152,3167580,1,28.56148072959583,SPY,0.9154673719888163,1359.4690474033923,False,False,False,0.26096360444216005,387.5309525966077,False,False,False,371.25,baseline_proxy_not_known_inventory,-418481483.2663448,296.49,299.0,high,2020
3452844741.128486,1583161200000000000,1017,1.694360454226399,2516.1252745262027,False,False,False,0.08072372085777596,119.8747254737973,False,False,False,1.0,2020-03-02,0DTE,9aefce4864bf0b799d6e1ea8ba60646226a5561d63fda0ba9b84f3c73e2e3714,21840000000000,1583183040000000000,2.6943604542264015,4001.1252745262063,False,False,False,True,other,1583183040000000000,7.095342551161057,call_wall,SPY:2020-03-02:call_wall:1:276.0,-57540000000000,1583103660000000000,0.9192762791422265,1365.1252745262063,False,False,False,False,overnight_or_pre,1583103660000000000,ok,7882.968681368448,3167580,1,28.56148072959583,SPY,2.684932844798792,3987.1252745262063,False,False,False,1.5085018683678157,2240.1252745262063,False,False,False,371.25,baseline_proxy_not_known_inventory,77055690.22022481,296.49,276.0,high,2020
3452844741.128486,1583161200000000000,1017,2.924894981416426,4343.469047403392,False,False,False,1.1498108063322507,1707.4690474033923,False,False,False,-2.0,2020-03-02,0DTE,9aefce4864bf0b799d6e1ea8ba60646226a5561d63fda0ba9b84f3c73e2e3714,21840000000000,1583183040000000000,0.9248949814164258,1373.4690474033923,False,False,False,True,other,1583183040000000000,7.095342551161057,put_wall,SPY:2020-03-02:put_wall:1:299.0,-57540000000000,1583103660000000000,0.8501891936677493,1262.5309525966077,False,False,False,False,overnight_or_pre,1583103660000000000,ok,8539.882738149152,3167580,1,28.56148072959583,SPY,0.9154673719888163,1359.4690474033923,False,False,False,0.26096360444216005,387.5309525966077,False,False,False,371.25,baseline_proxy_not_known_inventory,-418481483.2663448,296.49,299.0,high,2020
3452844741.128486,1583161200000000000,1017,5.3868926456098585,7999.53557873064,False,False,False,3.611808470525683,5363.53557873064,False,False,False,-1.0,2020-03-02,0DTE,9aefce4864bf0b799d6e1ea8ba60646226a5561d63fda0ba9b84f3c73e2e3714,21840000000000,1583183040000000000,4.3868926456098585,6514.53557873064,False,False,False,True,other,1583183040000000000,7.095342551161057,gamma_flip,SPY:2020-03-02:gamma_flip:1:254.0,-57540000000000,1583103660000000000,2.611808470525683,3878.53557873064,False,False,False,False,overnight_or_pre,1583103660000000000,ok,7254.61610531734,3167580,1,28.56148072959583,SPY,4.377465036182249,6500.53557873064,False,False,False,3.2010340597512728,4753.53557873064,False,False,False,371.25,baseline_proxy_not_known_inventory,,296.49,254.0,high,2020
3452844741.128486,1583161200000000000,1017,1.9248949814164258,2858.4690474033923,False,False,False,0.14981080633225072,222.46904740339232,False,False,False,-1.0,2020-03-02,0DTE,9aefce4864bf0b799d6e1ea8ba60646226a5561d63fda0ba9b84f3c73e2e3714,21840000000000,1583183040000000000,0.9248949814164258,1373.4690474033923,False,False,False,True,other,1583183040000000000,7.095342551161057,max_pain,SPY:2020-03-02:max_pain:1:299.0,-57540000000000,1583103660000000000,0.8501891936677493,1262.5309525966077,False,False,False,False,overnight_or_pre,1583103660000000000,ok,8539.882738149152,3167580,1,28.56148072959583,SPY,0.9154673719888163,1359.4690474033923,False,False,False,0.26096360444216005,387.5309525966077,False,False,False,371.25,baseline_proxy_not_known_inventory,,296.49,299.0,high,2020
3452844741.128486,1583161200000000000,1017,0.0751050185835742,111.53095259660768,False,False,False,1.8501891936677493,2747.5309525966077,False,False,False,1.0,2020-03-02,0DTE,9aefce4864bf0b799d6e1ea8ba60646226a5561d63fda0ba9b84f3c73e2e3714,21840000000000,1583183040000000000,0.9248949814164258,1373.4690474033923,False,False,False,True,other,1583183040000000000,7.095342551161057,top_gamma,SPY:2020-03-02:top_gamma:1:299.0,-57540000000000,1583103660000000000,0.8501891936677493,1262.5309525966077,False,False,False,False,overnight_or_pre,1583103660000000000,ok,8539.882738149152,3167580,1,28.56148072959583,SPY,0.9154673719888163,1359.4690474033923,False,False,False,0.26096360444216005,387.5309525966077,False,False,False,371.25,baseline_proxy_not_known_inventory,,296.49,299.0,high,2020
3452844741.128486,1583161200000000000,1017,3.771161077108153,5600.174199505607,False,False,False,1.996076902023978,2964.1741995056072,False,False,False,-2.0,2020-03-02,0DTE,9aefce4864bf0b799d6e1ea8ba60646226a5561d63fda0ba9b84f3c73e2e3714,21840000000000,1583183040000000000,1.771161077108153,2630.1741995056072,False,False,False,True,other,1583183040000000000,7.095342551161057,top_gamma,SPY:2020-03-02:top_gamma:2:288.0,-57540000000000,1583103660000000000,0.003923097976022055,5.825800494392752,True,False,True,False,overnight_or_pre,1583103660000000000,ok,8225.706450123598,3167580,2,28.56148072959583,SPY,1.7617334676805436,2616.1741995056072,False,False,False,0.5853024912495671,869.1741995056072,False,False,False,371.25,baseline_proxy_not_known_inventory,,296.49,288.0,high,2020
3452844741.128486,1583161200000000000,1017,2.6171618557103407,3886.4853557298557,False,False,False,0.8420776806261654,1250.4853557298557,False,False,False,-2.0,2020-03-02,0DTE,9aefce4864bf0b799d6e1ea8ba60646226a5561d63fda0ba9b84f3c73e2e3714,21840000000000,1583183040000000000,0.6171618557103405,916.4853557298557,False,False,False,True,other,1583183040000000000,7.095342551161057,top_gamma,SPY:2020-03-02:top_gamma:3:303.0,-57540000000000,1583103660000000000,1.1579223193738346,1719.5146442701443,False,False,False,False,overnight_or_pre,1583103660000000000,ok,8654.128661067536,3167580,3,28.56148072959583,SPY,0.6077342462827311,902.4853557298557,False,False,False,0.5686967301482454,844.5146442701443,False,False,False,371.25,baseline_proxy_not_known_inventory,,296.49,303.0,high,2020
3452844741.128486,1583161200000000000,1017,1.3828381442896596,2053.5146442701443,False,False,False,3.1579223193738346,4689.514644270144,False,False,False,2.0,2020-03-02,0DTE,9aefce4864bf0b799d6e1ea8ba60646226a5561d63fda0ba9b84f3c73e2e3714,21840000000000,1583183040000000000,0.6171618557103405,916.4853557298557,False,False,False,True,other,1583183040000000000,7.095342551161057,top_vanna,SPY:2020-03-02:top_vanna:1:303.0,-57540000000000,1583103660000000000,1.1579223193738346,1719.5146442701443,False,False,False,False,overnight_or_pre,1583103660000000000,ok,8654.128661067536,3167580,1,28.56148072959583,SPY,0.6077342462827311,902.4853557298557,False,False,False,0.5686967301482454,844.5146442701443,False,False,False,371.25,baseline_proxy_not_known_inventory,,296.49,303.0,high,2020
3452844741.128486,1583161200000000000,1017,3.771161077108153,5600.174199505607,False,False,False,1.996076902023978,2964.1741995056072,False,False,False,-2.0,2020-03-02,0DTE,9aefce4864bf0b799d6e1ea8ba60646226a5561d63fda0ba9b84f3c73e2e3714,21840000000000,1583183040000000000,1.771161077108153,2630.1741995056072,False,False,False,True,other,1583183040000000000,7.095342551161057,top_vanna,SPY:2020-03-02:top_vanna:2:288.0,-57540000000000,1583103660000000000,0.003923097976022055,5.825800494392752,True,False,True,False,overnight_or_pre,1583103660000000000,ok,8225.706450123598,3167580,2,28.56148072959583,SPY,1.7617334676805436,2616.1741995056072,False,False,False,0.5853024912495671,869.1741995056072,False,False,False,371.25,baseline_proxy_not_known_inventory,,296.49,288.0,high,2020
3452844741.128486,1583161200000000000,1017,1.694360454226399,2516.1252745262027,False,False,False,0.08072372085777596,119.8747254737973,False,False,False,1.0,2020-03-02,0DTE,9aefce4864bf0b799d6e1ea8ba60646226a5561d63fda0ba9b84f3c73e2e3714,21840000000000,1583183040000000000,2.6943604542264015,4001.1252745262063,False,False,False,True,other,1583183040000000000,7.095342551161057,top_vanna,SPY:2020-03-02:top_vanna:3:276.0,-57540000000000,1583103660000000000,0.9192762791422265,1365.1252745262063,False,False,False,False,overnight_or_pre,1583103660000000000,ok,7882.968681368448,3167580,3,28.56148072959583,SPY,2.684932844798792,3987.1252745262063,False,False,False,1.5085018683678157,2240.1252745262063,False,False,False,371.25,baseline_proxy_not_known_inventory,,296.49,276.0,high,2020
3452844741.128486,1583161200000000000,1017,1.6171618557103404,2401.4853557298557,False,False,False,0.15792231937383458,234.51464427014434,False,False,False,-1.0,2020-03-02,0DTE,9aefce4864bf0b799d6e1ea8ba60646226a5561d63fda0ba9b84f3c73e2e3714,21840000000000,1583183040000000000,0.6171618557103405,916.4853557298557,False,False,False,True,other,1583183040000000000,7.095342551161057,top_vega,SPY:2020-03-02:top_vega:1:303.0,-57540000000000,1583103660000000000,1.1579223193738346,1719.5146442701443,False,False,False,False,overnight_or_pre,1583103660000000000,ok,8654.128661067536,3167580,1,28.56148072959583,SPY,0.6077342462827311,902.4853557298557,False,False,False,0.5686967301482454,844.5146442701443,False,False,False,371.25,baseline_proxy_not_known_inventory,,296.49,303.0,high,2020
3452844741.128486,1583161200000000000,1017,2.924894981416426,4343.469047403392,False,False,False,1.1498108063322507,1707.4690474033923,False,False,False,-2.0,2020-03-02,0DTE,9aefce4864bf0b799d6e1ea8ba60646226a5561d63fda0ba9b84f3c73e2e3714,21840000000000,1583183040000000000,0.9248949814164258,1373.4690474033923,False,False,False,True,other,1583183040000000000,7.095342551161057,top_vega,SPY:2020-03-02:top_vega:2:299.0,-57540000000000,1583103660000000000,0.8501891936677493,1262.5309525966077,False,False,False,False,overnight_or_pre,1583103660000000000,ok,8539.882738149152,3167580,2,28.56148072959583,SPY,0.9154673719888163,1359.4690474033923,False,False,False,0.26096360444216005,387.5309525966077,False,False,False,371.25,baseline_proxy_not_known_inventory,,296.49,299.0,high,2020
3452844741.128486,1583161200000000000,1017,3.771161077108153,5600.174199505607,False,False,False,1.996076902023978,2964.1741995056072,False,False,False,-2.0,2020-03-02,0DTE,9aefce4864bf0b799d6e1ea8ba60646226a5561d63fda0ba9b84f3c73e2e3714,21840000000000,1583183040000000000,1.771161077108153,2630.1741995056072,False,False,False,True,other,1583183040000000000,7.095342551161057,top_vega,SPY:2020-03-02:top_vega:3:288.0,-57540000000000,1583103660000000000,0.003923097976022055,5.825800494392752,True,False,True,False,overnight_or_pre,1583103660000000000,ok,8225.706450123598,3167580,3,28.56148072959583,SPY,1.7617334676805436,2616.1741995056072,False,False,False,0.5853024912495671,869.1741995056072,False,False,False,371.25,baseline_proxy_not_known_inventory,,296.49,288.0,high,2020
1618101918.7406597,1584108000000000000,1213,2.089945098082291,4725.365866764059,False,False,False,0.25801232497304705,583.3658667640593,False,False,False,-1.0,2020-03-13,0DTE,9aefce4864bf0b799d6e1ea8ba60646226a5561d63fda0ba9b84f3c73e2e3714,21960000000000,1584129960000000000,1.0899450980822907,2464.3658667640593,False,False,False,True,other,1584129960000000000,11.752541407076867,key_gamma,SPY:2020-03-13:key_gamma:1:251.0,-37920000000000,1584070080000000000,0.741987675026953,1677.6341332359407,False,False,False,False,overnight_or_pre,1584070080000000000,ok,7361.908533308985,3022402,1,29.330312881709105,SPY,1.068715553632932,2416.3658667640593,False,False,False,0.1232349107633528,278.6341332359407,False,False,False,565.25,baseline_proxy_not_known_inventory,-119977830.135341,256.58,251.0,high,2020
1618101918.7406597,1584108000000000000,1213,2.4012796886002112,5429.293375925077,False,False,False,0.5693469154909674,1287.2933759250773,False,False,False,-1.0,2020-03-13,0DTE,9aefce4864bf0b799d6e1ea8ba60646226a5561d63fda0ba9b84f3c73e2e3714,21960000000000,1584129960000000000,1.401279688600211,3168.2933759250773,False,False,False,True,other,1584129960000000000,11.752541407076867,call_wall,SPY:2020-03-13:call_wall:1:245.0,-37920000000000,1584070080000000000,0.4306530845090326,973.7066240749227,False,False,False,False,overnight_or_pre,1584070080000000000,ok,7185.926656018731,3022402,1,29.330312881709105,SPY,1.3800501441508524,3120.2933759250773,False,False,False,0.18809967975456757,425.29337592507727,False,False,False,565.25,baseline_proxy_not_known_inventory,43478532.84017904,256.58,245.0,high,2020
1618101918.7406597,1584108000000000000,1213,2.089945098082291,4725.365866764059,False,False,False,0.25801232497304705,583.3658667640593,False,False,False,-1.0,2020-03-13,0DTE,9aefce4864bf0b799d6e1ea8ba60646226a5561d63fda0ba9b84f3c73e2e3714,21960000000000,1584129960000000000,1.0899450980822907,2464.3658667640593,False,False,False,True,other,1584129960000000000,11.752541407076867,put_wall,SPY:2020-03-13:put_wall:1:251.0,-37920000000000,1584070080000000000,0.741987675026953,1677.6341332359407,False,False,False,False,overnight_or_pre,1584070080000000000,ok,7361.908533308985,3022402,1,29.330312881709105,SPY,1.068715553632932,2416.3658667640593,False,False,False,0.1232349107633528,278.6341332359407,False,False,False,565.25,baseline_proxy_not_known_inventory,-119977830.135341,256.58,251.0,high,2020
1618101918.7406597,1584108000000000000,1213,0.698507149091547,1579.3246640959878,False,False,False,1.1334256240176968,2562.675335904012,False,False,False,2.0,2020-03-13,0DTE,9aefce4864bf0b799d6e1ea8ba60646226a5561d63fda0ba9b84f3c73e2e3714,21960000000000,1584129960000000000,2.698507149091547,6101.324664095988,False,False,False,True,other,1584129960000000000,11.752541407076867,gamma_flip,SPY:2020-03-13:gamma_flip:1:220.0,-37920000000000,1584070080000000000,0.8665743759823034,1959.3246640959878,False,False,False,False,overnight_or_pre,1584070080000000000,ok,6452.668833976003,3022402,1,29.330312881709105,SPY,2.6772776046421884,6053.324664095988,False,False,False,1.4853271402459034,3358.324664095988,False,False,False,565.25,baseline_proxy_not_known_inventory,,256.58,220.0,high,2020
1618101918.7406597,1584108000000000000,1213,0.1695003940159768,383.2403908701235,False,False,False,2.0014331671252203,4525.2403908701235,False,False,False,1.0,2020-03-13,0DTE,9aefce4864bf0b799d6e1ea8ba60646226a5561d63fda0ba9b84f3c73e2e3714,21960000000000,1584129960000000000,0.8304996059840232,1877.7596091298765,False,False,False,True,other,1584129960000000000,11.752541407076867,max_pain,SPY:2020-03-13:max_pain:1:256.0,-37920000000000,1584070080000000000,1.0014331671252206,2264.2403908701235,False,False,False,False,overnight_or_pre,1584070080000000000,ok,7508.560097717531,3022402,1,29.330312881709105,SPY,0.8092700615346645,1829.7596091298765,False,False,False,0.3826804028616203,865.2403908701235,False,False,False,565.25,baseline_proxy_not_known_inventory,,256.58,256.0,high,2020
1618101918.7406597,1584108000000000000,1213,0.08994509808229072,203.36586676405932,False,False,False,1.741987675026953,3938.6341332359407,False,False,False,1.0,2020-03-13,0DTE,9aefce4864bf0b799d6e1ea8ba60646226a5561d63fda0ba9b84f3c73e2e3714,21960000000000,1584129960000000000,1.0899450980822907,2464.3658667640593,False,False,False,True,other,1584129960000000000,11.752541407076867,top_gamma,SPY:2020-03-13:top_gamma:1:251.0,-37920000000000,1584070080000000000,0.741987675026953,1677.6341332359407,False,False,False,False,overnight_or_pre,1584070080000000000,ok,7361.908533308985,3022402,1,29.330312881709105,SPY,1.068715553632932,2416.3658667640593,False,False,False,0.1232349107633528,278.6341332359407,False,False,False,565.25,baseline_proxy_not_known_inventory,,256.58,251.0,high,2020
1618101918.7406597,1584108000000000000,1213,0.40127968860021107,907.2933759250773,False,False,False,1.4306530845090326,3234.7066240749227,False,False,False,1.0,2020-03-13,0DTE,9aefce4864bf0b799d6e1ea8ba60646226a5561d63fda0ba9b84f3c73e2e3714,21960000000000,1584129960000000000,1.401279688600211,3168.2933759250773,False,False,False,True,other,1584129960000000000,11.752541407076867,top_gamma,SPY:2020-03-13:top_gamma:2:245.0,-37920000000000,1584070080000000000,0.4306530845090326,973.7066240749227,False,False,False,False,overnight_or_pre,1584070080000000000,ok,7185.926656018731,3022402,2,29.330312881709105,SPY,1.3800501441508524,3120.2933759250773,False,False,False,0.18809967975456757,425.29337592507727,False,False,False,565.25,baseline_proxy_not_known_inventory,,256.58,245.0,high,2020
1618101918.7406597,1584108000000000000,1213,3.4012796886002112,7690.293375925077,False,False,False,1.5693469154909674,3548.2933759250773,False,False,False,-2.0,2020-03-13,0DTE,9aefce4864bf0b799d6e1ea8ba60646226a5561d63fda0ba9b84f3c73e2e3714,21960000000000,1584129960000000000,1.401279688600211,3168.2933759250773,False,False,False,True,other,1584129960000000000,11.752541407076867,top_gamma,SPY:2020-03-13:top_gamma:3:245.0,-37920000000000,1584070080000000000,0.4306530845090326,973.7066240749227,False,False,False,False,overnight_or_pre,1584070080000000000,ok,7185.926656018731,3022402,3,29.330312881709105,SPY,1.3800501441508524,3120.2933759250773,False,False,False,0.18809967975456757,425.29337592507727,False,False,False,565.25,baseline_proxy_not_known_inventory,,256.58,245.0,high,2020
1618101918.7406597,1584108000000000000,1213,3.7639553149986487,8510.302967211945,False,False,False,5.595888088107892,12652.302967211945,False,False,False,2.0,2020-03-13,0DTE,9aefce4864bf0b799d6e1ea8ba60646226a5561d63fda0ba9b84f3c73e2e3714,21960000000000,1584129960000000000,1.7639553149986487,3988.3029672119446,False,False,False,True,other,1584129960000000000,11.752541407076867,top_vanna,SPY:2020-03-13:top_vanna:1:306.0,-37920000000000,1584070080000000000,3.5958880881078925,8130.302967211945,False,False,False,False,overnight_or_pre,1584070080000000000,ok,8975.075741802986,3022402,1,29.330312881709105,SPY,1.7851848594480073,4036.3029672119446,False,False,False,2.9771353238442924,6731.302967211945,False,False,False,565.25,baseline_proxy_not_known_inventory,,256.58,306.0,high,2020
1618101918.7406597,1584108000000000000,1213,0.6370503423319946,1440.3708240126398,False,False,False,1.1948824307772492,2701.62917598736,False,False,False,-1.0,2020-03-13,0DTE,9aefce4864bf0b799d6e1ea8ba60646226a5561d63fda0ba9b84f3c73e2e3714,21960000000000,1584129960000000000,0.3629496576680054,820.6291759873602,False,False,False,True,other,1584129960000000000,11.752541407076867,top_vanna,SPY:2020-03-13:top_vanna:2:279.0,-37920000000000,1584070080000000000,2.194882430777249,4962.62917598736,False,False,False,False,overnight_or_pre,1584070080000000000,ok,8183.15729399684,3022402,2,29.330312881709105,SPY,0.3841792021173641,868.6291759873602,False,False,False,1.5761296665136488,3563.62917598736,False,False,False,565.25,baseline_proxy_not_known_inventory,,256.58,279.0,high,2020
1618101918.7406597,1584108000000000000,1213,0.9201706727967461,2080.505891193443,False,False,False,0.9117621003124976,2061.494108806557,False,False,False,1.0,2020-03-13,0DTE,9aefce4864bf0b799d6e1ea8ba60646226a5561d63fda0ba9b84f3c73e2e3714,21960000000000,1584129960000000000,1.920170672796746,4341.505891193443,False,False,False,True,other,1584129960000000000,11.752541407076867,top_vanna,SPY:2020-03-13:top_vanna:3:235.0,-37920000000000,1584070080000000000,0.08823789968750241,199.50589119344295,False,False,False,False,overnight_or_pre,1584070080000000000,ok,6892.623527201639,3022402,3,29.330312881709105,SPY,1.8989411283473874,4293.505891193443,False,False,False,0.7069906639511025,1598.505891193443,False,False,False,565.25,baseline_proxy_not_known_inventory,,256.58,235.0,high,2020
1618101918.7406597,1584108000000000000,1213,2.089945098082291,4725.365866764059,False,False,False,0.25801232497304705,583.3658667640593,False,False,False,-1.0,2020-03-13,0DTE,9aefce4864bf0b799d6e1ea8ba60646226a5561d63fda0ba9b84f3c73e2e3714,21960000000000,1584129960000000000,1.0899450980822907,2464.3658667640593,False,False,False,True,other,1584129960000000000,11.752541407076867,top_vega,SPY:2020-03-13:top_vega:1:251.0,-37920000000000,1584070080000000000,0.741987675026953,1677.6341332359407,False,False,False,False,overnight_or_pre,1584070080000000000,ok,7361.908533308985,3022402,1,29.330312881709105,SPY,1.068715553632932,2416.3658667640593,False,False,False,0.1232349107633528,278.6341332359407,False,False,False,565.25,baseline_proxy_not_known_inventory,,256.58,251.0,high,2020
1618101918.7406597,1584108000000000000,1213,3.7645033775377845,8511.54213661293,False,False,False,1.9325706044285407,4369.54213661293,False,False,False,-2.0,2020-03-13,0DTE,9aefce4864bf0b799d6e1ea8ba60646226a5561d63fda0ba9b84f3c73e2e3714,21960000000000,1584129960000000000,1.7645033775377843,3989.5421366129303,False,False,False,True,other,1584129960000000000,11.752541407076867,top_vega,SPY:2020-03-13:top_vega:2:238.0,-37920000000000,1584070080000000000,0.06742939557145938,152.45786338706966,False,False,False,False,overnight_or_pre,1584070080000000000,ok,6980.614465846767,3022402,2,29.330312881709105,SPY,1.7432738330884257,3941.5421366129303,False,False,False,0.5513233686921408,1246.5421366129303,False,False,False,565.25,baseline_proxy_not_known_inventory,,256.58,238.0,high,2020
1618101918.7406597,1584108000000000000,1213,0.5987203113997905,1353.7066240749264,False,False,False,2.4306530845090344,5495.706624074926,False,False,False,2.0,2020-03-13,0DTE,9aefce4864bf0b799d6e1ea8ba60646226a5561d63fda0ba9b84f3c73e2e3714,21960000000000,1584129960000000000,1.401279688600211,3168.2933759250773,False,False,False,True,other,1584129960000000000,11.752541407076867,top_vega,SPY:2020-03-13:top_vega:3:245.0,-37920000000000,1584070080000000000,0.4306530845090326,973.7066240749227,False,False,False,False,overnight_or_pre,1584070080000000000,ok,7185.926656018731,3022402,3,29.330312881709105,SPY,1.3800501441508524,3120.2933759250773,False,False,False,0.18809967975456757,425.29337592507727,False,False,False,565.25,baseline_proxy_not_known_inventory,,256.58,245.0,high,2020
2045510134.8076642,1585749600000000000,1175,3.234486716231149,3202.1418490688375,False,False,False,4.7264059081503405,4679.1418490688375,False,False,False,2.0,2020-04-01,0DTE,9aefce4864bf0b799d6e1ea8ba60646226a5561d63fda0ba9b84f3c73e2e3714,-57600000000000,1585692000000000000,1.2344867162311453,1222.1418490688338,False,False,False,False,overnight_or_pre,1585692000000000000,6.264077576812221,key_gamma,SPY:2020-04-01:key_gamma:1:267.0,20640000000000,1585770240000000000,2.7264059081503373,2699.141849068834,False,False,False,True,rth,1585770240000000000,ok,8079.0354622672085,3423760,1,30.258559783772316,SPY,1.600143281887711,1584.1418490688338,False,False,False,2.7264059081503373,2699.141849068834,False,False,False,247.5,baseline_proxy_not_known_inventory,134455121.4429257,248.88,267.0,high,2020
2045510134.8076642,1585749600000000000,1175,2.234486716231149,2212.1418490688375,False,False,False,3.726405908150341,3689.1418490688375,False,False,False,1.0,2020-04-01,0DTE,9aefce4864bf0b799d6e1ea8ba60646226a5561d63fda0ba9b84f3c73e2e3714,-57600000000000,1585692000000000000,1.2344867162311453,1222.1418490688338,False,False,False,False,overnight_or_pre,1585692000000000000,6.264077576812221,call_wall,SPY:2020-04-01:call_wall:1:267.0,20640000000000,1585770240000000000,2.7264059081503373,2699.141849068834,False,False,False,True,rth,1585770240000000000,ok,8079.0354622672085,3423760,1,30.258559783772316,SPY,1.600143281887711,1584.1418490688338,False,False,False,2.7264059081503373,2699.141849068834,False,False,False,247.5,baseline_proxy_not_known_inventory,134455121.4429257,248.88,267.0,high,2020
2045510134.8076642,1585749600000000000,1175,6.144812800883933,6083.364672875094,False,False,False,4.6528936089647415,4606.364672875094,False,False,False,-2.0,2020-04-01,0DTE,9aefce4864bf0b799d6e1ea8ba60646226a5561d63fda0ba9b84f3c73e2e3714,-57600000000000,1585692000000000000,4.144812800883933,4103.364672875094,False,False,False,False,overnight_or_pre,1585692000000000000,6.264077576812221,put_wall,SPY:2020-04-01:put_wall:1:223.0,20640000000000,1585770240000000000,2.652893608964741,2626.3646728750937,False,False,False,True,rth,1585770240000000000,ok,6747.658831781227,3423760,1,30.258559783772316,SPY,3.7791562352273673,3741.3646728750937,False,False,False,2.652893608964741,2626.3646728750937,False,False,False,247.5,baseline_proxy_not_known_inventory,-101803783.89394537,248.88,223.0,high,2020
2045510134.8076642,1585749600000000000,1175,4.22317852340567,4180.946738171613,False,False,False,2.731259331486478,2703.946738171613,False,False,False,2.0,2020-04-01,0DTE,9aefce4864bf0b799d6e1ea8ba60646226a5561d63fda0ba9b84f3c73e2e3714,-57600000000000,1585692000000000000,6.22317852340567,6160.946738171613,False,False,False,False,overnight_or_pre,1585692000000000000,6.264077576812221,gamma_flip,SPY:2020-04-01:gamma_flip:1:206.0,20640000000000,1585770240000000000,4.731259331486478,4683.946738171613,False,False,False,True,rth,1585770240000000000,ok,6233.263315457097,3423760,1,30.258559783772316,SPY,5.857521957749104,5798.946738171613,False,False,False,4.731259331486478,4683.946738171613,False,False,False,247.5,baseline_proxy_not_known_inventory,,248.88,206.0,high,2020
2045510134.8076642,1585749600000000000,1175,1.4332174999836798,1418.885324983843,False,False,False,0.0587016919355121,58.11467501615698,False,False,False,1.0,2020-04-01,0DTE,9aefce4864bf0b799d6e1ea8ba60646226a5561d63fda0ba9b84f3c73e2e3714,-57600000000000,1585692000000000000,2.4332174999836798,2408.885324983843,False,False,False,False,overnight_or_pre,1585692000000000000,6.264077576812221,max_pain,SPY:2020-04-01:max_pain:1:237.0,20640000000000,1585770240000000000,0.9412983080644879,931.885324983843,False,False,False,True,rth,1585770240000000000,ok,7171.278668754039,3423760,1,30.258559783772316,SPY,2.067560934327114,2046.885324983843,False,False,False,0.9412983080644879,931.885324983843,False,False,False,247.5,baseline_proxy_not_known_inventory,,248.88,237.0,high,2020
2045510134.8076642,1585749600000000000,1175,2.234486716231149,2212.1418490688375,False,False,False,3.726405908150341,3689.1418490688375,False,False,False,1.0,2020-04-01,0DTE,9aefce4864bf0b799d6e1ea8ba60646226a5561d63fda0ba9b84f3c73e2e3714,-57600000000000,1585692000000000000,1.2344867162311453,1222.1418490688338,False,False,False,False,overnight_or_pre,1585692000000000000,6.264077576812221,top_gamma,SPY:2020-04-01:top_gamma:1:267.0,20640000000000,1585770240000000000,2.7264059081503373,2699.141849068834,False,False,False,True,rth,1585770240000000000,ok,8079.0354622672085,3423760,1,30.258559783772316,SPY,1.600143281887711,1584.1418490688338,False,False,False,2.7264059081503373,2699.141849068834,False,False,False,247.5,baseline_proxy_not_known_inventory,,248.88,267.0,high,2020
2045510134.8076642,1585749600000000000,1175,3.144812800883933,3113.3646728750937,False,False,False,1.652893608964741,1636.3646728750937,False,False,False,1.0,2020-04-01,0DTE,9aefce4864bf0b799d6e1ea8ba60646226a5561d63fda0ba9b84f3c73e2e3714,-57600000000000,1585692000000000000,4.144812800883933,4103.364672875094,False,False,False,False,overnight_or_pre,1585692000000000000,6.264077576812221,top_gamma,SPY:2020-04-01:top_gamma:2:223.0,20640000000000,1585770240000000000,2.652893608964741,2626.3646728750937,False,False,False,True,rth,1585770240000000000,ok,6747.658831781227,3423760,2,30.258559783772316,SPY,3.7791562352273673,3741.3646728750937,False,False,False,2.652893608964741,2626.3646728750937,False,False,False,247.5,baseline_proxy_not_known_inventory,,248.88,223.0,high,2020
2045510134.8076642,1585749600000000000,1175,0.15612099370941215,154.55978377231804,False,False,False,1.648040185628604,1631.559783772318,False,False,False,1.0,2020-04-01,0DTE,9aefce4864bf0b799d6e1ea8ba60646226a5561d63fda0ba9b84f3c73e2e3714,-57600000000000,1585692000000000000,0.8438790062905879,835.440216227682,False,False,False,False,overnight_or_pre,1585692000000000000,6.264077576812221,top_gamma,SPY:2020-04-01:top_gamma:3:250.0,20640000000000,1585770240000000000,0.6480401856286041,641.559783772318,False,False,False,True,rth,1585770240000000000,ok,7564.6399459430795,3423760,3,30.258559783772316,SPY,0.4782224406340222,473.44021622768196,False,False,False,0.6480401856286041,641.559783772318,False,False,False,247.5,baseline_proxy_not_known_inventory,,248.88,250.0,high,2020
2045510134.8076642,1585749600000000000,1175,0.23448671623114528,232.14184906883384,False,False,False,1.7264059081503371,1709.1418490688338,False,False,False,-1.0,2020-04-01,0DTE,9aefce4864bf0b799d6e1ea8ba60646226a5561d63fda0ba9b84f3c73e2e3714,-57600000000000,1585692000000000000,1.2344867162311453,1222.1418490688338,False,False,False,False,overnight_or_pre,1585692000000000000,6.264077576812221,top_vanna,SPY:2020-04-01:top_vanna:1:267.0,20640000000000,1585770240000000000,2.7264059081503373,2699.141849068834,False,False,False,True,rth,1585770240000000000,ok,8079.0354622672085,3423760,1,30.258559783772316,SPY,1.600143281887711,1584.1418490688338,False,False,False,2.7264059081503373,2699.141849068834,False,False,False,247.5,baseline_proxy_not_known_inventory,,248.88,267.0,high,2020
2045510134.8076642,1585749600000000000,1175,6.144812800883933,6083.364672875094,False,False,False,4.6528936089647415,4606.364672875094,False,False,False,-2.0,2020-04-01,0DTE,9aefce4864bf0b799d6e1ea8ba60646226a5561d63fda0ba9b84f3c73e2e3714,-57600000000000,1585692000000000000,4.144812800883933,4103.364672875094,False,False,False,False,overnight_or_pre,1585692000000000000,6.264077576812221,top_vanna,SPY:2020-04-01:top_vanna:2:223.0,20640000000000,1585770240000000000,2.652893608964741,2626.3646728750937,False,False,False,True,rth,1585770240000000000,ok,6747.658831781227,3423760,2,30.258559783772316,SPY,3.7791562352273673,3741.3646728750937,False,False,False,2.652893608964741,2626.3646728750937,False,False,False,247.5,baseline_proxy_not_known_inventory,,248.88,223.0,high,2020
2045510134.8076642,1585749600000000000,1175,7.489637680162702,7414.741303361076,False,False,False,5.99771848824351,5937.741303361076,False,False,False,-2.0,2020-04-01,0DTE,9aefce4864bf0b799d6e1ea8ba60646226a5561d63fda0ba9b84f3c73e2e3714,-57600000000000,1585692000000000000,5.489637680162702,5434.741303361076,False,False,False,False,overnight_or_pre,1585692000000000000,6.264077576812221,top_vanna,SPY:2020-04-01:top_vanna:3:212.0,20640000000000,1585770240000000000,3.997718488243511,3957.7413033610756,False,False,False,True,rth,1585770240000000000,ok,6414.814674159731,3423760,3,30.258559783772316,SPY,5.123981114506137,5072.741303361076,False,False,False,3.997718488243511,3957.7413033610756,False,False,False,247.5,baseline_proxy_not_known_inventory,,248.88,212.0,high,2020
2045510134.8076642,1585749600000000000,1175,6.144812800883933,6083.364672875094,False,False,False,4.6528936089647415,4606.364672875094,False,False,False,-2.0,2020-04-01,0DTE,9aefce4864bf0b799d6e1ea8ba60646226a5561d63fda0ba9b84f3c73e2e3714,-57600000000000,1585692000000000000,4.144812800883933,4103.364672875094,False,False,False,False,overnight_or_pre,1585692000000000000,6.264077576812221,top_vega,SPY:2020-04-01:top_vega:1:223.0,20640000000000,1585770240000000000,2.652893608964741,2626.3646728750937,False,False,False,True,rth,1585770240000000000,ok,6747.658831781227,3423760,1,30.258559783772316,SPY,3.7791562352273673,3741.3646728750937,False,False,False,2.652893608964741,2626.3646728750937,False,False,False,247.5,baseline_proxy_not_known_inventory,,248.88,223.0,high,2020
2045510134.8076642,1585749600000000000,1175,0.15612099370941215,154.55978377231804,False,False,False,1.648040185628604,1631.559783772318,False,False,False,1.0,2020-04-01,0DTE,9aefce4864bf0b799d6e1ea8ba60646226a5561d63fda0ba9b84f3c73e2e3714,-57600000000000,1585692000000000000,0.8438790062905879,835.440216227682,False,False,False,False,overnight_or_pre,1585692000000000000,6.264077576812221,top_vega,SPY:2020-04-01:top_vega:2:250.0,20640000000000,1585770240000000000,0.6480401856286041,641.559783772318,False,False,False,True,rth,1585770240000000000,ok,7564.6399459430795,3423760,2,30.258559783772316,SPY,0.4782224406340222,473.44021622768196,False,False,False,0.6480401856286041,641.559783772318,False,False,False,247.5,baseline_proxy_not_known_inventory,,248.88,250.0,high,2020
2045510134.8076642,1585749600000000000,1175,0.8219334639478775,813.7141293083987,False,False,False,0.6699857279713144,663.2858706916013,False,False,False,1.0,2020-04-01,0DTE,9aefce4864bf0b799d6e1ea8ba60646226a5561d63fda0ba9b84f3c73e2e3714,-57600000000000,1585692000000000000,1.8219334639478775,1803.7141293083987,False,False,False,False,overnight_or_pre,1585692000000000000,6.264077576812221,top_vega,SPY:2020-04-01:top_vega:3:242.0,20640000000000,1585770240000000000,0.33001427202868555,326.7141293083987,False,False,False,True,rth,1585770240000000000,ok,7322.5714676729,3423760,3,30.258559783772316,SPY,1.456276898291312,1441.7141293083987,False,False,False,0.33001427202868555,326.7141293083987,False,False,False,247.5,baseline_proxy_not_known_inventory,,248.88,242.0,high,2020
3268179187.1637883,1591020000000000000,911,0.9801038041289286,782.122835694885,False,False,False,0.20065518257504386,160.122835694885,False,False,False,-1.0,2020-06-01,0DTE,9aefce4864bf0b799d6e1ea8ba60646226a5561d63fda0ba9b84f3c73e2e3714,13080000000000,1591033080000000000,0.019896195871071432,15.877164305115002,True,False,False,True,rth,1591033080000000000,2.93881470275512,key_gamma,SPY:2020-06-01:key_gamma:1:307.0,-56700000000000,1590963300000000000,0.7993448174249561,637.877164305115,False,False,False,False,overnight_or_pre,1590963300000000000,ok,9609.719291076279,2756151,1,31.30201723477615,SPY,0.019896195871071432,15.877164305115002,True,False,False,0.5211493287031517,415.877164305115,False,False,False,199.5,baseline_proxy_not_known_inventory,595296498.6791036,304.21,307.0,mid,2020
3268179187.1637883,1591020000000000000,911,0.9801038041289286,782.122835694885,False,False,False,0.20065518257504386,160.122835694885,False,False,False,-1.0,2020-06-01,0DTE,9aefce4864bf0b799d6e1ea8ba60646226a5561d63fda0ba9b84f3c73e2e3714,13080000000000,1591033080000000000,0.019896195871071432,15.877164305115002,True,False,False,True,rth,1591033080000000000,2.93881470275512,call_wall,SPY:2020-06-01:call_wall:1:307.0,-56700000000000,1590963300000000000,0.7993448174249561,637.877164305115,False,False,False,False,overnight_or_pre,1590963300000000000,ok,9609.719291076279,2756151,1,31.30201723477615,SPY,0.019896195871071432,15.877164305115002,True,False,False,0.5211493287031517,415.877164305115,False,False,False,199.5,baseline_proxy_not_known_inventory,595296498.6791036,304.21,307.0,mid,2020
3268179187.1637883,1591020000000000000,911,1.235384485726304,985.8368196095907,False,False,False,2.014833107280189,1607.8368196095907,False,False,False,2.0,2020-06-01,0DTE,9aefce4864bf0b799d6e1ea8ba60646226a5561d63fda0ba9b84f3c73e2e3714,13080000000000,1591033080000000000,0.7646155142736958,610.1631803904093,False,False,False,True,rth,1591033080000000000,2.93881470275512,put_wall,SPY:2020-06-01:put_wall:1:302.0,-56700000000000,1590963300000000000,0.014833107280188907,11.836819609590748,True,False,False,False,overnight_or_pre,1590963300000000000,ok,9453.209204902398,2756151,1,31.30201723477615,SPY,0.7646155142736958,610.1631803904093,False,False,False,0.2633623814416156,210.16318039040925,False,False,False,199.5,baseline_proxy_not_known_inventory,-59239415.08504376,304.21,302.0,mid,2020
3268179187.1637883,1591020000000000000,911,6.511416221518687,5196.110144771912,False,False,False,5.731967599964802,4574.110144771912,False,False,False,1.0,2020-06-01,0DTE,9aefce4864bf0b799d6e1ea8ba60646226a5561d63fda0ba9b84f3c73e2e3714,13080000000000,1591033080000000000,7.511416221518682,5994.110144771908,False,False,False,True,rth,1591033080000000000,2.93881470275512,gamma_flip,SPY:2020-06-01:gamma_flip:1:259.0,-56700000000000,1590963300000000000,6.731967599964798,5372.110144771908,False,False,False,False,overnight_or_pre,1590963300000000000,ok,8107.222463807023,2756151,1,31.30201723477615,SPY,7.511416221518682,5994.110144771908,False,False,False,7.0101630886866015,5594.110144771908,False,False,False,199.5,baseline_proxy_not_known_inventory,,304.21,259.0,mid,2020
3268179187.1637883,1591020000000000000,911,3.862931908476368,3082.6196629641418,False,False,False,3.0834832869224833,2460.6196629641418,False,False,False,-2.0,2020-06-01,0DTE,9aefce4864bf0b799d6e1ea8ba60646226a5561d63fda0ba9b84f3c73e2e3714,13080000000000,1591033080000000000,1.862931908476368,1486.6196629641418,False,False,False,True,rth,1591033080000000000,2.93881470275512,max_pain,SPY:2020-06-01:max_pain:1:295.0,-56700000000000,1590963300000000000,1.0834832869224833,864.6196629641418,False,False,False,False,overnight_or_pre,1590963300000000000,ok,9234.095084258965,2756151,1,31.30201723477615,SPY,1.862931908476368,1486.6196629641418,False,False,False,1.3616787756442879,1086.6196629641418,False,False,False,199.5,baseline_proxy_not_known_inventory,,304.21,295.0,mid,2020
3268179187.1637883,1591020000000000000,911,2.0198961958710715,1611.877164305115,False,False,False,2.7993448174249562,2233.877164305115,False,False,False,2.0,2020-06-01,0DTE,9aefce4864bf0b799d6e1ea8ba60646226a5561d63fda0ba9b84f3c73e2e3714,13080000000000,1591033080000000000,0.019896195871071432,15.877164305115002,True,False,False,True,rth,1591033080000000000,2.93881470275512,top_gamma,SPY:2020-06-01:top_gamma:1:307.0,-56700000000000,1590963300000000000,0.7993448174249561,637.877164305115,False,False,False,False,overnight_or_pre,1590963300000000000,ok,9609.719291076279,2756151,1,31.30201723477615,SPY,0.019896195871071432,15.877164305115002,True,False,False,0.5211493287031517,415.877164305115,False,False,False,199.5,baseline_proxy_not_known_inventory,,304.21,307.0,mid,2020
3268179187.1637883,1591020000000000000,911,0.45087277558153693,359.7964749140665,False,False,False,1.2303213971354217,981.7964749140665,False,False,False,2.0,2020-06-01,0DTE,9aefce4864bf0b799d6e1ea8ba60646226a5561d63fda0ba9b84f3c73e2e3714,13080000000000,1591033080000000000,1.549127224418463,1236.2035250859335,False,False,False,True,rth,1591033080000000000,2.93881470275512,top_gamma,SPY:2020-06-01:top_gamma:2:297.0,-56700000000000,1590963300000000000,0.7696786028645783,614.2035250859335,False,False,False,False,overnight_or_pre,1590963300000000000,ok,9296.699118728517,2756151,2,31.30201723477615,SPY,1.549127224418463,1236.2035250859335,False,False,False,1.047874091586383,836.2035250859335,False,False,False,199.5,baseline_proxy_not_known_inventory,,304.21,297.0,mid,2020
3268179187.1637883,1591020000000000000,911,1.3922868277552614,1111.0448885486985,False,False,False,2.171735449309146,1733.0448885486985,False,False,False,2.0,2020-06-01,0DTE,9aefce4864bf0b799d6e1ea8ba60646226a5561d63fda0ba9b84f3c73e2e3714,13080000000000,1591033080000000000,0.6077131722447388,484.9551114513015,False,False,False,True,rth,1591033080000000000,2.93881470275512,top_gamma,SPY:2020-06-01:top_gamma:3:303.0,-56700000000000,1590963300000000000,0.171735449309146,137.0448885486985,False,False,False,False,overnight_or_pre,1590963300000000000,ok,9484.511222137175,2756151,3,31.30201723477615,SPY,0.6077131722447388,484.9551114513015,False,False,False,0.10646003941265851,84.95511145130149,False,False,False,199.5,baseline_proxy_not_known_inventory,,304.21,303.0,mid,2020
3268179187.1637883,1591020000000000000,911,1.0198961958710715,813.877164305115,False,False,False,1.7993448174249562,1435.877164305115,False,False,False,1.0,2020-06-01,0DTE,9aefce4864bf0b799d6e1ea8ba60646226a5561d63fda0ba9b84f3c73e2e3714,13080000000000,1591033080000000000,0.019896195871071432,15.877164305115002,True,False,False,True,rth,1591033080000000000,2.93881470275512,top_vanna,SPY:2020-06-01:top_vanna:1:307.0,-56700000000000,1590963300000000000,0.7993448174249561,637.877164305115,False,False,False,False,overnight_or_pre,1590963300000000000,ok,9609.719291076279,2756151,1,31.30201723477615,SPY,0.019896195871071432,15.877164305115002,True,False,False,0.5211493287031517,415.877164305115,False,False,False,199.5,baseline_proxy_not_known_inventory,,304.21,307.0,mid,2020
3268179187.1637883,1591020000000000000,911,3.588919616160606,2863.9578536961635,False,False,False,4.368368237714491,3485.9578536961635,False,False,False,2.0,2020-06-01,0DTE,9aefce4864bf0b799d6e1ea8ba60646226a5561d63fda0ba9b84f3c73e2e3714,13080000000000,1591033080000000000,1.5889196161606058,1267.9578536961635,False,False,False,True,rth,1591033080000000000,2.93881470275512,top_vanna,SPY:2020-06-01:top_vanna:2:317.0,-56700000000000,1590963300000000000,2.3683682377144906,1889.9578536961635,False,False,False,False,overnight_or_pre,1590963300000000000,ok,9922.73946342404,2756151,2,31.30201723477615,SPY,1.5889196161606058,1267.9578536961635,False,False,False,2.090172748992686,1667.9578536961635,False,False,False,199.5,baseline_proxy_not_known_inventory,,304.21,317.0,mid,2020
3268179187.1637883,1591020000000000000,911,2.84407640702648,2269.572972807131,False,False,False,2.064627785472595,1647.572972807131,False,False,False,2.0,2020-06-01,0DTE,9aefce4864bf0b799d6e1ea8ba60646226a5561d63fda0ba9b84f3c73e2e3714,13080000000000,1591033080000000000,4.84407640702648,3865.572972807131,False,False,False,True,rth,1591033080000000000,2.93881470275512,top_vanna,SPY:2020-06-01:top_vanna:3:276.0,-56700000000000,1590963300000000000,4.064627785472595,3243.572972807131,False,False,False,False,overnight_or_pre,1590963300000000000,ok,8639.356756798217,2756151,3,31.30201723477615,SPY,4.84407640702648,3865.572972807131,False,False,False,4.3428232741944,3465.572972807131,False,False,False,199.5,baseline_proxy_not_known_inventory,,304.21,276.0,mid,2020
3268179187.1637883,1591020000000000000,911,0.9801038041289286,782.122835694885,False,False,False,0.20065518257504386,160.122835694885,False,False,False,-1.0,2020-06-01,0DTE,9aefce4864bf0b799d6e1ea8ba60646226a5561d63fda0ba9b84f3c73e2e3714,13080000000000,1591033080000000000,0.019896195871071432,15.877164305115002,True,False,False,True,rth,1591033080000000000,2.93881470275512,top_vega,SPY:2020-06-01:top_vega:1:307.0,-56700000000000,1590963300000000000,0.7993448174249561,637.877164305115,False,False,False,False,overnight_or_pre,1590963300000000000,ok,9609.719291076279,2756151,1,31.30201723477615,SPY,0.019896195871071432,15.877164305115002,True,False,False,0.5211493287031517,415.877164305115,False,False,False,199.5,baseline_proxy_not_known_inventory,,304.21,307.0,mid,2020
3268179187.1637883,1591020000000000000,911,0.9612483026790404,767.0761455378743,False,False,False,0.1817996811251557,145.07614553787425,False,False,False,2.0,2020-06-01,0DTE,9aefce4864bf0b799d6e1ea8ba60646226a5561d63fda0ba9b84f3c73e2e3714,13080000000000,1591033080000000000,2.9612483026790404,2363.0761455378743,False,False,False,True,rth,1591033080000000000,2.93881470275512,top_vega,SPY:2020-06-01:top_vega:2:288.0,-56700000000000,1590963300000000000,2.1817996811251557,1741.0761455378743,False,False,False,False,overnight_or_pre,1590963300000000000,ok,9014.980963615531,2756151,2,31.30201723477615,SPY,2.9612483026790404,2363.0761455378743,False,False,False,2.45999516984696,1963.0761455378743,False,False,False,199.5,baseline_proxy_not_known_inventory,,304.21,288.0,mid,2020
3268179187.1637883,1591020000000000000,911,3.706029566447411,2957.411594025034,False,False,False,2.9265809448935265,2335.411594025034,False,False,False,-2.0,2020-06-01,0DTE,9aefce4864bf0b799d6e1ea8ba60646226a5561d63fda0ba9b84f3c73e2e3714,13080000000000,1591033080000000000,1.706029566447411,1361.411594025034,False,False,False,True,rth,1591033080000000000,2.93881470275512,top_vega,SPY:2020-06-01:top_vega:3:296.0,-56700000000000,1590963300000000000,0.9265809448935263,739.411594025034,False,False,False,False,overnight_or_pre,1590963300000000000,ok,9265.397101493742,2756151,3,31.30201723477615,SPY,1.706029566447411,1361.411594025034,False,False,False,1.2047764336153308,961.411594025034,False,False,False,199.5,baseline_proxy_not_known_inventory,,304.21,296.0,mid,2020
5844654635.883339,1609772400000000000,736,0.3844491075070258,153.01074478779628,False,False,False,4.778921469316071,1902.0107447877963,False,False,False,1.0,2021-01-04,0DTE,bd307da1752b5090947c5d49b7337b6d2d077f9a362e34a89a6824940513a315,-19440000000000,1609752960000000000,0.6155508924929741,244.98925521220372,False,False,False,False,overnight_or_pre,1609752960000000000,2.4308021829024864,key_gamma,SPY:2021-01-04:key_gamma:1:374.0,8100000000000,1609780500000000000,3.778921469316071,1504.0107447877963,False,False,False,True,rth,1609780500000000000,ok,12898.502686196949,2064297,1,34.48797509678329,SPY,0.4296212442517681,170.98925521220372,False,False,False,3.778921469316071,1504.0107447877963,False,False,False,99.5,baseline_proxy_not_known_inventory,-3378757606.957045,373.51,374.0,low,2021
5844654635.883339,1609772400000000000,736,7.4681303030956405,2972.315860632065,False,False,False,3.073657941286595,1223.3158606320649,False,False,False,-2.0,2021-01-04,0DTE,bd307da1752b5090947c5d49b7337b6d2d077f9a362e34a89a6824940513a315,-19440000000000,1609752960000000000,5.4681303030956405,2176.315860632065,False,False,False,False,overnight_or_pre,1609752960000000000,2.4308021829024864,call_wall,SPY:2021-01-04:call_wall:1:360.0,8100000000000,1609780500000000000,1.0736579412865952,427.31586063206487,False,False,False,True,rth,1609780500000000000,ok,12415.671034841984,2064297,1,34.48797509678329,SPY,5.282200654854434,2102.315860632065,False,False,False,1.0736579412865952,427.31586063206487,False,False,False,99.5,baseline_proxy_not_known_inventory,177562608.0361405,373.51,360.0,low,2021
5844654635.883339,1609772400000000000,736,1.6155508924929742,642.9892552122037,False,False,False,2.778921469316071,1106.0107447877963,False,False,False,-1.0,2021-01-04,0DTE,bd307da1752b5090947c5d49b7337b6d2d077f9a362e34a89a6824940513a315,-19440000000000,1609752960000000000,0.6155508924929741,244.98925521220372,False,False,False,False,overnight_or_pre,1609752960000000000,2.4308021829024864,put_wall,SPY:2021-01-04:put_wall:1:374.0,8100000000000,1609780500000000000,3.778921469316071,1504.0107447877963,False,False,False,True,rth,1609780500000000000,ok,12898.502686196949,2064297,1,34.48797509678329,SPY,0.4296212442517681,170.98925521220372,False,False,False,3.778921469316071,1504.0107447877963,False,False,False,99.5,baseline_proxy_not_known_inventory,-3378757606.957045,373.51,374.0,low,2021
5844654635.883339,1609772400000000000,736,16.86651475438708,6712.872872246058,False,False,False,12.472042392578036,4963.872872246058,False,False,False,-1.0,2021-01-04,0DTE,bd307da1752b5090947c5d49b7337b6d2d077f9a362e34a89a6824940513a315,-19440000000000,1609752960000000000,15.866514754387081,6314.872872246058,False,False,False,False,overnight_or_pre,1609752960000000000,2.4308021829024864,gamma_flip,SPY:2021-01-04:gamma_flip:1:330.0,8100000000000,1609780500000000000,11.472042392578036,4565.872872246058,False,False,False,True,rth,1609780500000000000,ok,11381.031781938485,2064297,1,34.48797509678329,SPY,15.680585106145875,6240.872872246058,False,False,False,11.472042392578036,4565.872872246058,False,False,False,99.5,baseline_proxy_not_known_inventory,,373.51,330.0,low,2021
5844654635.883339,1609772400000000000,736,1.3844491075070258,551.0107447877963,False,False,False,5.778921469316071,2300.0107447877963,False,False,False,2.0,2021-01-04,0DTE,bd307da1752b5090947c5d49b7337b6d2d077f9a362e34a89a6824940513a315,-19440000000000,1609752960000000000,0.6155508924929741,244.98925521220372,False,False,False,False,overnight_or_pre,1609752960000000000,2.4308021829024864,max_pain,SPY:2021-01-04:max_pain:1:374.0,8100000000000,1609780500000000000,3.778921469316071,1504.0107447877963,False,False,False,True,rth,1609780500000000000,ok,12898.502686196949,2064297,1,34.48797509678329,SPY,0.4296212442517681,170.98925521220372,False,False,False,3.778921469316071,1504.0107447877963,False,False,False,99.5,baseline_proxy_not_known_inventory,,373.51,374.0,low,2021
5844654635.883339,1609772400000000000,736,1.6155508924929742,642.9892552122037,False,False,False,2.778921469316071,1106.0107447877963,False,False,False,-1.0,2021-01-04,0DTE,bd307da1752b5090947c5d49b7337b6d2d077f9a362e34a89a6824940513a315,-19440000000000,1609752960000000000,0.6155508924929741,244.98925521220372,False,False,False,False,overnight_or_pre,1609752960000000000,2.4308021829024864,top_gamma,SPY:2021-01-04:top_gamma:1:374.0,8100000000000,1609780500000000000,3.778921469316071,1504.0107447877963,False,False,False,True,rth,1609780500000000000,ok,12898.502686196949,2064297,1,34.48797509678329,SPY,0.4296212442517681,170.98925521220372,False,False,False,3.778921469316071,1504.0107447877963,False,False,False,99.5,baseline_proxy_not_known_inventory,,373.51,374.0,low,2021
5844654635.883339,1609772400000000000,736,7.4681303030956405,2972.315860632065,False,False,False,3.073657941286595,1223.3158606320649,False,False,False,-2.0,2021-01-04,0DTE,bd307da1752b5090947c5d49b7337b6d2d077f9a362e34a89a6824940513a315,-19440000000000,1609752960000000000,5.4681303030956405,2176.315860632065,False,False,False,False,overnight_or_pre,1609752960000000000,2.4308021829024864,top_gamma,SPY:2021-01-04:top_gamma:2:360.0,8100000000000,1609780500000000000,1.0736579412865952,427.31586063206487,False,False,False,True,rth,1609780500000000000,ok,12415.671034841984,2064297,2,34.48797509678329,SPY,5.282200654854434,2102.315860632065,False,False,False,1.0736579412865952,427.31586063206487,False,False,False,99.5,baseline_proxy_not_known_inventory,,373.51,360.0,low,2021
5844654635.883339,1609772400000000000,736,5.428291857966506,2160.460159470669,False,False,False,1.0338194961574603,411.46015947066917,False,False,False,-1.0,2021-01-04,0DTE,bd307da1752b5090947c5d49b7337b6d2d077f9a362e34a89a6824940513a315,-19440000000000,1609752960000000000,4.428291857966506,1762.4601594706692,False,False,False,False,overnight_or_pre,1609752960000000000,2.4308021829024864,top_gamma,SPY:2021-01-04:top_gamma:3:363.0,8100000000000,1609780500000000000,0.03381949615746022,13.460159470669169,True,False,False,True,rth,1609780500000000000,ok,12519.134960132333,2064297,3,34.48797509678329,SPY,4.242362209725299,1688.4601594706692,False,False,False,0.03381949615746022,13.460159470669169,True,False,False,99.5,baseline_proxy_not_known_inventory,,373.51,363.0,low,2021
5844654635.883339,1609772400000000000,736,6.970092593324954,2774.0968521433315,False,False,False,11.364564955133998,4523.0968521433315,False,False,False,1.0,2021-01-04,0DTE,bd307da1752b5090947c5d49b7337b6d2d077f9a362e34a89a6824940513a315,-19440000000000,1609752960000000000,5.970092593324954,2376.0968521433315,False,False,False,False,overnight_or_pre,1609752960000000000,2.4308021829024864,top_vanna,SPY:2021-01-04:top_vanna:1:393.0,8100000000000,1609780500000000000,10.364564955133998,4125.0968521433315,False,False,False,True,rth,1609780500000000000,ok,13553.774213035833,2064297,1,34.48797509678329,SPY,6.156022241566159,2450.0968521433315,False,False,False,10.364564955133998,4125.0968521433315,False,False,False,99.5,baseline_proxy_not_known_inventory,,373.51,393.0,low,2021
5844654635.883339,1609772400000000000,736,4.850577257937512,1930.5297486591298,False,False,False,9.245049619746558,3679.52974865913,False,False,False,2.0,2021-01-04,0DTE,bd307da1752b5090947c5d49b7337b6d2d077f9a362e34a89a6824940513a315,-19440000000000,1609752960000000000,2.850577257937512,1134.5297486591298,False,False,False,False,overnight_or_pre,1609752960000000000,2.4308021829024864,top_vanna,SPY:2021-01-04:top_vanna:2:384.0,8100000000000,1609780500000000000,7.245049619746557,2883.52974865913,False,False,False,True,rth,1609780500000000000,ok,13243.382437164782,2064297,2,34.48797509678329,SPY,3.036506906178718,1208.5297486591298,False,False,False,7.245049619746557,2883.52974865913,False,False,False,99.5,baseline_proxy_not_known_inventory,,373.51,384.0,low,2021
5844654635.883339,1609772400000000000,736,1.6155508924929742,642.9892552122037,False,False,False,2.778921469316071,1106.0107447877963,False,False,False,-1.0,2021-01-04,0DTE,bd307da1752b5090947c5d49b7337b6d2d077f9a362e34a89a6824940513a315,-19440000000000,1609752960000000000,0.6155508924929741,244.98925521220372,False,False,False,False,overnight_or_pre,1609752960000000000,2.4308021829024864,top_vanna,SPY:2021-01-04:top_vanna:3:374.0,8100000000000,1609780500000000000,3.778921469316071,1504.0107447877963,False,False,False,True,rth,1609780500000000000,ok,12898.502686196949,2064297,3,34.48797509678329,SPY,0.4296212442517681,170.98925521220372,False,False,False,3.778921469316071,1504.0107447877963,False,False,False,99.5,baseline_proxy_not_known_inventory,,373.51,374.0,low,2021
5844654635.883339,1609772400000000000,736,6.970092593324954,2774.0968521433315,False,False,False,11.364564955133998,4523.0968521433315,False,False,False,1.0,2021-01-04,0DTE,bd307da1752b5090947c5d49b7337b6d2d077f9a362e34a89a6824940513a315,-19440000000000,1609752960000000000,5.970092593324954,2376.0968521433315,False,False,False,False,overnight_or_pre,1609752960000000000,2.4308021829024864,top_vega,SPY:2021-01-04:top_vega:1:393.0,8100000000000,1609780500000000000,10.364564955133998,4125.0968521433315,False,False,False,True,rth,1609780500000000000,ok,13553.774213035833,2064297,1,34.48797509678329,SPY,6.156022241566159,2450.0968521433315,False,False,False,10.364564955133998,4125.0968521433315,False,False,False,99.5,baseline_proxy_not_known_inventory,,373.51,393.0,low,2021
5844654635.883339,1609772400000000000,736,6.428291857966506,2558.460159470669,False,False,False,2.0338194961574603,809.4601594706692,False,False,False,-2.0,2021-01-04,0DTE,bd307da1752b5090947c5d49b7337b6d2d077f9a362e34a89a6824940513a315,-19440000000000,1609752960000000000,4.428291857966506,1762.4601594706692,False,False,False,False,overnight_or_pre,1609752960000000000,2.4308021829024864,top_vega,SPY:2021-01-04:top_vega:2:363.0,8100000000000,1609780500000000000,0.03381949615746022,13.460159470669169,True,False,False,True,rth,1609780500000000000,ok,12519.134960132333,2064297,2,34.48797509678329,SPY,4.242362209725299,1688.4601594706692,False,False,False,0.03381949615746022,13.460159470669169,True,False,False,99.5,baseline_proxy_not_known_inventory,,373.51,363.0,low,2021
5844654635.883339,1609772400000000000,736,1.3844491075070258,551.0107447877963,False,False,False,5.778921469316071,2300.0107447877963,False,False,False,2.0,2021-01-04,0DTE,bd307da1752b5090947c5d49b7337b6d2d077f9a362e34a89a6824940513a315,-19440000000000,1609752960000000000,0.6155508924929741,244.98925521220372,False,False,False,False,overnight_or_pre,1609752960000000000,2.4308021829024864,top_vega,SPY:2021-01-04:top_vega:3:374.0,8100000000000,1609780500000000000,3.778921469316071,1504.0107447877963,False,False,False,True,rth,1609780500000000000,ok,12898.502686196949,2064297,3,34.48797509678329,SPY,0.4296212442517681,170.98925521220372,False,False,False,3.778921469316071,1504.0107447877963,False,False,False,99.5,baseline_proxy_not_known_inventory,,373.51,374.0,low,2021
5069483496.79961,1614610800000000000,1085,0.1961620702062673,264.81879477846087,False,False,False,0.9053194112752142,1222.1812052215391,False,False,False,1.0,2021-03-01,0DTE,bd307da1752b5090947c5d49b7337b6d2d077f9a362e34a89a6824940513a315,24900000000000,1614635700000000000,1.1961620702062674,1614.8187947784609,False,False,False,True,other,1614635700000000000,3.119681166698492,key_gamma,SPY:2021-03-01:key_gamma:1:381.0,-56640000000000,1614554160000000000,0.09468058872478582,127.81879477846087,False,False,False,False,overnight_or_pre,1614554160000000000,ok,12914.295301305385,2998802,1,33.895788192402584,SPY,1.1043102183544156,1490.8187947784609,False,False,False,0.3739398479840451,504.81879477846087,False,False,False,337.5,baseline_proxy_not_known_inventory,314675098.1171891,386.93,381.0,mid,2021
5069483496.79961,1614610800000000000,1085,3.196162070206267,4314.818794778461,False,False,False,2.0946805887247857,2827.818794778461,False,False,False,-2.0,2021-03-01,0DTE,bd307da1752b5090947c5d49b7337b6d2d077f9a362e34a89a6824940513a315,24900000000000,1614635700000000000,1.1961620702062674,1614.8187947784609,False,False,False,True,other,1614635700000000000,3.119681166698492,call_wall,SPY:2021-03-01:call_wall:1:381.0,-56640000000000,1614554160000000000,0.09468058872478582,127.81879477846087,False,False,False,False,overnight_or_pre,1614554160000000000,ok,12914.295301305385,2998802,1,33.895788192402584,SPY,1.1043102183544156,1490.8187947784609,False,False,False,0.3739398479840451,504.81879477846087,False,False,False,337.5,baseline_proxy_not_known_inventory,314675098.1171891,386.93,381.0,mid,2021
5069483496.79961,1614610800000000000,1085,2.1094534749825726,2847.762191226473,False,False,False,3.210934956464054,4334.762191226473,False,False,False,2.0,2021-03-01,0DTE,bd307da1752b5090947c5d49b7337b6d2d077f9a362e34a89a6824940513a315,24900000000000,1614635700000000000,0.10945347498257266,147.76219122647308,False,False,False,True,other,1614635700000000000,3.119681166698492,put_wall,SPY:2021-03-01:put_wall:1:394.0,-56640000000000,1614554160000000000,1.2109349564640541,1634.762191226473,False,False,False,False,overnight_or_pre,1614554160000000000,ok,13354.940547806618,2998802,1,33.895788192402584,SPY,0.2013053268344245,271.7621912264731,False,False,False,0.9316756972047949,1257.762191226473,False,False,False,337.5,baseline_proxy_not_known_inventory,-309148313.434278,386.93,394.0,mid,2021
5069483496.79961,1614610800000000000,1085,6.008257090612999,8111.147072327549,False,False,False,4.906775609131517,6624.147072327549,False,False,False,-2.0,2021-03-01,0DTE,bd307da1752b5090947c5d49b7337b6d2d077f9a362e34a89a6824940513a315,24900000000000,1614635700000000000,4.008257090612999,5411.147072327549,False,False,False,True,other,1614635700000000000,3.119681166698492,gamma_flip,SPY:2021-03-01:gamma_flip:1:353.0,-56640000000000,1614554160000000000,2.906775609131518,3924.147072327549,False,False,False,False,overnight_or_pre,1614554160000000000,ok,11965.213231918113,2998802,1,33.895788192402584,SPY,3.9164052387611474,5287.147072327549,False,False,False,3.186034868390777,4301.147072327549,False,False,False,337.5,baseline_proxy_not_known_inventory,,386.93,353.0,mid,2021
5069483496.79961,1614610800000000000,1085,0.798753860293423,1078.317711396121,False,False,False,0.3027276211880585,408.682288603879,False,False,False,1.0,2021-03-01,0DTE,bd307da1752b5090947c5d49b7337b6d2d077f9a362e34a89a6824940513a315,24900000000000,1614635700000000000,1.798753860293423,2428.317711396121,False,False,False,True,other,1614635700000000000,3.119681166698492,max_pain,SPY:2021-03-01:max_pain:1:375.0,-56640000000000,1614554160000000000,0.6972723788119415,941.317711396121,False,False,False,False,overnight_or_pre,1614554160000000000,ok,12710.92057215097,2998802,1,33.895788192402584,SPY,1.7069020084415711,2304.317711396121,False,False,False,0.9765316380712008,1318.317711396121,False,False,False,337.5,baseline_proxy_not_known_inventory,,386.93,375.0,mid,2021
5069483496.79961,1614610800000000000,1085,0.1961620702062673,264.81879477846087,False,False,False,0.9053194112752142,1222.1812052215391,False,False,False,1.0,2021-03-01,0DTE,bd307da1752b5090947c5d49b7337b6d2d077f9a362e34a89a6824940513a315,24900000000000,1614635700000000000,1.1961620702062674,1614.8187947784609,False,False,False,True,other,1614635700000000000,3.119681166698492,top_gamma,SPY:2021-03-01:top_gamma:1:381.0,-56640000000000,1614554160000000000,0.09468058872478582,127.81879477846087,False,False,False,False,overnight_or_pre,1614554160000000000,ok,12914.295301305385,2998802,1,33.895788192402584,SPY,1.1043102183544156,1490.8187947784609,False,False,False,0.3739398479840451,504.81879477846087,False,False,False,337.5,baseline_proxy_not_known_inventory,,386.93,381.0,mid,2021
5069483496.79961,1614610800000000000,1085,2.1094534749825726,2847.762191226473,False,False,False,3.210934956464054,4334.762191226473,False,False,False,2.0,2021-03-01,0DTE,bd307da1752b5090947c5d49b7337b6d2d077f9a362e34a89a6824940513a315,24900000000000,1614635700000000000,0.10945347498257266,147.76219122647308,False,False,False,True,other,1614635700000000000,3.119681166698492,top_gamma,SPY:2021-03-01:top_gamma:2:394.0,-56640000000000,1614554160000000000,1.2109349564640541,1634.762191226473,False,False,False,False,overnight_or_pre,1614554160000000000,ok,13354.940547806618,2998802,2,33.895788192402584,SPY,0.2013053268344245,271.7621912264731,False,False,False,0.9316756972047949,1257.762191226473,False,False,False,337.5,baseline_proxy_not_known_inventory,,386.93,394.0,mid,2021
5069483496.79961,1614610800000000000,1085,1.0914104550464792,1473.404114312747,False,False,False,0.010071026435002245,13.59588568725303,True,False,False,-1.0,2021-03-01,0DTE,bd307da1752b5090947c5d49b7337b6d2d077f9a362e34a89a6824940513a315,24900000000000,1614635700000000000,0.09141045504647924,123.40411431274697,False,False,False,True,other,1614635700000000000,3.119681166698492,top_gamma,SPY:2021-03-01:top_gamma:3:392.0,-56640000000000,1614554160000000000,1.0100710264350024,1363.595885687253,False,False,False,False,overnight_or_pre,1614554160000000000,ok,13287.148971421813,2998802,3,33.895788192402584,SPY,0.00044139680537261516,0.5958856872530305,True,True,True,0.730811767175743,986.595885687253,False,False,False,337.5,baseline_proxy_not_known_inventory,,386.93,392.0,mid,2021
5069483496.79961,1614610800000000000,1085,1.7120452650697282,2311.261107844133,False,False,False,2.8135267465512097,3798.261107844133,False,False,False,1.0,2021-03-01,0DTE,bd307da1752b5090947c5d49b7337b6d2d077f9a362e34a89a6824940513a315,24900000000000,1614635700000000000,0.7120452650697283,961.2611078441332,False,False,False,True,other,1614635700000000000,3.119681166698492,top_vanna,SPY:2021-03-01:top_vanna:1:400.0,-56640000000000,1614554160000000000,1.8135267465512097,2448.261107844133,False,False,False,False,overnight_or_pre,1614554160000000000,ok,13558.315276961033,2998802,1,33.895788192402584,SPY,0.8038971169215802,1085.2611078441332,False,False,False,1.5342674872919506,2071.261107844133,False,False,False,337.5,baseline_proxy_not_known_inventory,,386.93,400.0,mid,2021
5069483496.79961,1614610800000000000,1085,1.8905465250174274,2552.237808773527,False,False,False,0.7890650435359459,1065.237808773527,False,False,False,-2.0,2021-03-01,0DTE,bd307da1752b5090947c5d49b7337b6d2d077f9a362e34a89a6824940513a315,24900000000000,1614635700000000000,0.10945347498257266,147.76219122647308,False,False,False,True,other,1614635700000000000,3.119681166698492,top_vanna,SPY:2021-03-01:top_vanna:2:394.0,-56640000000000,1614554160000000000,1.2109349564640541,1634.762191226473,False,False,False,False,overnight_or_pre,1614554160000000000,ok,13354.940547806618,2998802,2,33.895788192402584,SPY,0.2013053268344245,271.7621912264731,False,False,False,0.9316756972047949,1257.762191226473,False,False,False,337.5,baseline_proxy_not_known_inventory,,386.93,394.0,mid,2021
5069483496.79961,1614610800000000000,1085,2.9996177903224748,4049.484016935341,False,False,False,1.8981363088409933,2562.484016935341,False,False,False,-1.0,2021-03-01,0DTE,bd307da1752b5090947c5d49b7337b6d2d077f9a362e34a89a6824940513a315,24900000000000,1614635700000000000,1.9996177903224748,2699.484016935341,False,False,False,True,other,1614635700000000000,3.119681166698492,top_vanna,SPY:2021-03-01:top_vanna:3:373.0,-56640000000000,1614554160000000000,0.8981363088409934,1212.484016935341,False,False,False,False,overnight_or_pre,1614554160000000000,ok,12643.128995766165,2998802,3,33.895788192402584,SPY,1.907765938470623,2575.484016935341,False,False,False,1.1773955681002526,1589.484016935341,False,False,False,337.5,baseline_proxy_not_known_inventory,,386.93,373.0,mid,2021
5069483496.79961,1614610800000000000,1085,0.1961620702062673,264.81879477846087,False,False,False,0.9053194112752142,1222.1812052215391,False,False,False,1.0,2021-03-01,0DTE,bd307da1752b5090947c5d49b7337b6d2d077f9a362e34a89a6824940513a315,24900000000000,1614635700000000000,1.1961620702062674,1614.8187947784609,False,False,False,True,other,1614635700000000000,3.119681166698492,top_vega,SPY:2021-03-01:top_vega:1:381.0,-56640000000000,1614554160000000000,0.09468058872478582,127.81879477846087,False,False,False,False,overnight_or_pre,1614554160000000000,ok,12914.295301305385,2998802,1,33.895788192402584,SPY,1.1043102183544156,1490.8187947784609,False,False,False,0.3739398479840451,504.81879477846087,False,False,False,337.5,baseline_proxy_not_known_inventory,,386.93,381.0,mid,2021
5069483496.79961,1614610800000000000,1085,3.9996177903224748,5399.484016935341,False,False,False,2.8981363088409933,3912.484016935341,False,False,False,-2.0,2021-03-01,0DTE,bd307da1752b5090947c5d49b7337b6d2d077f9a362e34a89a6824940513a315,24900000000000,1614635700000000000,1.9996177903224748,2699.484016935341,False,False,False,True,other,1614635700000000000,3.119681166698492,top_vega,SPY:2021-03-01:top_vega:2:373.0,-56640000000000,1614554160000000000,0.8981363088409934,1212.484016935341,False,False,False,False,overnight_or_pre,1614554160000000000,ok,12643.128995766165,2998802,2,33.895788192402584,SPY,1.907765938470623,2575.484016935341,False,False,False,1.1773955681002526,1589.484016935341,False,False,False,337.5,baseline_proxy_not_known_inventory,,386.93,373.0,mid,2021
5069483496.79961,1614610800000000000,1085,2.1094534749825726,2847.762191226473,False,False,False,3.210934956464054,4334.762191226473,False,False,False,2.0,2021-03-01,0DTE,bd307da1752b5090947c5d49b7337b6d2d077f9a362e34a89a6824940513a315,24900000000000,1614635700000000000,0.10945347498257266,147.76219122647308,False,False,False,True,other,1614635700000000000,3.119681166698492,top_vega,SPY:2021-03-01:top_vega:3:394.0,-56640000000000,1614554160000000000,1.2109349564640541,1634.762191226473,False,False,False,False,overnight_or_pre,1614554160000000000,ok,13354.940547806618,2998802,3,33.895788192402584,SPY,0.2013053268344245,271.7621912264731,False,False,False,0.9316756972047949,1257.762191226473,False,False,False,337.5,baseline_proxy_not_known_inventory,,386.93,394.0,mid,2021
4153987619.710715,1617285600000000000,628,1.246228616378943,1021.9074654307333,False,False,False,2.4279359334521136,1990.9074654307333,False,False,False,2.0,2021-04-01,0DTE,bd307da1752b5090947c5d49b7337b6d2d077f9a362e34a89a6824940513a315,24180000000000,1617309780000000000,0.753771383621057,618.0925345692667,False,False,False,True,other,1617309780000000000,2.38663499114516,key_gamma,SPY:2021-04-01:key_gamma:1:399.0,-57600000000000,1617228000000000000,0.4279359334521138,350.9074654307333,False,False,False,False,overnight_or_pre,1617228000000000000,ok,13177.976866357683,1865765,1,33.02751094325234,SPY,0.7001128470356911,574.0925345692667,False,False,False,0.3110884567917887,255.09253456926672,False,False,False,205.0,baseline_proxy_not_known_inventory,611992580.0887346,398.4,399.0,low,2021
4153987619.710715,1617285600000000000,628,1.246228616378943,1021.9074654307333,False,False,False,2.4279359334521136,1990.9074654307333,False,False,False,2.0,2021-04-01,0DTE,bd307da1752b5090947c5d49b7337b6d2d077f9a362e34a89a6824940513a315,24180000000000,1617309780000000000,0.753771383621057,618.0925345692667,False,False,False,True,other,1617309780000000000,2.38663499114516,call_wall,SPY:2021-04-01:call_wall:1:399.0,-57600000000000,1617228000000000000,0.4279359334521138,350.9074654307333,False,False,False,False,overnight_or_pre,1617228000000000000,ok,13177.976866357683,1865765,1,33.02751094325234,SPY,0.7001128470356911,574.0925345692667,False,False,False,0.3110884567917887,255.09253456926672,False,False,False,205.0,baseline_proxy_not_known_inventory,611992580.0887346,398.4,399.0,low,2021
4153987619.710715,1617285600000000000,628,0.7295580448167772,598.2375967497574,False,False,False,1.911265361889948,1567.2375967497574,False,False,False,1.0,2021-04-01,0DTE,bd307da1752b5090947c5d49b7337b6d2d077f9a362e34a89a6824940513a315,24180000000000,1617309780000000000,0.2704419551832227,221.76240325024264,False,False,False,True,other,1617309780000000000,2.38663499114516,put_wall,SPY:2021-04-01:put_wall:1:402.0,-57600000000000,1617228000000000000,0.911265361889948,747.2375967497574,False,False,False,False,overnight_or_pre,1617228000000000000,ok,13277.05939918744,1865765,1,33.02751094325234,SPY,0.21678341859785688,177.76240325024264,False,False,False,0.17224097164604557,141.23759674975736,False,False,False,205.0,baseline_proxy_not_known_inventory,-220780913.30763748,398.4,402.0,low,2021
4153987619.710715,1617285600000000000,628,15.106417045767952,12387.26197752972,False,False,False,13.924709728694781,11418.26197752972,False,False,False,2.0,2021-04-01,0DTE,bd307da1752b5090947c5d49b7337b6d2d077f9a362e34a89a6824940513a315,24180000000000,1617309780000000000,17.10641704576795,14027.26197752972,False,False,False,True,other,1617309780000000000,2.38663499114516,gamma_flip,SPY:2021-04-01:gamma_flip:1:297.5,-57600000000000,1617228000000000000,15.924709728694781,13058.26197752972,False,False,False,False,overnight_or_pre,1617228000000000000,ok,9825.68450561757,1865765,1,33.02751094325234,SPY,17.052758509182585,13983.26197752972,False,False,False,16.663734118938685,13664.26197752972,False,False,False,205.0,baseline_proxy_not_known_inventory,,398.4,297.5,low,2021
4153987619.710715,1617285600000000000,628,3.2371008120589,2654.422665888298,False,False,False,2.0553934949857293,1685.422665888298,False,False,False,-2.0,2021-04-01,0DTE,bd307da1752b5090947c5d49b7337b6d2d077f9a362e34a89a6824940513a315,24180000000000,1617309780000000000,1.2371008120589,1014.4226658882981,False,False,False,True,other,1617309780000000000,2.38663499114516,max_pain,SPY:2021-04-01:max_pain:1:396.0,-57600000000000,1617228000000000000,0.055393494985729354,45.42266588829807,False,False,False,False,overnight_or_pre,1617228000000000000,ok,13078.894333527925,1865765,1,33.02751094325234,SPY,1.1834422754735343,970.4226658882981,False,False,False,0.7944178852296317,651.4226658882981,False,False,False,205.0,baseline_proxy_not_known_inventory,,398.4,396.0,low,2021
4153987619.710715,1617285600000000000,628,2.753771383621057,2258.0925345692667,False,False,False,1.5720640665478862,1289.0925345692667,False,False,False,-2.0,2021-04-01,0DTE,bd307da1752b5090947c5d49b7337b6d2d077f9a362e34a89a6824940513a315,24180000000000,1617309780000000000,0.753771383621057,618.0925345692667,False,False,False,True,other,1617309780000000000,2.38663499114516,top_gamma,SPY:2021-04-01:top_gamma:1:399.0,-57600000000000,1617228000000000000,0.4279359334521138,350.9074654307333,False,False,False,False,overnight_or_pre,1617228000000000000,ok,13177.976866357683,1865765,1,33.02751094325234,SPY,0.7001128470356911,574.0925345692667,False,False,False,0.3110884567917887,255.09253456926672,False,False,False,205.0,baseline_proxy_not_known_inventory,,398.4,399.0,low,2021
4153987619.710715,1617285600000000000,628,2.431551764662498,1993.8724470232482,False,False,False,1.2498444475893271,1024.8724470232482,False,False,False,-2.0,2021-04-01,0DTE,bd307da1752b5090947c5d49b7337b6d2d077f9a362e34a89a6824940513a315,24180000000000,1617309780000000000,0.43155176466249784,353.87244702324824,False,False,False,True,other,1617309780000000000,2.38663499114516,top_gamma,SPY:2021-04-01:top_gamma:2:401.0,-57600000000000,1617228000000000000,0.7501555524106729,615.1275529767518,False,False,False,False,overnight_or_pre,1617228000000000000,ok,13244.031888244188,1865765,2,33.02751094325234,SPY,0.377893228077132,309.87244702324824,False,False,False,0.011131162166770438,9.127552976751758,True,False,False,205.0,baseline_proxy_not_known_inventory,,398.4,401.0,low,2021
4153987619.710715,1617285600000000000,628,0.23710081205890007,194.42266588829807,False,False,False,0.9446065050142707,774.5773341117019,False,False,False,1.0,2021-04-01,0DTE,bd307da1752b5090947c5d49b7337b6d2d077f9a362e34a89a6824940513a315,24180000000000,1617309780000000000,1.2371008120589,1014.4226658882981,False,False,False,True,other,1617309780000000000,2.38663499114516,top_gamma,SPY:2021-04-01:top_gamma:3:396.0,-57600000000000,1617228000000000000,0.055393494985729354,45.42266588829807,False,False,False,False,overnight_or_pre,1617228000000000000,ok,13078.894333527925,1865765,3,33.02751094325234,SPY,1.1834422754735343,970.4226658882981,False,False,False,0.7944178852296317,651.4226658882981,False,False,False,205.0,baseline_proxy_not_known_inventory,,398.4,396.0,low,2021
4153987619.710715,1617285600000000000,628,1.1426732888282614,936.9920968391743,False,False,False,0.03903402824490935,32.00790316082566,False,False,False,-2.0,2021-04-01,0DTE,bd307da1752b5090947c5d49b7337b6d2d077f9a362e34a89a6824940513a315,24180000000000,1617309780000000000,0.8573267111717386,703.0079031608257,False,False,False,True,other,1617309780000000000,2.38663499114516,top_vanna,SPY:2021-04-01:top_vanna:1:409.0,-57600000000000,1617228000000000000,2.0390340282449095,1672.0079031608257,False,False,False,False,overnight_or_pre,1617228000000000000,ok,13508.251975790206,1865765,1,33.02751094325234,SPY,0.9109852477571044,747.0079031608257,False,False,False,1.3000096380010069,1066.0079031608257,False,False,False,205.0,baseline_proxy_not_known_inventory,,398.4,409.0,low,2021
4153987619.710715,1617285600000000000,628,1.5351070922131795,1258.7878156148072,False,False,False,2.7168144092863504,2227.787815614807,False,False,False,1.0,2021-04-01,0DTE,bd307da1752b5090947c5d49b7337b6d2d077f9a362e34a89a6824940513a315,24180000000000,1617309780000000000,0.5351070922131795,438.7878156148072,False,False,False,True,other,1617309780000000000,2.38663499114516,top_vanna,SPY:2021-04-01:top_vanna:2:407.0,-57600000000000,1617228000000000000,1.7168144092863502,1407.7878156148072,False,False,False,False,overnight_or_pre,1617228000000000000,ok,13442.196953903702,1865765,2,33.02751094325234,SPY,0.5887656287985453,482.7878156148072,False,False,False,0.9777900190424478,801.7878156148072,False,False,False,205.0,baseline_proxy_not_known_inventory,,398.4,407.0,low,2021
4153987619.710715,1617285600000000000,628,1.5684482353375022,1286.1275529767518,False,False,False,2.7501555524106727,2255.1275529767518,False,False,False,2.0,2021-04-01,0DTE,bd307da1752b5090947c5d49b7337b6d2d077f9a362e34a89a6824940513a315,24180000000000,1617309780000000000,0.43155176466249784,353.87244702324824,False,False,False,True,other,1617309780000000000,2.38663499114516,top_vanna,SPY:2021-04-01:top_vanna:3:401.0,-57600000000000,1617228000000000000,0.7501555524106729,615.1275529767518,False,False,False,False,overnight_or_pre,1617228000000000000,ok,13244.031888244188,1865765,3,33.02751094325234,SPY,0.377893228077132,309.87244702324824,False,False,False,0.011131162166770438,9.127552976751758,True,False,False,205.0,baseline_proxy_not_known_inventory,,398.4,401.0,low,2021
4153987619.710715,1617285600000000000,628,2.753771383621057,2258.0925345692667,False,False,False,1.5720640665478862,1289.0925345692667,False,False,False,-2.0,2021-04-01,0DTE,bd307da1752b5090947c5d49b7337b6d2d077f9a362e34a89a6824940513a315,24180000000000,1617309780000000000,0.753771383621057,618.0925345692667,False,False,False,True,other,1617309780000000000,2.38663499114516,top_vega,SPY:2021-04-01:top_vega:1:399.0,-57600000000000,1617228000000000000,0.4279359334521138,350.9074654307333,False,False,False,False,overnight_or_pre,1617228000000000000,ok,13177.976866357683,1865765,1,33.02751094325234,SPY,0.7001128470356911,574.0925345692667,False,False,False,0.3110884567917887,255.09253456926672,False,False,False,205.0,baseline_proxy_not_known_inventory,,398.4,399.0,low,2021
4153987619.710715,1617285600000000000,628,1.4315517646624978,1173.8724470232482,False,False,False,0.2498444475893271,204.87244702324824,False,False,False,-1.0,2021-04-01,0DTE,bd307da1752b5090947c5d49b7337b6d2d077f9a362e34a89a6824940513a315,24180000000000,1617309780000000000,0.43155176466249784,353.87244702324824,False,False,False,True,other,1617309780000000000,2.38663499114516,top_vega,SPY:2021-04-01:top_vega:2:401.0,-57600000000000,1617228000000000000,0.7501555524106729,615.1275529767518,False,False,False,False,overnight_or_pre,1617228000000000000,ok,13244.031888244188,1865765,2,33.02751094325234,SPY,0.377893228077132,309.87244702324824,False,False,False,0.011131162166770438,9.127552976751758,True,False,False,205.0,baseline_proxy_not_known_inventory,,398.4,401.0,low,2021
4153987619.710715,1617285600000000000,628,3.2371008120589,2654.422665888298,False,False,False,2.0553934949857293,1685.422665888298,False,False,False,-2.0,2021-04-01,0DTE,bd307da1752b5090947c5d49b7337b6d2d077f9a362e34a89a6824940513a315,24180000000000,1617309780000000000,1.2371008120589,1014.4226658882981,False,False,False,True,other,1617309780000000000,2.38663499114516,top_vega,SPY:2021-04-01:top_vega:3:396.0,-57600000000000,1617228000000000000,0.055393494985729354,45.42266588829807,False,False,False,False,overnight_or_pre,1617228000000000000,ok,13078.894333527925,1865765,3,33.02751094325234,SPY,1.1834422754735343,970.4226658882981,False,False,False,0.7944178852296317,651.4226658882981,False,False,False,205.0,baseline_proxy_not_known_inventory,,398.4,396.0,low,2021
3759676720.7555,1641222000000000000,697,0.6544599971359596,409.03749820997473,False,False,False,0.7279400028640405,454.96250179002527,False,False,False,1.0,2022-01-03,0DTE,2e4c9b17de30c9bf3ada30110e33ed2bf3fb740cf1834b6eb6accc471b74f89a,22860000000000,1641244860000000000,1.6544599971359712,1034.037498209982,False,False,False,True,other,1641244860000000000,2.6938096221392915,key_gamma,SPY:2022-01-03:key_gamma:1:470.0,-300000000000,1641221700000000000,0.27205999713597123,170.037498209982,False,False,False,False,rth,1641221700000000000,ok,16249.490625447504,1764456,1,34.573384309462774,SPY,1.5904599971359712,994.037498209982,False,False,False,0.27205999713597123,170.037498209982,False,False,False,156.25,baseline_proxy_not_known_inventory,216194645.78305212,474.94,470.0,low,2022
3759676720.7555,1641222000000000000,697,3.6544599971359712,2284.037498209982,False,False,False,2.272059997135971,1420.037498209982,False,False,False,-2.0,2022-01-03,0DTE,2e4c9b17de30c9bf3ada30110e33ed2bf3fb740cf1834b6eb6accc471b74f89a,22860000000000,1641244860000000000,1.6544599971359712,1034.037498209982,False,False,False,True,other,1641244860000000000,2.6938096221392915,call_wall,SPY:2022-01-03:call_wall:1:470.0,-300000000000,1641221700000000000,0.27205999713597123,170.037498209982,False,False,False,False,rth,1641221700000000000,ok,16249.490625447504,1764456,1,34.573384309462774,SPY,1.5904599971359712,994.037498209982,False,False,False,0.27205999713597123,170.037498209982,False,False,False,156.25,baseline_proxy_not_known_inventory,216194645.78305212,474.94,470.0,low,2022
3759676720.7555,1641222000000000000,697,1.5481116992331576,967.5698120207235,False,False,False,0.16571169923315757,103.56981202072348,False,False,False,-1.0,2022-01-03,0DTE,2e4c9b17de30c9bf3ada30110e33ed2bf3fb740cf1834b6eb6accc471b74f89a,22860000000000,1641244860000000000,0.5481116992331576,342.5698120207235,False,False,False,True,other,1641244860000000000,2.6938096221392915,put_wall,SPY:2022-01-03:put_wall:1:475.0,-300000000000,1641221700000000000,0.8342883007668425,521.4301879792765,False,False,False,False,rth,1641221700000000000,ok,16422.35754699482,1764456,1,34.573384309462774,SPY,0.48411169923315756,302.5698120207235,False,False,False,0.8342883007668425,521.4301879792765,False,False,False,156.25,baseline_proxy_not_known_inventory,-211172509.9712362,474.94,475.0,low,2022
3759676720.7555,1641222000000000000,697,19.143336167775292,11964.585104859558,False,False,False,17.76093616777529,11100.585104859558,False,False,False,-2.0,2022-01-03,0DTE,2e4c9b17de30c9bf3ada30110e33ed2bf3fb740cf1834b6eb6accc471b74f89a,22860000000000,1641244860000000000,17.143336167775292,10714.585104859558,False,False,False,True,other,1641244860000000000,2.6938096221392915,gamma_flip,SPY:2022-01-03:gamma_flip:1:400.0,-300000000000,1641221700000000000,15.760936167775293,9850.585104859558,False,False,False,False,rth,1641221700000000000,ok,13829.35372378511,1764456,1,34.573384309462774,SPY,17.079336167775292,10674.585104859558,False,False,False,15.760936167775293,9850.585104859558,False,False,False,156.25,baseline_proxy_not_known_inventory,,474.94,400.0,low,2022
3759676720.7555,1641222000000000000,697,4.982077954619343,3113.7987216370893,False,False,False,3.599677954619343,2249.7987216370893,False,False,False,-2.0,2022-01-03,0DTE,2e4c9b17de30c9bf3ada30110e33ed2bf3fb740cf1834b6eb6accc471b74f89a,22860000000000,1641244860000000000,2.982077954619343,1863.7987216370893,False,False,False,True,other,1641244860000000000,2.6938096221392915,max_pain,SPY:2022-01-03:max_pain:1:464.0,-300000000000,1641221700000000000,1.599677954619343,999.7987216370893,False,False,False,False,rth,1641221700000000000,ok,16042.050319590728,1764456,1,34.573384309462774,SPY,2.918077954619343,1823.7987216370893,False,False,False,1.599677954619343,999.7987216370893,False,False,False,156.25,baseline_proxy_not_known_inventory,,474.94,464.0,low,2022
3759676720.7555,1641222000000000000,697,2.6544599971359712,1659.037498209982,False,False,False,1.2720599971359712,795.037498209982,False,False,False,-1.0,2022-01-03,0DTE,2e4c9b17de30c9bf3ada30110e33ed2bf3fb740cf1834b6eb6accc471b74f89a,22860000000000,1641244860000000000,1.6544599971359712,1034.037498209982,False,False,False,True,other,1641244860000000000,2.6938096221392915,top_gamma,SPY:2022-01-03:top_gamma:1:470.0,-300000000000,1641221700000000000,0.27205999713597123,170.037498209982,False,False,False,False,rth,1641221700000000000,ok,16249.490625447504,1764456,1,34.573384309462774,SPY,1.5904599971359712,994.037498209982,False,False,False,0.27205999713597123,170.037498209982,False,False,False,156.25,baseline_proxy_not_known_inventory,,474.94,470.0,low,2022
3759676720.7555,1641222000000000000,697,2.5481116992331576,1592.5698120207235,False,False,False,1.1657116992331575,728.5698120207235,False,False,False,-2.0,2022-01-03,0DTE,2e4c9b17de30c9bf3ada30110e33ed2bf3fb740cf1834b6eb6accc471b74f89a,22860000000000,1641244860000000000,0.5481116992331576,342.5698120207235,False,False,False,True,other,1641244860000000000,2.6938096221392915,top_gamma,SPY:2022-01-03:top_gamma:2:475.0,-300000000000,1641221700000000000,0.8342883007668425,521.4301879792765,False,False,False,False,rth,1641221700000000000,ok,16422.35754699482,1764456,2,34.573384309462774,SPY,0.48411169923315756,302.5698120207235,False,False,False,0.8342883007668425,521.4301879792765,False,False,False,156.25,baseline_proxy_not_known_inventory,,474.94,475.0,low,2022
3759676720.7555,1641222000000000000,697,4.203347614199912,2627.0922588749454,False,False,False,2.8209476141999126,1763.0922588749454,False,False,False,-1.0,2022-01-03,0DTE,2e4c9b17de30c9bf3ada30110e33ed2bf3fb740cf1834b6eb6accc471b74f89a,22860000000000,1641244860000000000,3.2033476141999127,2002.0922588749454,False,False,False,True,other,1641244860000000000,2.6938096221392915,top_gamma,SPY:2022-01-03:top_gamma:3:463.0,-300000000000,1641221700000000000,1.8209476141999126,1138.0922588749454,False,False,False,False,rth,1641221700000000000,ok,16007.476935281264,1764456,3,34.573384309462774,SPY,3.1393476141999126,1962.0922588749454,False,False,False,1.8209476141999126,1138.0922588749454,False,False,False,156.25,baseline_proxy_not_known_inventory,,474.94,463.0,low,2022
3759676720.7555,1641222000000000000,697,3.0884262525221566,1930.2664078263479,False,False,False,1.7060262525221566,1066.2664078263479,False,False,False,1.0,2022-01-03,0DTE,2e4c9b17de30c9bf3ada30110e33ed2bf3fb740cf1834b6eb6accc471b74f89a,22860000000000,1641244860000000000,4.088426252522156,2555.266407826348,False,False,False,True,other,1641244860000000000,2.6938096221392915,top_vanna,SPY:2022-01-03:top_vanna:1:459.0,-300000000000,1641221700000000000,2.7060262525221566,1691.2664078263479,False,False,False,False,rth,1641221700000000000,ok,15869.183398043413,1764456,1,34.573384309462774,SPY,4.024426252522156,2515.266407826348,False,False,False,2.7060262525221566,1691.2664078263479,False,False,False,156.25,baseline_proxy_not_known_inventory,,474.94,459.0,low,2022
3759676720.7555,1641222000000000000,697,3.4433152369919,2152.0720231199375,False,False,False,4.8257152369919,3016.0720231199375,False,False,False,2.0,2022-01-03,0DTE,2e4c9b17de30c9bf3ada30110e33ed2bf3fb740cf1834b6eb6accc471b74f89a,22860000000000,1641244860000000000,1.4433152369919,902.0720231199375,False,False,False,True,other,1641244860000000000,2.6938096221392915,top_vanna,SPY:2022-01-03:top_vanna:2:484.0,-300000000000,1641221700000000000,2.8257152369919,1766.0720231199375,False,False,False,False,rth,1641221700000000000,ok,16733.518005779984,1764456,2,34.573384309462774,SPY,1.5073152369919,942.0720231199375,False,False,False,2.8257152369919,1766.0720231199375,False,False,False,156.25,baseline_proxy_not_known_inventory,,474.94,484.0,low,2022
3759676720.7555,1641222000000000000,697,2.2033476141999127,1377.0922588749454,False,False,False,0.8209476141999127,513.0922588749454,False,False,False,1.0,2022-01-03,0DTE,2e4c9b17de30c9bf3ada30110e33ed2bf3fb740cf1834b6eb6accc471b74f89a,22860000000000,1641244860000000000,3.2033476141999127,2002.0922588749454,False,False,False,True,other,1641244860000000000,2.6938096221392915,top_vanna,SPY:2022-01-03:top_vanna:3:463.0,-300000000000,1641221700000000000,1.8209476141999126,1138.0922588749454,False,False,False,False,rth,1641221700000000000,ok,16007.476935281264,1764456,3,34.573384309462774,SPY,3.1393476141999126,1962.0922588749454,False,False,False,1.8209476141999126,1138.0922588749454,False,False,False,156.25,baseline_proxy_not_known_inventory,,474.94,463.0,low,2022
3759676720.7555,1641222000000000000,697,0.45188830076684244,282.4301879792765,False,False,False,1.8342883007668425,1146.4301879792765,False,False,False,1.0,2022-01-03,0DTE,2e4c9b17de30c9bf3ada30110e33ed2bf3fb740cf1834b6eb6accc471b74f89a,22860000000000,1641244860000000000,0.5481116992331576,342.5698120207235,False,False,False,True,other,1641244860000000000,2.6938096221392915,top_vega,SPY:2022-01-03:top_vega:1:475.0,-300000000000,1641221700000000000,0.8342883007668425,521.4301879792765,False,False,False,False,rth,1641221700000000000,ok,16422.35754699482,1764456,1,34.573384309462774,SPY,0.48411169923315756,302.5698120207235,False,False,False,0.8342883007668425,521.4301879792765,False,False,False,156.25,baseline_proxy_not_known_inventory,,474.94,475.0,low,2022
3759676720.7555,1641222000000000000,697,2.6544599971359712,1659.037498209982,False,False,False,1.2720599971359712,795.037498209982,False,False,False,-1.0,2022-01-03,0DTE,2e4c9b17de30c9bf3ada30110e33ed2bf3fb740cf1834b6eb6accc471b74f89a,22860000000000,1641244860000000000,1.6544599971359712,1034.037498209982,False,False,False,True,other,1641244860000000000,2.6938096221392915,top_vega,SPY:2022-01-03:top_vega:2:470.0,-300000000000,1641221700000000000,0.27205999713597123,170.037498209982,False,False,False,False,rth,1641221700000000000,ok,16249.490625447504,1764456,2,34.573384309462774,SPY,1.5904599971359712,994.037498209982,False,False,False,0.27205999713597123,170.037498209982,False,False,False,156.25,baseline_proxy_not_known_inventory,,474.94,470.0,low,2022
3759676720.7555,1641222000000000000,697,0.0007759178307605907,0.4849486442253692,True,True,True,1.3831759178307605,864.4849486442254,False,False,False,-1.0,2022-01-03,0DTE,2e4c9b17de30c9bf3ada30110e33ed2bf3fb740cf1834b6eb6accc471b74f89a,22860000000000,1641244860000000000,1.0007759178307607,625.4849486442254,False,False,False,True,other,1641244860000000000,2.6938096221392915,top_vega,SPY:2022-01-03:top_vega:3:482.0,-300000000000,1641221700000000000,2.3831759178307608,1489.4849486442254,False,False,False,False,rth,1641221700000000000,ok,16664.371237161056,1764456,3,34.573384309462774,SPY,1.0647759178307605,665.4849486442254,False,False,False,2.3831759178307608,1489.4849486442254,False,False,False,156.25,baseline_proxy_not_known_inventory,,474.94,482.0,low,2022
4146399979.277506,1646146800000000000,925,3.6833995136558273,4368.511823195811,False,False,False,2.2407350954433487,2657.5118231958113,False,False,False,-2.0,2022-03-01,1-7,2e4c9b17de30c9bf3ada30110e33ed2bf3fb740cf1834b6eb6accc471b74f89a,-28320000000000,1646118480000000000,1.6833995136558273,1996.5118231958113,False,False,False,False,overnight_or_pre,1646118480000000000,9.974243421433489,key_gamma,SPY:2022-03-01:key_gamma:1:425.0,21000000000000,1646167800000000000,0.24073509544334848,285.5118231958113,False,False,False,True,rth,1646167800000000000,ok,13828.622044201047,1885035,1,32.53793422164952,SPY,1.4987452134871933,1777.5118231958113,False,False,False,0.24073509544334848,285.5118231958113,False,False,False,296.5,baseline_proxy_not_known_inventory,-256400205.87897235,434.87,425.0,high,2022
4146399979.277506,1646146800000000000,925,0.1223598404234459,145.11877074220683,False,False,False,1.320304577789033,1565.8812292577932,False,False,False,2.0,2022-03-01,1-7,2e4c9b17de30c9bf3ada30110e33ed2bf3fb740cf1834b6eb6accc471b74f89a,-28320000000000,1646118480000000000,2.122359840423446,2517.118770742207,False,False,False,False,overnight_or_pre,1646118480000000000,9.974243421433489,call_wall,SPY:2022-03-01:call_wall:1:421.0,21000000000000,1646167800000000000,0.679695422210967,806.1187707422068,False,False,False,True,rth,1646167800000000000,ok,13698.470307314448,1885035,1,32.53793422164952,SPY,1.9377055402548118,2298.118770742207,False,False,False,0.679695422210967,806.1187707422068,False,False,False,296.5,baseline_proxy_not_known_inventory,174462497.12891993,434.87,421.0,high,2022
4146399979.277506,1646146800000000000,925,0.6833995136558274,810.5118231958113,False,False,False,0.7592649045566515,900.4881768041887,False,False,False,1.0,2022-03-01,1-7,2e4c9b17de30c9bf3ada30110e33ed2bf3fb740cf1834b6eb6accc471b74f89a,-28320000000000,1646118480000000000,1.6833995136558273,1996.5118231958113,False,False,False,False,overnight_or_pre,1646118480000000000,9.974243421433489,put_wall,SPY:2022-03-01:put_wall:1:425.0,21000000000000,1646167800000000000,0.24073509544334848,285.5118231958113,False,False,False,True,rth,1646167800000000000,ok,13828.622044201047,1885035,1,32.53793422164952,SPY,1.4987452134871933,1777.5118231958113,False,False,False,0.24073509544334848,285.5118231958113,False,False,False,296.5,baseline_proxy_not_known_inventory,-256400205.87897235,434.87,425.0,high,2022
4146399979.277506,1646146800000000000,925,7.414562291180563,8793.670877340148,False,False,False,5.971897872968084,7082.670877340148,False,False,False,-2.0,2022-03-01,1-7,2e4c9b17de30c9bf3ada30110e33ed2bf3fb740cf1834b6eb6accc471b74f89a,-28320000000000,1646118480000000000,5.414562291180563,6421.670877340148,False,False,False,False,overnight_or_pre,1646118480000000000,9.974243421433489,gamma_flip,SPY:2022-03-01:gamma_flip:1:391.0,21000000000000,1646167800000000000,3.9718978729680843,4710.670877340148,False,False,False,True,rth,1646167800000000000,ok,12722.332280664963,1885035,1,32.53793422164952,SPY,5.229907991011929,6202.670877340148,False,False,False,3.9718978729680843,4710.670877340148,False,False,False,296.5,baseline_proxy_not_known_inventory,,434.87,391.0,high,2022
4146399979.277506,1646146800000000000,925,2.476258615044887,2936.8427174432363,False,False,False,1.0335941968324083,1225.8427174432363,False,False,False,-2.0,2022-03-01,1-7,2e4c9b17de30c9bf3ada30110e33ed2bf3fb740cf1834b6eb6accc471b74f89a,-28320000000000,1646118480000000000,0.4762586150448873,564.8427174432363,False,False,False,False,overnight_or_pre,1646118480000000000,9.974243421433489,max_pain,SPY:2022-03-01:max_pain:1:436.0,21000000000000,1646167800000000000,0.9664058031675916,1146.1572825567637,False,False,False,True,rth,1646167800000000000,ok,14186.539320639191,1885035,1,32.53793422164952,SPY,0.2916043148762532,345.8427174432363,False,False,False,0.9664058031675916,1146.1572825567637,False,False,False,296.5,baseline_proxy_not_known_inventory,,434.87,436.0,high,2022
4146399979.277506,1646146800000000000,925,0.3166004863441726,375.4881768041887,False,False,False,1.7592649045566515,2086.4881768041887,False,False,False,2.0,2022-03-01,1-7,2e4c9b17de30c9bf3ada30110e33ed2bf3fb740cf1834b6eb6accc471b74f89a,-28320000000000,1646118480000000000,1.6833995136558273,1996.5118231958113,False,False,False,False,overnight_or_pre,1646118480000000000,9.974243421433489,top_gamma,SPY:2022-03-01:top_gamma:1:425.0,21000000000000,1646167800000000000,0.24073509544334848,285.5118231958113,False,False,False,True,rth,1646167800000000000,ok,13828.622044201047,1885035,1,32.53793422164952,SPY,1.4987452134871933,1777.5118231958113,False,False,False,0.24073509544334848,285.5118231958113,False,False,False,296.5,baseline_proxy_not_known_inventory,,434.87,425.0,high,2022
4146399979.277506,1646146800000000000,925,2.476258615044887,2936.8427174432363,False,False,False,1.0335941968324083,1225.8427174432363,False,False,False,-2.0,2022-03-01,1-7,2e4c9b17de30c9bf3ada30110e33ed2bf3fb740cf1834b6eb6accc471b74f89a,-28320000000000,1646118480000000000,0.4762586150448873,564.8427174432363,False,False,False,False,overnight_or_pre,1646118480000000000,9.974243421433489,top_gamma,SPY:2022-03-01:top_gamma:2:436.0,21000000000000,1646167800000000000,0.9664058031675916,1146.1572825567637,False,False,False,True,rth,1646167800000000000,ok,14186.539320639191,1885035,2,32.53793422164952,SPY,0.2916043148762532,345.8427174432363,False,False,False,0.9664058031675916,1146.1572825567637,False,False,False,296.5,baseline_proxy_not_known_inventory,,434.87,436.0,high,2022
4146399979.277506,1646146800000000000,925,0.1223598404234459,145.11877074220683,False,False,False,1.320304577789033,1565.8812292577932,False,False,False,2.0,2022-03-01,1-7,2e4c9b17de30c9bf3ada30110e33ed2bf3fb740cf1834b6eb6accc471b74f89a,-28320000000000,1646118480000000000,2.122359840423446,2517.118770742207,False,False,False,False,overnight_or_pre,1646118480000000000,9.974243421433489,top_gamma,SPY:2022-03-01:top_gamma:3:421.0,21000000000000,1646167800000000000,0.679695422210967,806.1187707422068,False,False,False,True,rth,1646167800000000000,ok,13698.470307314448,1885035,3,32.53793422164952,SPY,1.9377055402548118,2298.118770742207,False,False,False,0.679695422210967,806.1187707422068,False,False,False,296.5,baseline_proxy_not_known_inventory,,434.87,421.0,high,2022
4146399979.277506,1646146800000000000,925,3.6833995136558273,4368.511823195811,False,False,False,2.2407350954433487,2657.5118231958113,False,False,False,-2.0,2022-03-01,1-7,2e4c9b17de30c9bf3ada30110e33ed2bf3fb740cf1834b6eb6accc471b74f89a,-28320000000000,1646118480000000000,1.6833995136558273,1996.5118231958113,False,False,False,False,overnight_or_pre,1646118480000000000,9.974243421433489,top_vanna,SPY:2022-03-01:top_vanna:1:425.0,21000000000000,1646167800000000000,0.24073509544334848,285.5118231958113,False,False,False,True,rth,1646167800000000000,ok,13828.622044201047,1885035,1,32.53793422164952,SPY,1.4987452134871933,1777.5118231958113,False,False,False,0.24073509544334848,285.5118231958113,False,False,False,296.5,baseline_proxy_not_known_inventory,,434.87,425.0,high,2022
4146399979.277506,1646146800000000000,925,2.389322773717484,2833.7368096289356,False,False,False,3.8319871919299624,4544.736809628936,False,False,False,1.0,2022-03-01,1-7,2e4c9b17de30c9bf3ada30110e33ed2bf3fb740cf1834b6eb6accc471b74f89a,-28320000000000,1646118480000000000,1.3893227737174836,1647.7368096289356,False,False,False,False,overnight_or_pre,1646118480000000000,9.974243421433489,top_vanna,SPY:2022-03-01:top_vanna:2:453.0,21000000000000,1646167800000000000,2.8319871919299624,3358.7368096289356,False,False,False,True,rth,1646167800000000000,ok,14739.684202407234,1885035,2,32.53793422164952,SPY,1.5739770738861176,1866.7368096289356,False,False,False,2.8319871919299624,3358.7368096289356,False,False,False,296.5,baseline_proxy_not_known_inventory,,434.87,453.0,high,2022
4146399979.277506,1646146800000000000,925,4.122359840423446,4889.118770742207,False,False,False,2.679695422210967,3178.118770742207,False,False,False,-2.0,2022-03-01,1-7,2e4c9b17de30c9bf3ada30110e33ed2bf3fb740cf1834b6eb6accc471b74f89a,-28320000000000,1646118480000000000,2.122359840423446,2517.118770742207,False,False,False,False,overnight_or_pre,1646118480000000000,9.974243421433489,top_vanna,SPY:2022-03-01:top_vanna:3:421.0,21000000000000,1646167800000000000,0.679695422210967,806.1187707422068,False,False,False,True,rth,1646167800000000000,ok,13698.470307314448,1885035,3,32.53793422164952,SPY,1.9377055402548118,2298.118770742207,False,False,False,0.679695422210967,806.1187707422068,False,False,False,296.5,baseline_proxy_not_known_inventory,,434.87,421.0,high,2022
4146399979.277506,1646146800000000000,925,1.4762586150448873,1750.8427174432363,False,False,False,0.03359419683240837,39.842717443236324,False,False,False,-1.0,2022-03-01,1-7,2e4c9b17de30c9bf3ada30110e33ed2bf3fb740cf1834b6eb6accc471b74f89a,-28320000000000,1646118480000000000,0.4762586150448873,564.8427174432363,False,False,False,False,overnight_or_pre,1646118480000000000,9.974243421433489,top_vega,SPY:2022-03-01:top_vega:1:436.0,21000000000000,1646167800000000000,0.9664058031675916,1146.1572825567637,False,False,False,True,rth,1646167800000000000,ok,14186.539320639191,1885035,1,32.53793422164952,SPY,0.2916043148762532,345.8427174432363,False,False,False,0.9664058031675916,1146.1572825567637,False,False,False,296.5,baseline_proxy_not_known_inventory,,434.87,436.0,high,2022
4146399979.277506,1646146800000000000,925,0.8529616300308281,1011.6124932165621,False,False,False,2.295626048243307,2722.612493216562,False,False,False,1.0,2022-03-01,1-7,2e4c9b17de30c9bf3ada30110e33ed2bf3fb740cf1834b6eb6accc471b74f89a,-28320000000000,1646118480000000000,0.14703836996917188,174.38750678343786,False,False,False,False,overnight_or_pre,1646118480000000000,9.974243421433489,top_vega,SPY:2022-03-01:top_vega:2:439.0,21000000000000,1646167800000000000,1.295626048243307,1536.6124932165621,False,False,False,True,rth,1646167800000000000,ok,14284.15312330414,1885035,2,32.53793422164952,SPY,0.037615930199462175,44.61249321656214,False,False,False,1.295626048243307,1536.6124932165621,False,False,False,296.5,baseline_proxy_not_known_inventory,,434.87,439.0,high,2022
4146399979.277506,1646146800000000000,925,1.8905404122667737,2242.1809289483936,False,False,False,0.44787599405429473,531.1809289483936,False,False,False,1.0,2022-03-01,1-7,2e4c9b17de30c9bf3ada30110e33ed2bf3fb740cf1834b6eb6accc471b74f89a,-28320000000000,1646118480000000000,2.8905404122667737,3428.1809289483936,False,False,False,False,overnight_or_pre,1646118480000000000,9.974243421433489,top_vega,SPY:2022-03-01:top_vega:3:414.0,21000000000000,1646167800000000000,1.4478759940542947,1717.1809289483936,False,False,False,True,rth,1646167800000000000,ok,13470.704767762902,1885035,3,32.53793422164952,SPY,2.7058861120981397,3209.1809289483936,False,False,False,1.4478759940542947,1717.1809289483936,False,False,False,296.5,baseline_proxy_not_known_inventory,,434.87,414.0,high,2022
6043422474.772057,1648821600000000000,934,0.6661379897725835,638.8263321919076,False,False,False,1.6463256852887462,1578.8263321919076,False,False,False,1.0,2022-04-01,0DTE,2e4c9b17de30c9bf3ada30110e33ed2bf3fb740cf1834b6eb6accc471b74f89a,-14280000000000,1648807320000000000,0.3338620102274165,320.17366780809243,False,False,False,False,overnight_or_pre,1648807320000000000,3.7758245384262286,key_gamma,SPY:2022-04-01:key_gamma:1:453.0,11760000000000,1648833360000000000,0.6463256852887461,619.8263321919076,False,False,False,True,rth,1648833360000000000,ok,14879.956583047977,2189619,1,32.8475862760441,SPY,0.2170736890595333,208.17366780809243,False,False,False,0.6463256852887461,619.8263321919076,False,False,False,239.75,baseline_proxy_not_known_inventory,-480203715.9882419,452.28,453.0,mid,2022
6043422474.772057,1648821600000000000,934,2.4708696693558596,2369.5640129122694,False,False,False,1.490681973839697,1429.5640129122694,False,False,False,-2.0,2022-04-01,0DTE,2e4c9b17de30c9bf3ada30110e33ed2bf3fb740cf1834b6eb6accc471b74f89a,-14280000000000,1648807320000000000,0.4708696693558596,451.5640129122694,False,False,False,False,overnight_or_pre,1648807320000000000,3.7758245384262286,call_wall,SPY:2022-04-01:call_wall:1:452.0,11760000000000,1648833360000000000,0.5093180261603031,488.4359870877306,False,False,False,True,rth,1648833360000000000,ok,14847.108996771933,2189619,1,32.8475862760441,SPY,0.35408134818797643,339.5640129122694,False,False,False,0.5093180261603031,488.4359870877306,False,False,False,239.75,baseline_proxy_not_known_inventory,365288372.3952455,452.28,452.0,mid,2022
6043422474.772057,1648821600000000000,934,1.6661379897725834,1597.8263321919076,False,False,False,2.6463256852887462,2537.8263321919076,False,False,False,2.0,2022-04-01,0DTE,2e4c9b17de30c9bf3ada30110e33ed2bf3fb740cf1834b6eb6accc471b74f89a,-14280000000000,1648807320000000000,0.3338620102274165,320.17366780809243,False,False,False,False,overnight_or_pre,1648807320000000000,3.7758245384262286,put_wall,SPY:2022-04-01:put_wall:1:453.0,11760000000000,1648833360000000000,0.6463256852887461,619.8263321919076,False,False,False,True,rth,1648833360000000000,ok,14879.956583047977,2189619,1,32.8475862760441,SPY,0.2170736890595333,208.17366780809243,False,False,False,0.6463256852887461,619.8263321919076,False,False,False,239.75,baseline_proxy_not_known_inventory,-480203715.9882419,452.28,453.0,mid,2022
6043422474.772057,1648821600000000000,934,1.5291303306441404,1466.4359870877306,False,False,False,2.509318026160303,2406.4359870877306,False,False,False,2.0,2022-04-01,0DTE,2e4c9b17de30c9bf3ada30110e33ed2bf3fb740cf1834b6eb6accc471b74f89a,-14280000000000,1648807320000000000,0.4708696693558596,451.5640129122694,False,False,False,False,overnight_or_pre,1648807320000000000,3.7758245384262286,gamma_flip,SPY:2022-04-01:gamma_flip:1:452.0,11760000000000,1648833360000000000,0.5093180261603031,488.4359870877306,False,False,False,True,rth,1648833360000000000,ok,14847.108996771933,2189619,1,32.8475862760441,SPY,0.35408134818797643,339.5640129122694,False,False,False,0.5093180261603031,488.4359870877306,False,False,False,239.75,baseline_proxy_not_known_inventory,,452.28,452.0,mid,2022
6043422474.772057,1648821600000000000,934,2.899206921928564,2780.339438129493,False,False,False,3.879394617444727,3720.339438129493,False,False,False,2.0,2022-04-01,0DTE,2e4c9b17de30c9bf3ada30110e33ed2bf3fb740cf1834b6eb6accc471b74f89a,-14280000000000,1648807320000000000,0.899206921928564,862.3394381294929,False,False,False,False,overnight_or_pre,1648807320000000000,3.7758245384262286,max_pain,SPY:2022-04-01:max_pain:1:462.0,11760000000000,1648833360000000000,1.8793946174447267,1802.339438129493,False,False,False,True,rth,1648833360000000000,ok,15175.584859532373,2189619,1,32.8475862760441,SPY,1.0159952430964472,974.3394381294929,False,False,False,1.8793946174447267,1802.339438129493,False,False,False,239.75,baseline_proxy_not_known_inventory,,452.28,462.0,mid,2022
6043422474.772057,1648821600000000000,934,0.6661379897725835,638.8263321919076,False,False,False,1.6463256852887462,1578.8263321919076,False,False,False,1.0,2022-04-01,0DTE,2e4c9b17de30c9bf3ada30110e33ed2bf3fb740cf1834b6eb6accc471b74f89a,-14280000000000,1648807320000000000,0.3338620102274165,320.17366780809243,False,False,False,False,overnight_or_pre,1648807320000000000,3.7758245384262286,top_gamma,SPY:2022-04-01:top_gamma:1:453.0,11760000000000,1648833360000000000,0.6463256852887461,619.8263321919076,False,False,False,True,rth,1648833360000000000,ok,14879.956583047977,2189619,1,32.8475862760441,SPY,0.2170736890595333,208.17366780809243,False,False,False,0.6463256852887461,619.8263321919076,False,False,False,239.75,baseline_proxy_not_known_inventory,,452.28,453.0,mid,2022
6043422474.772057,1648821600000000000,934,2.899206921928564,2780.339438129493,False,False,False,3.879394617444727,3720.339438129493,False,False,False,2.0,2022-04-01,0DTE,2e4c9b17de30c9bf3ada30110e33ed2bf3fb740cf1834b6eb6accc471b74f89a,-14280000000000,1648807320000000000,0.899206921928564,862.3394381294929,False,False,False,False,overnight_or_pre,1648807320000000000,3.7758245384262286,top_gamma,SPY:2022-04-01:top_gamma:2:462.0,11760000000000,1648833360000000000,1.8793946174447267,1802.339438129493,False,False,False,True,rth,1648833360000000000,ok,15175.584859532373,2189619,2,32.8475862760441,SPY,1.0159952430964472,974.3394381294929,False,False,False,1.8793946174447267,1802.339438129493,False,False,False,239.75,baseline_proxy_not_known_inventory,,452.28,462.0,mid,2022
6043422474.772057,1648821600000000000,934,1.4708696693558596,1410.5640129122694,False,False,False,0.49068197383969697,470.5640129122694,False,False,False,-1.0,2022-04-01,0DTE,2e4c9b17de30c9bf3ada30110e33ed2bf3fb740cf1834b6eb6accc471b74f89a,-14280000000000,1648807320000000000,0.4708696693558596,451.5640129122694,False,False,False,False,overnight_or_pre,1648807320000000000,3.7758245384262286,top_gamma,SPY:2022-04-01:top_gamma:3:452.0,11760000000000,1648833360000000000,0.5093180261603031,488.4359870877306,False,False,False,True,rth,1648833360000000000,ok,14847.108996771933,2189619,3,32.8475862760441,SPY,0.35408134818797643,339.5640129122694,False,False,False,0.5093180261603031,488.4359870877306,False,False,False,239.75,baseline_proxy_not_known_inventory,,452.28,452.0,mid,2022
6043422474.772057,1648821600000000000,934,1.899206921928564,1821.339438129493,False,False,False,2.879394617444727,2761.339438129493,False,False,False,1.0,2022-04-01,0DTE,2e4c9b17de30c9bf3ada30110e33ed2bf3fb740cf1834b6eb6accc471b74f89a,-14280000000000,1648807320000000000,0.899206921928564,862.3394381294929,False,False,False,False,overnight_or_pre,1648807320000000000,3.7758245384262286,top_vanna,SPY:2022-04-01:top_vanna:1:462.0,11760000000000,1648833360000000000,1.8793946174447267,1802.339438129493,False,False,False,True,rth,1648833360000000000,ok,15175.584859532373,2189619,1,32.8475862760441,SPY,1.0159952430964472,974.3394381294929,False,False,False,1.8793946174447267,1802.339438129493,False,False,False,239.75,baseline_proxy_not_known_inventory,,452.28,462.0,mid,2022
6043422474.772057,1648821600000000000,934,2.036214581057007,1952.7297832336699,False,False,False,3.01640227657317,2892.72978323367,False,False,False,1.0,2022-04-01,0DTE,2e4c9b17de30c9bf3ada30110e33ed2bf3fb740cf1834b6eb6accc471b74f89a,-14280000000000,1648807320000000000,1.0362145810570071,993.7297832336699,False,False,False,False,overnight_or_pre,1648807320000000000,3.7758245384262286,top_vanna,SPY:2022-04-01:top_vanna:2:463.0,11760000000000,1648833360000000000,2.01640227657317,1933.7297832336699,False,False,False,True,rth,1648833360000000000,ok,15208.432445808417,2189619,2,32.8475862760441,SPY,1.1530029022248904,1105.7297832336699,False,False,False,2.01640227657317,1933.7297832336699,False,False,False,239.75,baseline_proxy_not_known_inventory,,452.28,463.0,mid,2022
6043422474.772057,1648821600000000000,934,2.899206921928564,2780.339438129493,False,False,False,3.879394617444727,3720.339438129493,False,False,False,2.0,2022-04-01,0DTE,2e4c9b17de30c9bf3ada30110e33ed2bf3fb740cf1834b6eb6accc471b74f89a,-14280000000000,1648807320000000000,0.899206921928564,862.3394381294929,False,False,False,False,overnight_or_pre,1648807320000000000,3.7758245384262286,top_vanna,SPY:2022-04-01:top_vanna:3:462.0,11760000000000,1648833360000000000,1.8793946174447267,1802.339438129493,False,False,False,True,rth,1648833360000000000,ok,15175.584859532373,2189619,3,32.8475862760441,SPY,1.0159952430964472,974.3394381294929,False,False,False,1.8793946174447267,1802.339438129493,False,False,False,239.75,baseline_proxy_not_known_inventory,,452.28,462.0,mid,2022
6043422474.772057,1648821600000000000,934,1.899206921928564,1821.339438129493,False,False,False,2.879394617444727,2761.339438129493,False,False,False,1.0,2022-04-01,0DTE,2e4c9b17de30c9bf3ada30110e33ed2bf3fb740cf1834b6eb6accc471b74f89a,-14280000000000,1648807320000000000,0.899206921928564,862.3394381294929,False,False,False,False,overnight_or_pre,1648807320000000000,3.7758245384262286,top_vega,SPY:2022-04-01:top_vega:1:462.0,11760000000000,1648833360000000000,1.8793946174447267,1802.339438129493,False,False,False,True,rth,1648833360000000000,ok,15175.584859532373,2189619,1,32.8475862760441,SPY,1.0159952430964472,974.3394381294929,False,False,False,1.8793946174447267,1802.339438129493,False,False,False,239.75,baseline_proxy_not_known_inventory,,452.28,462.0,mid,2022
6043422474.772057,1648821600000000000,934,0.9637854189429929,924.2702167663301,False,False,False,0.016402276573169842,15.729783233669878,True,False,False,-2.0,2022-04-01,0DTE,2e4c9b17de30c9bf3ada30110e33ed2bf3fb740cf1834b6eb6accc471b74f89a,-14280000000000,1648807320000000000,1.0362145810570071,993.7297832336699,False,False,False,False,overnight_or_pre,1648807320000000000,3.7758245384262286,top_vega,SPY:2022-04-01:top_vega:2:463.0,11760000000000,1648833360000000000,2.01640227657317,1933.7297832336699,False,False,False,True,rth,1648833360000000000,ok,15208.432445808417,2189619,2,32.8475862760441,SPY,1.1530029022248904,1105.7297832336699,False,False,False,2.01640227657317,1933.7297832336699,False,False,False,239.75,baseline_proxy_not_known_inventory,,452.28,463.0,mid,2022
6043422474.772057,1648821600000000000,934,3.9779539197687264,3814.8578090582087,False,False,False,2.9977662242525636,2874.8578090582087,False,False,False,-2.0,2022-04-01,0DTE,2e4c9b17de30c9bf3ada30110e33ed2bf3fb740cf1834b6eb6accc471b74f89a,-14280000000000,1648807320000000000,1.9779539197687264,1896.8578090582087,False,False,False,False,overnight_or_pre,1648807320000000000,3.7758245384262286,top_vega,SPY:2022-04-01:top_vega:3:441.0,11760000000000,1648833360000000000,0.9977662242525638,956.8578090582087,False,False,False,True,rth,1648833360000000000,ok,14485.785547735448,2189619,3,32.8475862760441,SPY,1.8611655986008433,1784.8578090582087,False,False,False,0.9977662242525638,956.8578090582087,False,False,False,239.75,baseline_proxy_not_known_inventory,,452.28,441.0,mid,2022
7092075388.592896,1672758000000000000,1178,0.1605813502230424,109.51648085211491,False,False,False,1.8174245148795969,1239.483519147885,False,False,False,-1.0,2023-01-03,0DTE,28a6ca45f105c85441489f7141867f2a2c05bbb9528a82145dc91d9edff0d552,-1080000000000,1672756920000000000,0.8394186497769576,572.4835191478851,False,False,False,False,rth,1672756920000000000,3.8486062085946884,key_gamma,SPY:2023-01-03:key_gamma:1:394.0,10020000000000,1672768020000000000,2.817424514879597,1921.483519147885,False,False,False,True,rth,1672768020000000000,ok,11325.120879786971,4517027,1,28.7439616238248,SPY,0.8394186497769576,572.4835191478851,False,False,False,2.817424514879597,1921.483519147885,False,False,False,170.5,baseline_proxy_not_known_inventory,773814687.6443045,381.72,394.0,mid,2023
7092075388.592896,1672758000000000000,1178,1.8394186497769576,1254.483519147885,False,False,False,3.817424514879597,2603.483519147885,False,False,False,1.0,2023-01-03,0DTE,28a6ca45f105c85441489f7141867f2a2c05bbb9528a82145dc91d9edff0d552,-1080000000000,1672756920000000000,0.8394186497769576,572.4835191478851,False,False,False,False,rth,1672756920000000000,3.8486062085946884,call_wall,SPY:2023-01-03:call_wall:1:394.0,10020000000000,1672768020000000000,2.817424514879597,1921.483519147885,False,False,False,True,rth,1672768020000000000,ok,11325.120879786971,4517027,1,28.7439616238248,SPY,0.8394186497769576,572.4835191478851,False,False,False,2.817424514879597,1921.483519147885,False,False,False,170.5,baseline_proxy_not_known_inventory,773814687.6443045,381.72,394.0,mid,2023
7092075388.592896,1672758000000000000,1178,0.6477969423885579,441.79751470899646,False,False,False,2.625802807491197,1790.7975147089965,False,False,False,2.0,2023-01-03,0DTE,28a6ca45f105c85441489f7141867f2a2c05bbb9528a82145dc91d9edff0d552,-1080000000000,1672756920000000000,1.352203057611442,922.2024852910035,False,False,False,False,rth,1672756920000000000,3.8486062085946884,put_wall,SPY:2023-01-03:put_wall:1:381.0,10020000000000,1672768020000000000,0.6258028074911971,426.79751470899646,False,False,False,True,rth,1672768020000000000,ok,10951.44937867725,4517027,1,28.7439616238248,SPY,1.352203057611442,922.2024852910035,False,False,False,0.6258028074911971,426.79751470899646,False,False,False,170.5,baseline_proxy_not_known_inventory,-526528843.8734044,381.72,381.0,mid,2023
7092075388.592896,1672758000000000000,1178,8.42130932422548,5743.332959121777,False,False,False,6.44330345912284,4394.332959121777,False,False,False,-1.0,2023-01-03,0DTE,28a6ca45f105c85441489f7141867f2a2c05bbb9528a82145dc91d9edff0d552,-1080000000000,1672756920000000000,7.421309324225479,5061.332959121777,False,False,False,False,rth,1672756920000000000,3.8486062085946884,gamma_flip,SPY:2023-01-03:gamma_flip:1:345.0,10020000000000,1672768020000000000,5.44330345912284,3712.332959121777,False,False,False,True,rth,1672768020000000000,ok,9916.666760219556,4517027,1,28.7439616238248,SPY,7.421309324225479,5061.332959121777,False,False,False,5.44330345912284,3712.332959121777,False,False,False,170.5,baseline_proxy_not_known_inventory,,381.72,345.0,mid,2023
7092075388.592896,1672758000000000000,1178,1.1605813502230424,791.5164808521149,False,False,False,0.8174245148795969,557.4835191478851,False,False,False,-2.0,2023-01-03,0DTE,28a6ca45f105c85441489f7141867f2a2c05bbb9528a82145dc91d9edff0d552,-1080000000000,1672756920000000000,0.8394186497769576,572.4835191478851,False,False,False,False,rth,1672756920000000000,3.8486062085946884,max_pain,SPY:2023-01-03:max_pain:1:394.0,10020000000000,1672768020000000000,2.817424514879597,1921.483519147885,False,False,False,True,rth,1672768020000000000,ok,11325.120879786971,4517027,1,28.7439616238248,SPY,0.8394186497769576,572.4835191478851,False,False,False,2.817424514879597,1921.483519147885,False,False,False,170.5,baseline_proxy_not_known_inventory,,381.72,394.0,mid,2023
7092075388.592896,1672758000000000000,1178,1.1605813502230424,791.5164808521149,False,False,False,0.8174245148795969,557.4835191478851,False,False,False,-2.0,2023-01-03,0DTE,28a6ca45f105c85441489f7141867f2a2c05bbb9528a82145dc91d9edff0d552,-1080000000000,1672756920000000000,0.8394186497769576,572.4835191478851,False,False,False,False,rth,1672756920000000000,3.8486062085946884,top_gamma,SPY:2023-01-03:top_gamma:1:394.0,10020000000000,1672768020000000000,2.817424514879597,1921.483519147885,False,False,False,True,rth,1672768020000000000,ok,11325.120879786971,4517027,1,28.7439616238248,SPY,0.8394186497769576,572.4835191478851,False,False,False,2.817424514879597,1921.483519147885,False,False,False,170.5,baseline_proxy_not_known_inventory,,381.72,394.0,mid,2023
7092075388.592896,1672758000000000000,1178,0.15355579793971966,104.7250541948888,False,False,False,2.131561663042359,1453.7250541948888,False,False,False,1.0,2023-01-03,0DTE,28a6ca45f105c85441489f7141867f2a2c05bbb9528a82145dc91d9edff0d552,-1080000000000,1672756920000000000,0.8464442020602804,577.2749458051112,False,False,False,False,rth,1672756920000000000,3.8486062085946884,top_gamma,SPY:2023-01-03:top_gamma:2:384.0,10020000000000,1672768020000000000,1.1315616630423588,771.7250541948888,False,False,False,True,rth,1672768020000000000,ok,11037.681263548722,4517027,2,28.7439616238248,SPY,0.8464442020602804,577.2749458051112,False,False,False,1.1315616630423588,771.7250541948888,False,False,False,170.5,baseline_proxy_not_known_inventory,,381.72,384.0,mid,2023
7092075388.592896,1672758000000000000,1178,0.35220305761144216,240.20248529100354,False,False,False,1.6258028074911972,1108.7975147089965,False,False,False,1.0,2023-01-03,0DTE,28a6ca45f105c85441489f7141867f2a2c05bbb9528a82145dc91d9edff0d552,-1080000000000,1672756920000000000,1.352203057611442,922.2024852910035,False,False,False,False,rth,1672756920000000000,3.8486062085946884,top_gamma,SPY:2023-01-03:top_gamma:3:381.0,10020000000000,1672768020000000000,0.6258028074911971,426.79751470899646,False,False,False,True,rth,1672768020000000000,ok,10951.44937867725,4517027,3,28.7439616238248,SPY,1.352203057611442,922.2024852910035,False,False,False,0.6258028074911971,426.79751470899646,False,False,False,170.5,baseline_proxy_not_known_inventory,,381.72,381.0,mid,2023
7092075388.592896,1672758000000000000,1178,1.1605813502230424,791.5164808521149,False,False,False,0.8174245148795969,557.4835191478851,False,False,False,-2.0,2023-01-03,0DTE,28a6ca45f105c85441489f7141867f2a2c05bbb9528a82145dc91d9edff0d552,-1080000000000,1672756920000000000,0.8394186497769576,572.4835191478851,False,False,False,False,rth,1672756920000000000,3.8486062085946884,top_vanna,SPY:2023-01-03:top_vanna:1:394.0,10020000000000,1672768020000000000,2.817424514879597,1921.483519147885,False,False,False,True,rth,1672768020000000000,ok,11325.120879786971,4517027,1,28.7439616238248,SPY,0.8394186497769576,572.4835191478851,False,False,False,2.817424514879597,1921.483519147885,False,False,False,170.5,baseline_proxy_not_known_inventory,,381.72,394.0,mid,2023
7092075388.592896,1672758000000000000,1178,5.2181699057347455,3558.7918757110965,False,False,False,3.240164040632106,2209.7918757110965,False,False,False,-1.0,2023-01-03,0DTE,28a6ca45f105c85441489f7141867f2a2c05bbb9528a82145dc91d9edff0d552,-1080000000000,1672756920000000000,4.2181699057347455,2876.7918757110965,False,False,False,False,rth,1672756920000000000,3.8486062085946884,top_vanna,SPY:2023-01-03:top_vanna:2:364.0,10020000000000,1672768020000000000,2.240164040632106,1527.7918757110965,False,False,False,True,rth,1672768020000000000,ok,10462.802031072226,4517027,2,28.7439616238248,SPY,4.2181699057347455,2876.7918757110965,False,False,False,2.240164040632106,1527.7918757110965,False,False,False,170.5,baseline_proxy_not_known_inventory,,381.72,364.0,mid,2023
7092075388.592896,1672758000000000000,1178,2.0080049349606783,1369.4593656431825,False,False,False,3.9860108000633176,2718.4593656431825,False,False,False,1.0,2023-01-03,0DTE,28a6ca45f105c85441489f7141867f2a2c05bbb9528a82145dc91d9edff0d552,-1080000000000,1672756920000000000,1.0080049349606781,687.4593656431825,False,False,False,False,rth,1672756920000000000,3.8486062085946884,top_vanna,SPY:2023-01-03:top_vanna:3:395.0,10020000000000,1672768020000000000,2.9860108000633176,2036.4593656431825,False,False,False,True,rth,1672768020000000000,ok,11353.864841410796,4517027,3,28.7439616238248,SPY,1.0080049349606781,687.4593656431825,False,False,False,2.9860108000633176,2036.4593656431825,False,False,False,170.5,baseline_proxy_not_known_inventory,,381.72,395.0,mid,2023
7092075388.592896,1672758000000000000,1178,0.1605813502230424,109.51648085211491,False,False,False,1.8174245148795969,1239.483519147885,False,False,False,-1.0,2023-01-03,0DTE,28a6ca45f105c85441489f7141867f2a2c05bbb9528a82145dc91d9edff0d552,-1080000000000,1672756920000000000,0.8394186497769576,572.4835191478851,False,False,False,False,rth,1672756920000000000,3.8486062085946884,top_vega,SPY:2023-01-03:top_vega:1:394.0,10020000000000,1672768020000000000,2.817424514879597,1921.483519147885,False,False,False,True,rth,1672768020000000000,ok,11325.120879786971,4517027,1,28.7439616238248,SPY,0.8394186497769576,572.4835191478851,False,False,False,2.817424514879597,1921.483519147885,False,False,False,170.5,baseline_proxy_not_known_inventory,,381.72,394.0,mid,2023
7092075388.592896,1672758000000000000,1178,1.4907283683071715,1016.676747185491,False,False,False,3.468734233409811,2365.676747185491,False,False,False,2.0,2023-01-03,0DTE,28a6ca45f105c85441489f7141867f2a2c05bbb9528a82145dc91d9edff0d552,-1080000000000,1672756920000000000,0.5092716316928285,347.32325281450903,False,False,False,False,rth,1672756920000000000,3.8486062085946884,top_vega,SPY:2023-01-03:top_vega:2:386.0,10020000000000,1672768020000000000,1.4687342334098108,1001.676747185491,False,False,False,True,rth,1672768020000000000,ok,11095.169186796373,4517027,2,28.7439616238248,SPY,0.5092716316928285,347.32325281450903,False,False,False,1.4687342334098108,1001.676747185491,False,False,False,170.5,baseline_proxy_not_known_inventory,,381.72,386.0,mid,2023
7092075388.592896,1672758000000000000,1178,2.0080049349606783,1369.4593656431825,False,False,False,3.9860108000633176,2718.4593656431825,False,False,False,1.0,2023-01-03,0DTE,28a6ca45f105c85441489f7141867f2a2c05bbb9528a82145dc91d9edff0d552,-1080000000000,1672756920000000000,1.0080049349606781,687.4593656431825,False,False,False,False,rth,1672756920000000000,3.8486062085946884,top_vega,SPY:2023-01-03:top_vega:3:395.0,10020000000000,1672768020000000000,2.9860108000633176,2036.4593656431825,False,False,False,True,rth,1672768020000000000,ok,11353.864841410796,4517027,3,28.7439616238248,SPY,1.0080049349606781,687.4593656431825,False,False,False,2.9860108000633176,2036.4593656431825,False,False,False,170.5,baseline_proxy_not_known_inventory,,381.72,395.0,mid,2023
8071429949.342799,1678716000000000000,2228,1.8387050762564472,2092.446376779837,False,False,False,3.320251649191421,3778.446376779837,False,False,False,1.0,2023-03-13,0DTE,28a6ca45f105c85441489f7141867f2a2c05bbb9528a82145dc91d9edff0d552,-25560000000000,1678690440000000000,0.8387050762564473,954.446376779837,False,False,False,False,overnight_or_pre,1678690440000000000,5.57917498392847,key_gamma,SPY:2023-03-13:key_gamma:1:402.0,-4260000000000,1678711740000000000,2.320251649191421,2640.446376779837,False,False,False,False,overnight_or_pre,1678711740000000000,ok,12334.36159419496,7496821,1,30.682491527848157,SPY,0.8729757265200677,993.446376779837,False,False,False,2.2121672906676952,2517.446376779837,False,False,False,284.5,baseline_proxy_not_known_inventory,-200405592.40388784,385.53,402.0,mid,2023
8071429949.342799,1678716000000000000,2228,0.9653187540565683,1098.5327421163747,False,False,False,0.5162278188784053,587.4672578836253,False,False,False,1.0,2023-03-13,0DTE,28a6ca45f105c85441489f7141867f2a2c05bbb9528a82145dc91d9edff0d552,-25560000000000,1678690440000000000,1.9653187540565682,2236.5327421163747,False,False,False,False,overnight_or_pre,1678690440000000000,5.57917498392847,call_wall,SPY:2023-03-13:call_wall:1:376.0,-4260000000000,1678711740000000000,0.48377218112159465,550.5327421163747,False,False,False,False,overnight_or_pre,1678711740000000000,ok,11536.616814470906,7496821,1,30.682491527848157,SPY,1.931048103792948,2197.5327421163747,False,False,False,0.5918565396453205,673.5327421163747,False,False,False,284.5,baseline_proxy_not_known_inventory,128963894.50373264,385.53,376.0,mid,2023
8071429949.342799,1678716000000000000,2228,2.8387050762564474,3230.446376779837,False,False,False,4.320251649191421,4916.446376779837,False,False,False,2.0,2023-03-13,0DTE,28a6ca45f105c85441489f7141867f2a2c05bbb9528a82145dc91d9edff0d552,-25560000000000,1678690440000000000,0.8387050762564473,954.446376779837,False,False,False,False,overnight_or_pre,1678690440000000000,5.57917498392847,put_wall,SPY:2023-03-13:put_wall:1:402.0,-4260000000000,1678711740000000000,2.320251649191421,2640.446376779837,False,False,False,False,overnight_or_pre,1678711740000000000,ok,12334.36159419496,7496821,1,30.682491527848157,SPY,0.8729757265200677,993.446376779837,False,False,False,2.2121672906676952,2517.446376779837,False,False,False,284.5,baseline_proxy_not_known_inventory,-200405592.40388784,385.53,402.0,mid,2023
8071429949.342799,1678716000000000000,2228,1.2994697242731765,1478.796546222875,False,False,False,2.7810162972081502,3164.796546222875,False,False,False,1.0,2023-03-13,0DTE,28a6ca45f105c85441489f7141867f2a2c05bbb9528a82145dc91d9edff0d552,-25560000000000,1678690440000000000,0.29946972427317653,340.7965462228749,False,False,False,False,overnight_or_pre,1678690440000000000,5.57917498392847,gamma_flip,SPY:2023-03-13:gamma_flip:1:397.0,-4260000000000,1678711740000000000,1.7810162972081502,2026.796546222875,False,False,False,False,overnight_or_pre,1678711740000000000,ok,12180.949136555719,7496821,1,30.682491527848157,SPY,0.33374037453679695,379.7965462228749,False,False,False,1.6729319386844244,1903.796546222875,False,False,False,284.5,baseline_proxy_not_known_inventory,,385.53,397.0,mid,2023
8071429949.342799,1678716000000000000,2228,1.2691419941402082,1444.2835893315569,False,False,False,0.2124045787947655,241.71641066844313,False,False,False,-2.0,2023-03-13,0DTE,28a6ca45f105c85441489f7141867f2a2c05bbb9528a82145dc91d9edff0d552,-25560000000000,1678690440000000000,0.7308580058597919,831.7164106684431,False,False,False,False,overnight_or_pre,1678690440000000000,5.57917498392847,max_pain,SPY:2023-03-13:max_pain:1:401.0,-4260000000000,1678711740000000000,2.2124045787947657,2517.716410668443,False,False,False,False,overnight_or_pre,1678711740000000000,ok,12303.67910266711,7496821,1,30.682491527848157,SPY,0.7651286561234122,870.7164106684431,False,False,False,2.1043202202710396,2394.716410668443,False,False,False,284.5,baseline_proxy_not_known_inventory,,385.53,401.0,mid,2023
8071429949.342799,1678716000000000000,2228,0.16129492374355273,183.553623220163,False,False,False,1.320251649191421,1502.446376779837,False,False,False,-1.0,2023-03-13,0DTE,28a6ca45f105c85441489f7141867f2a2c05bbb9528a82145dc91d9edff0d552,-25560000000000,1678690440000000000,0.8387050762564473,954.446376779837,False,False,False,False,overnight_or_pre,1678690440000000000,5.57917498392847,top_gamma,SPY:2023-03-13:top_gamma:1:402.0,-4260000000000,1678711740000000000,2.320251649191421,2640.446376779837,False,False,False,False,overnight_or_pre,1678711740000000000,ok,12334.36159419496,7496821,1,30.682491527848157,SPY,0.8729757265200677,993.446376779837,False,False,False,2.2121672906676952,2517.446376779837,False,False,False,284.5,baseline_proxy_not_known_inventory,,385.53,402.0,mid,2023
8071429949.342799,1678716000000000000,2228,3.2700933578430624,3721.3662412254052,False,False,False,4.751639930778036,5407.366241225405,False,False,False,2.0,2023-03-13,0DTE,28a6ca45f105c85441489f7141867f2a2c05bbb9528a82145dc91d9edff0d552,-25560000000000,1678690440000000000,1.2700933578430627,1445.3662412254052,False,False,False,False,overnight_or_pre,1678690440000000000,5.57917498392847,top_gamma,SPY:2023-03-13:top_gamma:2:406.0,-4260000000000,1678711740000000000,2.7516399307780364,3131.3662412254052,False,False,False,False,overnight_or_pre,1678711740000000000,ok,12457.091560306351,7496821,2,30.682491527848157,SPY,1.304364008106683,1484.3662412254052,False,False,False,2.6435555722543103,3008.3662412254052,False,False,False,284.5,baseline_proxy_not_known_inventory,,385.53,406.0,mid,2023
8071429949.342799,1678716000000000000,2228,1.544540231496595,1757.686783443125,False,False,False,3.0260868044315687,3443.686783443125,False,False,False,2.0,2023-03-13,0DTE,28a6ca45f105c85441489f7141867f2a2c05bbb9528a82145dc91d9edff0d552,-25560000000000,1678690440000000000,0.4554597685034051,518.313216556875,False,False,False,False,overnight_or_pre,1678690440000000000,5.57917498392847,top_gamma,SPY:2023-03-13:top_gamma:3:390.0,-4260000000000,1678711740000000000,1.0260868044315685,1167.686783443125,False,False,False,False,overnight_or_pre,1678711740000000000,ok,11966.171695860781,7496821,3,30.682491527848157,SPY,0.42118911823978467,479.313216556875,False,False,False,0.9180024459078427,1044.686783443125,False,False,False,284.5,baseline_proxy_not_known_inventory,,385.53,390.0,mid,2023
8071429949.342799,1678716000000000000,2228,2.2700933578430624,2583.3662412254052,False,False,False,3.7516399307780364,4269.366241225405,False,False,False,1.0,2023-03-13,0DTE,28a6ca45f105c85441489f7141867f2a2c05bbb9528a82145dc91d9edff0d552,-25560000000000,1678690440000000000,1.2700933578430627,1445.3662412254052,False,False,False,False,overnight_or_pre,1678690440000000000,5.57917498392847,top_vanna,SPY:2023-03-13:top_vanna:1:406.0,-4260000000000,1678711740000000000,2.7516399307780364,3131.3662412254052,False,False,False,False,overnight_or_pre,1678711740000000000,ok,12457.091560306351,7496821,1,30.682491527848157,SPY,1.304364008106683,1484.3662412254052,False,False,False,2.6435555722543103,3008.3662412254052,False,False,False,284.5,baseline_proxy_not_known_inventory,,385.53,406.0,mid,2023
8071429949.342799,1678716000000000000,2228,1.8387050762564472,2092.446376779837,False,False,False,3.320251649191421,3778.446376779837,False,False,False,1.0,2023-03-13,0DTE,28a6ca45f105c85441489f7141867f2a2c05bbb9528a82145dc91d9edff0d552,-25560000000000,1678690440000000000,0.8387050762564473,954.446376779837,False,False,False,False,overnight_or_pre,1678690440000000000,5.57917498392847,top_vanna,SPY:2023-03-13:top_vanna:2:402.0,-4260000000000,1678711740000000000,2.320251649191421,2640.446376779837,False,False,False,False,overnight_or_pre,1678711740000000000,ok,12334.36159419496,7496821,2,30.682491527848157,SPY,0.8729757265200677,993.446376779837,False,False,False,2.2121672906676952,2517.446376779837,False,False,False,284.5,baseline_proxy_not_known_inventory,,385.53,402.0,mid,2023
8071429949.342799,1678716000000000000,2228,0.7299066421569373,830.6337587745948,False,False,False,0.7516399307780363,855.3662412254052,False,False,False,-2.0,2023-03-13,0DTE,28a6ca45f105c85441489f7141867f2a2c05bbb9528a82145dc91d9edff0d552,-25560000000000,1678690440000000000,1.2700933578430627,1445.3662412254052,False,False,False,False,overnight_or_pre,1678690440000000000,5.57917498392847,top_vanna,SPY:2023-03-13:top_vanna:3:406.0,-4260000000000,1678711740000000000,2.7516399307780364,3131.3662412254052,False,False,False,False,overnight_or_pre,1678711740000000000,ok,12457.091560306351,7496821,3,30.682491527848157,SPY,1.304364008106683,1484.3662412254052,False,False,False,2.6435555722543103,3008.3662412254052,False,False,False,284.5,baseline_proxy_not_known_inventory,,385.53,406.0,mid,2023
8071429949.342799,1678716000000000000,2228,0.7299066421569373,830.6337587745948,False,False,False,0.7516399307780363,855.3662412254052,False,False,False,-2.0,2023-03-13,0DTE,28a6ca45f105c85441489f7141867f2a2c05bbb9528a82145dc91d9edff0d552,-25560000000000,1678690440000000000,1.2700933578430627,1445.3662412254052,False,False,False,False,overnight_or_pre,1678690440000000000,5.57917498392847,top_vega,SPY:2023-03-13:top_vega:1:406.0,-4260000000000,1678711740000000000,2.7516399307780364,3131.3662412254052,False,False,False,False,overnight_or_pre,1678711740000000000,ok,12457.091560306351,7496821,1,30.682491527848157,SPY,1.304364008106683,1484.3662412254052,False,False,False,2.6435555722543103,3008.3662412254052,False,False,False,284.5,baseline_proxy_not_known_inventory,,385.53,406.0,mid,2023
8071429949.342799,1678716000000000000,2228,1.8387050762564472,2092.446376779837,False,False,False,3.320251649191421,3778.446376779837,False,False,False,1.0,2023-03-13,0DTE,28a6ca45f105c85441489f7141867f2a2c05bbb9528a82145dc91d9edff0d552,-25560000000000,1678690440000000000,0.8387050762564473,954.446376779837,False,False,False,False,overnight_or_pre,1678690440000000000,5.57917498392847,top_vega,SPY:2023-03-13:top_vega:2:402.0,-4260000000000,1678711740000000000,2.320251649191421,2640.446376779837,False,False,False,False,overnight_or_pre,1678711740000000000,ok,12334.36159419496,7496821,2,30.682491527848157,SPY,0.8729757265200677,993.446376779837,False,False,False,2.2121672906676952,2517.446376779837,False,False,False,284.5,baseline_proxy_not_known_inventory,,385.53,402.0,mid,2023
8071429949.342799,1678716000000000000,2228,7.092883795559544,8071.701759346761,False,False,False,5.61133722262457,6385.701759346761,False,False,False,-2.0,2023-03-13,0DTE,28a6ca45f105c85441489f7141867f2a2c05bbb9528a82145dc91d9edff0d552,-25560000000000,1678690440000000000,5.092883795559544,5795.701759346761,False,False,False,False,overnight_or_pre,1678690440000000000,5.57917498392847,top_vega,SPY:2023-03-13:top_vega:3:347.0,-4260000000000,1678711740000000000,3.61133722262457,4109.701759346761,False,False,False,False,overnight_or_pre,1678711740000000000,ok,10646.82456016331,7496821,3,30.682491527848157,SPY,5.058613145295923,5756.701759346761,False,False,False,3.719421581148296,4232.701759346761,False,False,False,284.5,baseline_proxy_not_known_inventory,,385.53,347.0,mid,2023
13402997346.158295,1699282800000000000,1593,2.7969591939850806,2103.3133138767807,False,False,False,3.4325974918574214,2581.3133138767807,False,False,False,2.0,2023-11-06,0DTE,28a6ca45f105c85441489f7141867f2a2c05bbb9528a82145dc91d9edff0d552,-1260000000000,1699281540000000000,0.7969591939850807,599.3133138767807,False,False,False,False,rth,1699281540000000000,2.4669464601920814,key_gamma,SPY:2023-11-06:key_gamma:1:442.0,12060000000000,1699294860000000000,1.4325974918574211,1077.3133138767807,False,False,False,True,rth,1699294860000000000,ok,15407.328328469195,5230029,1,34.858208887939355,SPY,0.7969591939850807,599.3133138767807,False,False,False,1.4325974918574211,1077.3133138767807,False,False,False,188.0,baseline_proxy_not_known_inventory,741642354.0071341,435.45,442.0,low,2023
13402997346.158295,1699282800000000000,1593,1.2030408060149191,904.6866861232193,False,False,False,0.5674025081425788,426.68668612321926,False,False,False,-2.0,2023-11-06,0DTE,28a6ca45f105c85441489f7141867f2a2c05bbb9528a82145dc91d9edff0d552,-1260000000000,1699281540000000000,0.7969591939850807,599.3133138767807,False,False,False,False,rth,1699281540000000000,2.4669464601920814,call_wall,SPY:2023-11-06:call_wall:1:442.0,12060000000000,1699294860000000000,1.4325974918574211,1077.3133138767807,False,False,False,True,rth,1699294860000000000,ok,15407.328328469195,5230029,1,34.858208887939355,SPY,0.7969591939850807,599.3133138767807,False,False,False,1.4325974918574211,1077.3133138767807,False,False,False,188.0,baseline_proxy_not_known_inventory,741642354.0071341,435.45,442.0,low,2023
13402997346.158295,1699282800000000000,1593,0.9447048249072453,710.4180283302485,False,False,False,0.3090665270349049,232.4180283302485,False,False,False,-1.0,2023-11-06,0DTE,28a6ca45f105c85441489f7141867f2a2c05bbb9528a82145dc91d9edff0d552,-1260000000000,1699281540000000000,0.05529517509275467,41.58197166975151,False,False,False,False,rth,1699281540000000000,2.4669464601920814,put_wall,SPY:2023-11-06:put_wall:1:438.0,12060000000000,1699294860000000000,0.6909334729650951,519.5819716697515,False,False,False,True,rth,1699294860000000000,ok,15267.895492917438,5230029,1,34.858208887939355,SPY,0.05529517509275467,41.58197166975151,False,False,False,0.6909334729650951,519.5819716697515,False,False,False,188.0,baseline_proxy_not_known_inventory,-599913091.6738249,435.45,438.0,low,2023
13402997346.158295,1699282800000000000,1593,10.659257046892087,8015.761299262849,False,False,False,10.023618749019747,7537.761299262849,False,False,False,-2.0,2023-11-06,0DTE,28a6ca45f105c85441489f7141867f2a2c05bbb9528a82145dc91d9edff0d552,-1260000000000,1699281540000000000,8.659257046892087,6511.761299262849,False,False,False,False,rth,1699281540000000000,2.4669464601920814,gamma_flip,SPY:2023-11-06:gamma_flip:1:391.0,12060000000000,1699294860000000000,8.023618749019747,6033.761299262849,False,False,False,True,rth,1699294860000000000,ok,13629.559675184288,5230029,1,34.858208887939355,SPY,8.659257046892087,6511.761299262849,False,False,False,8.023618749019747,6033.761299262849,False,False,False,188.0,baseline_proxy_not_known_inventory,,435.45,391.0,low,2023
13402997346.158295,1699282800000000000,1593,2.7969591939850806,2103.3133138767807,False,False,False,3.4325974918574214,2581.3133138767807,False,False,False,2.0,2023-11-06,0DTE,28a6ca45f105c85441489f7141867f2a2c05bbb9528a82145dc91d9edff0d552,-1260000000000,1699281540000000000,0.7969591939850807,599.3133138767807,False,False,False,False,rth,1699281540000000000,2.4669464601920814,max_pain,SPY:2023-11-06:max_pain:1:442.0,12060000000000,1699294860000000000,1.4325974918574211,1077.3133138767807,False,False,False,True,rth,1699294860000000000,ok,15407.328328469195,5230029,1,34.858208887939355,SPY,0.7969591939850807,599.3133138767807,False,False,False,1.4325974918574211,1077.3133138767807,False,False,False,188.0,baseline_proxy_not_known_inventory,,435.45,442.0,low,2023
13402997346.158295,1699282800000000000,1593,1.2030408060149191,904.6866861232193,False,False,False,0.5674025081425788,426.68668612321926,False,False,False,-2.0,2023-11-06,0DTE,28a6ca45f105c85441489f7141867f2a2c05bbb9528a82145dc91d9edff0d552,-1260000000000,1699281540000000000,0.7969591939850807,599.3133138767807,False,False,False,False,rth,1699281540000000000,2.4669464601920814,top_gamma,SPY:2023-11-06:top_gamma:1:442.0,12060000000000,1699294860000000000,1.4325974918574211,1077.3133138767807,False,False,False,True,rth,1699294860000000000,ok,15407.328328469195,5230029,1,34.858208887939355,SPY,0.7969591939850807,599.3133138767807,False,False,False,1.4325974918574211,1077.3133138767807,False,False,False,188.0,baseline_proxy_not_known_inventory,,435.45,442.0,low,2023
13402997346.158295,1699282800000000000,1593,1.0552951750927546,793.5819716697515,False,False,False,1.690933472965095,1271.5819716697515,False,False,False,1.0,2023-11-06,0DTE,28a6ca45f105c85441489f7141867f2a2c05bbb9528a82145dc91d9edff0d552,-1260000000000,1699281540000000000,0.05529517509275467,41.58197166975151,False,False,False,False,rth,1699281540000000000,2.4669464601920814,top_gamma,SPY:2023-11-06:top_gamma:2:438.0,12060000000000,1699294860000000000,0.6909334729650951,519.5819716697515,False,False,False,True,rth,1699294860000000000,ok,15267.895492917438,5230029,2,34.858208887939355,SPY,0.05529517509275467,41.58197166975151,False,False,False,0.6909334729650951,519.5819716697515,False,False,False,188.0,baseline_proxy_not_known_inventory,,435.45,438.0,low,2023
13402997346.158295,1699282800000000000,1593,1.871784848522653,1407.582206089035,False,False,False,1.2361465506503124,929.582206089035,False,False,False,-1.0,2023-11-06,0DTE,28a6ca45f105c85441489f7141867f2a2c05bbb9528a82145dc91d9edff0d552,-1260000000000,1699281540000000000,0.8717848485226529,655.582206089035,False,False,False,False,rth,1699281540000000000,2.4669464601920814,top_gamma,SPY:2023-11-06:top_gamma:3:433.0,12060000000000,1699294860000000000,0.23614655065031254,177.58220608903503,False,False,False,True,rth,1699294860000000000,ok,15093.604448477741,5230029,3,34.858208887939355,SPY,0.8717848485226529,655.582206089035,False,False,False,0.23614655065031254,177.58220608903503,False,False,False,188.0,baseline_proxy_not_known_inventory,,435.45,433.0,low,2023
13402997346.158295,1699282800000000000,1593,1.7969591939850809,1351.3133138767807,False,False,False,2.4325974918574214,1829.3133138767807,False,False,False,1.0,2023-11-06,0DTE,28a6ca45f105c85441489f7141867f2a2c05bbb9528a82145dc91d9edff0d552,-1260000000000,1699281540000000000,0.7969591939850807,599.3133138767807,False,False,False,False,rth,1699281540000000000,2.4669464601920814,top_vanna,SPY:2023-11-06:top_vanna:1:442.0,12060000000000,1699294860000000000,1.4325974918574211,1077.3133138767807,False,False,False,True,rth,1699294860000000000,ok,15407.328328469195,5230029,1,34.858208887939355,SPY,0.7969591939850807,599.3133138767807,False,False,False,1.4325974918574211,1077.3133138767807,False,False,False,188.0,baseline_proxy_not_known_inventory,,435.45,442.0,low,2023
13402997346.158295,1699282800000000000,1593,0.8322087965687561,625.8210150197046,False,False,False,0.19657049869641574,147.82101501970465,False,False,False,-2.0,2023-11-06,0DTE,28a6ca45f105c85441489f7141867f2a2c05bbb9528a82145dc91d9edff0d552,-1260000000000,1699281540000000000,1.1677912034312439,878.1789849802954,False,False,False,False,rth,1699281540000000000,2.4669464601920814,top_vanna,SPY:2023-11-06:top_vanna:2:444.0,12060000000000,1699294860000000000,1.8034295013035841,1356.1789849802954,False,False,False,True,rth,1699294860000000000,ok,15477.044746245074,5230029,2,34.858208887939355,SPY,1.1677912034312439,878.1789849802954,False,False,False,1.8034295013035841,1356.1789849802954,False,False,False,188.0,baseline_proxy_not_known_inventory,,435.45,444.0,low,2023
13402997346.158295,1699282800000000000,1593,3.651119241215896,2745.641669394354,False,False,False,4.286757539088237,3223.641669394354,False,False,False,1.0,2023-11-06,0DTE,28a6ca45f105c85441489f7141867f2a2c05bbb9528a82145dc91d9edff0d552,-1260000000000,1699281540000000000,2.651119241215896,1993.6416693943538,False,False,False,False,rth,1699281540000000000,2.4669464601920814,top_vanna,SPY:2023-11-06:top_vanna:3:452.0,12060000000000,1699294860000000000,3.2867575390882364,2471.641669394354,False,False,False,True,rth,1699294860000000000,ok,15755.910417348588,5230029,3,34.858208887939355,SPY,2.651119241215896,1993.6416693943538,False,False,False,3.2867575390882364,2471.641669394354,False,False,False,188.0,baseline_proxy_not_known_inventory,,435.45,452.0,low,2023
13402997346.158295,1699282800000000000,1593,1.130120829630327,849.8508638820058,False,False,False,0.49448253175798645,371.8508638820058,False,False,False,-1.0,2023-11-06,0DTE,28a6ca45f105c85441489f7141867f2a2c05bbb9528a82145dc91d9edff0d552,-1260000000000,1699281540000000000,0.13012082963032687,97.8508638820058,False,False,False,False,rth,1699281540000000000,2.4669464601920814,top_vega,SPY:2023-11-06:top_vega:1:437.0,12060000000000,1699294860000000000,0.5055174682420136,380.1491361179942,False,False,False,True,rth,1699294860000000000,ok,15233.037284029499,5230029,1,34.858208887939355,SPY,0.13012082963032687,97.8508638820058,False,False,False,0.5055174682420136,380.1491361179942,False,False,False,188.0,baseline_proxy_not_known_inventory,,435.45,437.0,low,2023
13402997346.158295,1699282800000000000,1593,1.3155368343534084,989.2836994337631,False,False,False,0.6798985364810679,511.2836994337631,False,False,False,-1.0,2023-11-06,0DTE,28a6ca45f105c85441489f7141867f2a2c05bbb9528a82145dc91d9edff0d552,-1260000000000,1699281540000000000,0.3155368343534084,237.2836994337631,False,False,False,False,rth,1699281540000000000,2.4669464601920814,top_vega,SPY:2023-11-06:top_vega:2:436.0,12060000000000,1699294860000000000,0.32010146351893204,240.7163005662369,False,False,False,True,rth,1699294860000000000,ok,15198.17907514156,5230029,2,34.858208887939355,SPY,0.3155368343534084,237.2836994337631,False,False,False,0.32010146351893204,240.7163005662369,False,False,False,188.0,baseline_proxy_not_known_inventory,,435.45,436.0,low,2023
13402997346.158295,1699282800000000000,1593,0.4990471609235101,375.2834650144796,False,False,False,1.1346854587958506,853.2834650144796,False,False,False,1.0,2023-11-06,0DTE,28a6ca45f105c85441489f7141867f2a2c05bbb9528a82145dc91d9edff0d552,-1260000000000,1699281540000000000,0.5009528390764899,376.7165349855204,False,False,False,False,rth,1699281540000000000,2.4669464601920814,top_vega,SPY:2023-11-06:top_vega:3:435.0,12060000000000,1699294860000000000,0.1346854587958505,101.28346501447959,False,False,False,True,rth,1699294860000000000,ok,15163.32086625362,5230029,3,34.858208887939355,SPY,0.5009528390764899,376.7165349855204,False,False,False,0.1346854587958505,101.28346501447959,False,False,False,188.0,baseline_proxy_not_known_inventory,,435.45,435.0,low,2023
12532951020.39171,1704207600000000000,1252,0.26208324772725794,177.43035871135362,False,False,False,2.1958192633510287,1486.5696412886464,False,False,False,2.0,2024-01-02,0DTE,8bd0d4a923f05bd3c94c189f582f7f0ef316e33da697d5a69f66e907ddf24ce2,-50100000000000,1704157500000000000,2.262083247727258,1531.4303587113536,False,False,False,False,overnight_or_pre,1704157500000000000,2.5935925898571557,key_gamma,SPY:2024-01-02:key_gamma:1:465.0,18840000000000,1704226440000000000,0.19581926335102862,132.56964128864638,False,False,False,True,rth,1704226440000000000,ok,16655.64241032216,3680720,1,35.81858582864981,SPY,1.2871940305928413,871.4303587113536,False,False,False,0.19581926335102862,132.56964128864638,False,False,False,169.25,baseline_proxy_not_known_inventory,904211727.2742982,472.27,465.0,low,2024
12532951020.39171,1704207600000000000,1252,1.2620832477272579,854.4303587113536,False,False,False,1.1958192633510287,809.5696412886464,False,False,False,1.0,2024-01-02,0DTE,8bd0d4a923f05bd3c94c189f582f7f0ef316e33da697d5a69f66e907ddf24ce2,-50100000000000,1704157500000000000,2.262083247727258,1531.4303587113536,False,False,False,False,overnight_or_pre,1704157500000000000,2.5935925898571557,call_wall,SPY:2024-01-02:call_wall:1:465.0,18840000000000,1704226440000000000,0.19581926335102862,132.56964128864638,False,False,False,True,rth,1704226440000000000,ok,16655.64241032216,3680720,1,35.81858582864981,SPY,1.2871940305928413,871.4303587113536,False,False,False,0.19581926335102862,132.56964128864638,False,False,False,169.25,baseline_proxy_not_known_inventory,904211727.2742982,472.27,465.0,low,2024
12532951020.39171,1704207600000000000,1252,2.4155583241550347,1635.3329854529584,False,False,False,0.04234418692325202,28.667014547041617,False,False,False,-1.0,2024-01-02,0DTE,8bd0d4a923f05bd3c94c189f582f7f0ef316e33da697d5a69f66e907ddf24ce2,-50100000000000,1704157500000000000,1.4155583241550345,958.3329854529584,False,False,False,False,overnight_or_pre,1704157500000000000,2.5935925898571557,put_wall,SPY:2024-01-02:put_wall:1:469.0,18840000000000,1704226440000000000,1.042344186923252,705.6670145470416,False,False,False,True,rth,1704226440000000000,ok,16798.91675363676,3680720,1,35.81858582864981,SPY,0.440669107020618,298.3329854529584,False,False,False,1.042344186923252,705.6670145470416,False,False,False,169.25,baseline_proxy_not_known_inventory,-816396866.7500017,472.27,469.0,low,2024
12532951020.39171,1704207600000000000,1252,11.092438790770352,7509.581061351528,False,False,False,8.634536279692064,5845.581061351528,False,False,False,-1.0,2024-01-02,0DTE,8bd0d4a923f05bd3c94c189f582f7f0ef316e33da697d5a69f66e907ddf24ce2,-50100000000000,1704157500000000000,10.092438790770352,6832.581061351528,False,False,False,False,overnight_or_pre,1704157500000000000,2.5935925898571557,gamma_flip,SPY:2024-01-02:gamma_flip:1:428.0,18840000000000,1704226440000000000,7.634536279692065,5168.581061351528,False,False,False,True,rth,1704226440000000000,ok,15330.354734662118,3680720,1,35.81858582864981,SPY,9.117549573635934,6172.581061351528,False,False,False,7.634536279692065,5168.581061351528,False,False,False,169.25,baseline_proxy_not_known_inventory,,472.27,428.0,low,2024
12532951020.39171,1704207600000000000,1252,1.6853457095133804,1140.9790453405585,False,False,False,0.7725568015649061,523.0209546594415,False,False,False,1.0,2024-01-02,0DTE,8bd0d4a923f05bd3c94c189f582f7f0ef316e33da697d5a69f66e907ddf24ce2,-50100000000000,1704157500000000000,2.6853457095133804,1817.9790453405585,False,False,False,False,overnight_or_pre,1704157500000000000,2.5935925898571557,max_pain,SPY:2024-01-02:max_pain:1:463.0,18840000000000,1704226440000000000,0.2274431984350938,153.9790453405585,False,False,False,True,rth,1704226440000000000,ok,16584.00523866486,3680720,1,35.81858582864981,SPY,1.7104564923789638,1157.9790453405585,False,False,False,0.2274431984350938,153.9790453405585,False,False,False,169.25,baseline_proxy_not_known_inventory,,472.27,463.0,low,2024
12532951020.39171,1704207600000000000,1252,4.262083247727258,2885.4303587113536,False,False,False,1.8041807366489713,1221.4303587113536,False,False,False,-2.0,2024-01-02,0DTE,8bd0d4a923f05bd3c94c189f582f7f0ef316e33da697d5a69f66e907ddf24ce2,-50100000000000,1704157500000000000,2.262083247727258,1531.4303587113536,False,False,False,False,overnight_or_pre,1704157500000000000,2.5935925898571557,top_gamma,SPY:2024-01-02:top_gamma:1:465.0,18840000000000,1704226440000000000,0.19581926335102862,132.56964128864638,False,False,False,True,rth,1704226440000000000,ok,16655.64241032216,3680720,1,35.81858582864981,SPY,1.2871940305928413,871.4303587113536,False,False,False,0.19581926335102862,132.56964128864638,False,False,False,169.25,baseline_proxy_not_known_inventory,,472.27,465.0,low,2024
12532951020.39171,1704207600000000000,1252,0.4155583241550345,281.3329854529584,False,False,False,2.042344186923252,1382.6670145470416,False,False,False,1.0,2024-01-02,0DTE,8bd0d4a923f05bd3c94c189f582f7f0ef316e33da697d5a69f66e907ddf24ce2,-50100000000000,1704157500000000000,1.4155583241550345,958.3329854529584,False,False,False,False,overnight_or_pre,1704157500000000000,2.5935925898571557,top_gamma,SPY:2024-01-02:top_gamma:2:469.0,18840000000000,1704226440000000000,1.042344186923252,705.6670145470416,False,False,False,True,rth,1704226440000000000,ok,16798.91675363676,3680720,2,35.81858582864981,SPY,0.440669107020618,298.3329854529584,False,False,False,1.042344186923252,705.6670145470416,False,False,False,169.25,baseline_proxy_not_known_inventory,,472.27,469.0,low,2024
12532951020.39171,1704207600000000000,1252,2.838820785941157,1921.8816720821633,False,False,False,0.38091827486287044,257.8816720821633,False,False,False,-1.0,2024-01-02,0DTE,8bd0d4a923f05bd3c94c189f582f7f0ef316e33da697d5a69f66e907ddf24ce2,-50100000000000,1704157500000000000,1.838820785941157,1244.8816720821633,False,False,False,False,overnight_or_pre,1704157500000000000,2.5935925898571557,top_gamma,SPY:2024-01-02:top_gamma:3:467.0,18840000000000,1704226440000000000,0.6190817251371296,419.1183279178367,False,False,False,True,rth,1704226440000000000,ok,16727.27958197946,3680720,3,35.81858582864981,SPY,0.8639315688067405,584.8816720821633,False,False,False,0.6190817251371296,419.1183279178367,False,False,False,169.25,baseline_proxy_not_known_inventory,,472.27,467.0,low,2024
12532951020.39171,1704207600000000000,1252,4.262083247727258,2885.4303587113536,False,False,False,1.8041807366489713,1221.4303587113536,False,False,False,-2.0,2024-01-02,0DTE,8bd0d4a923f05bd3c94c189f582f7f0ef316e33da697d5a69f66e907ddf24ce2,-50100000000000,1704157500000000000,2.262083247727258,1531.4303587113536,False,False,False,False,overnight_or_pre,1704157500000000000,2.5935925898571557,top_vanna,SPY:2024-01-02:top_vanna:1:465.0,18840000000000,1704226440000000000,0.19581926335102862,132.56964128864638,False,False,False,True,rth,1704226440000000000,ok,16655.64241032216,3680720,1,35.81858582864981,SPY,1.2871940305928413,871.4303587113536,False,False,False,0.19581926335102862,132.56964128864638,False,False,False,169.25,baseline_proxy_not_known_inventory,,472.27,465.0,low,2024
12532951020.39171,1704207600000000000,1252,3.838820785941157,2598.8816720821633,False,False,False,1.3809182748628703,934.8816720821633,False,False,False,-2.0,2024-01-02,0DTE,8bd0d4a923f05bd3c94c189f582f7f0ef316e33da697d5a69f66e907ddf24ce2,-50100000000000,1704157500000000000,1.838820785941157,1244.8816720821633,False,False,False,False,overnight_or_pre,1704157500000000000,2.5935925898571557,top_vanna,SPY:2024-01-02:top_vanna:2:467.0,18840000000000,1704226440000000000,0.6190817251371296,419.1183279178367,False,False,False,True,rth,1704226440000000000,ok,16727.27958197946,3680720,2,35.81858582864981,SPY,0.8639315688067405,584.8816720821633,False,False,False,0.6190817251371296,419.1183279178367,False,False,False,169.25,baseline_proxy_not_known_inventory,,472.27,467.0,low,2024
12532951020.39171,1704207600000000000,1252,5.907473633890464,3999.359650143844,False,False,False,3.4495711228121775,2335.359650143844,False,False,False,-1.0,2024-01-02,0DTE,8bd0d4a923f05bd3c94c189f582f7f0ef316e33da697d5a69f66e907ddf24ce2,-50100000000000,1704157500000000000,4.907473633890464,3322.359650143844,False,False,False,False,overnight_or_pre,1704157500000000000,2.5935925898571557,top_vanna,SPY:2024-01-02:top_vanna:3:452.5,18840000000000,1704226440000000000,2.4495711228121775,1658.3596501438442,False,False,False,True,rth,1704226440000000000,ok,16207.910087464039,3680720,3,35.81858582864981,SPY,3.9325844167560478,2662.359650143844,False,False,False,2.4495711228121775,1658.3596501438442,False,False,False,169.25,baseline_proxy_not_known_inventory,,472.27,452.5,low,2024
12532951020.39171,1704207600000000000,1252,2.4155583241550347,1635.3329854529584,False,False,False,0.04234418692325202,28.667014547041617,False,False,False,-1.0,2024-01-02,0DTE,8bd0d4a923f05bd3c94c189f582f7f0ef316e33da697d5a69f66e907ddf24ce2,-50100000000000,1704157500000000000,1.4155583241550345,958.3329854529584,False,False,False,False,overnight_or_pre,1704157500000000000,2.5935925898571557,top_vega,SPY:2024-01-02:top_vega:1:469.0,18840000000000,1704226440000000000,1.042344186923252,705.6670145470416,False,False,False,True,rth,1704226440000000000,ok,16798.91675363676,3680720,1,35.81858582864981,SPY,0.440669107020618,298.3329854529584,False,False,False,1.042344186923252,705.6670145470416,False,False,False,169.25,baseline_proxy_not_known_inventory,,472.27,469.0,low,2024
12532951020.39171,1704207600000000000,1252,1.3574021696897607,918.961268879968,False,False,False,1.100500341388526,745.038731120032,False,False,False,-1.0,2024-01-02,0DTE,8bd0d4a923f05bd3c94c189f582f7f0ef316e33da697d5a69f66e907ddf24ce2,-50100000000000,1704157500000000000,0.3574021696897607,241.96126887996797,False,False,False,False,overnight_or_pre,1704157500000000000,2.5935925898571557,top_vega,SPY:2024-01-02:top_vega:2:474.0,18840000000000,1704226440000000000,2.1005003413885257,1422.038731120032,False,False,False,True,rth,1704226440000000000,ok,16978.009682780008,3680720,2,35.81858582864981,SPY,0.6174870474446559,418.038731120032,False,False,False,2.1005003413885257,1422.038731120032,False,False,False,169.25,baseline_proxy_not_known_inventory,,472.27,474.0,low,2024
12532951020.39171,1704207600000000000,1252,0.8388207859411569,567.8816720821633,False,False,False,1.6190817251371297,1096.1183279178367,False,False,False,1.0,2024-01-02,0DTE,8bd0d4a923f05bd3c94c189f582f7f0ef316e33da697d5a69f66e907ddf24ce2,-50100000000000,1704157500000000000,1.838820785941157,1244.8816720821633,False,False,False,False,overnight_or_pre,1704157500000000000,2.5935925898571557,top_vega,SPY:2024-01-02:top_vega:3:467.0,18840000000000,1704226440000000000,0.6190817251371296,419.1183279178367,False,False,False,True,rth,1704226440000000000,ok,16727.27958197946,3680720,3,35.81858582864981,SPY,0.8639315688067405,584.8816720821633,False,False,False,0.6190817251371296,419.1183279178367,False,False,False,169.25,baseline_proxy_not_known_inventory,,472.27,467.0,low,2024
16889236537.031343,1709305200000000000,1556,0.5950294993882386,502.7999269830616,False,False,False,1.0298225716176785,870.2000730169384,False,False,False,2.0,2024-03-01,0DTE,8bd0d4a923f05bd3c94c189f582f7f0ef316e33da697d5a69f66e907ddf24ce2,16200000000000,1709321400000000000,2.5950294993882386,2192.7999269830616,False,False,False,True,rth,1709321400000000000,2.680841405313698,key_gamma,SPY:2024-03-01:key_gamma:1:502.0,-16500000000000,1709288700000000000,0.9701774283823215,819.7999269830616,False,False,False,False,overnight_or_pre,1709288700000000000,ok,17824.550018254235,4907538,1,35.50707174951043,SPY,2.5950294993882386,2192.7999269830616,False,False,False,1.274319440216641,1076.7999269830616,False,False,False,211.25,baseline_proxy_not_known_inventory,1313678954.382764,509.09,502.0,low,2024
16889236537.031343,1709305200000000000,1556,0.5950294993882386,502.7999269830616,False,False,False,1.0298225716176785,870.2000730169384,False,False,False,2.0,2024-03-01,0DTE,8bd0d4a923f05bd3c94c189f582f7f0ef316e33da697d5a69f66e907ddf24ce2,16200000000000,1709321400000000000,2.5950294993882386,2192.7999269830616,False,False,False,True,rth,1709321400000000000,2.680841405313698,call_wall,SPY:2024-03-01:call_wall:1:502.0,-16500000000000,1709288700000000000,0.9701774283823215,819.7999269830616,False,False,False,False,overnight_or_pre,1709288700000000000,ok,17824.550018254235,4907538,1,35.50707174951043,SPY,2.5950294993882386,2192.7999269830616,False,False,False,1.274319440216641,1076.7999269830616,False,False,False,211.25,baseline_proxy_not_known_inventory,1313678954.382764,509.09,502.0,low,2024
16889236537.031343,1709305200000000000,1556,0.7546254343110566,637.6584919928428,False,False,False,0.8702266366948607,735.3415080071572,False,False,False,1.0,2024-03-01,0DTE,8bd0d4a923f05bd3c94c189f582f7f0ef316e33da697d5a69f66e907ddf24ce2,16200000000000,1709321400000000000,1.7546254343110566,1482.6584919928428,False,False,False,True,rth,1709321400000000000,2.680841405313698,put_wall,SPY:2024-03-01:put_wall:1:507.0,-16500000000000,1709288700000000000,0.12977336330513936,109.65849199284276,False,False,False,False,overnight_or_pre,1709288700000000000,ok,18002.08537700179,4907538,1,35.50707174951043,SPY,1.7546254343110566,1482.6584919928428,False,False,False,0.4339153751394589,366.65849199284276,False,False,False,211.25,baseline_proxy_not_known_inventory,-863199402.428512,509.09,507.0,low,2024
16889236537.031343,1709305200000000000,1556,8.30129226382039,7014.591962928229,False,False,False,6.676440192814472,5641.591962928229,False,False,False,-1.0,2024-03-01,0DTE,8bd0d4a923f05bd3c94c189f582f7f0ef316e33da697d5a69f66e907ddf24ce2,16200000000000,1709321400000000000,7.30129226382039,6169.591962928229,False,False,False,True,rth,1709321400000000000,2.680841405313698,gamma_flip,SPY:2024-03-01:gamma_flip:1:474.0,-16500000000000,1709288700000000000,5.676440192814472,4796.591962928229,False,False,False,False,overnight_or_pre,1709288700000000000,ok,16830.352009267943,4907538,1,35.50707174951043,SPY,7.30129226382039,6169.591962928229,False,False,False,5.980582204648791,5053.591962928229,False,False,False,211.25,baseline_proxy_not_known_inventory,,509.09,474.0,low,2024
16889236537.031343,1709305200000000000,1556,2.60351437748084,2199.9696489713097,False,False,False,0.9786623064749227,826.9696489713097,False,False,False,1.0,2024-03-01,0DTE,8bd0d4a923f05bd3c94c189f582f7f0ef316e33da697d5a69f66e907ddf24ce2,16200000000000,1709321400000000000,3.60351437748084,3044.9696489713097,False,False,False,True,rth,1709321400000000000,2.680841405313698,max_pain,SPY:2024-03-01:max_pain:1:496.0,-16500000000000,1709288700000000000,1.9786623064749227,1671.9696489713097,False,False,False,False,overnight_or_pre,1709288700000000000,ok,17611.507587757173,4907538,1,35.50707174951043,SPY,3.60351437748084,3044.9696489713097,False,False,False,2.282804318309242,1928.9696489713097,False,False,False,211.25,baseline_proxy_not_known_inventory,,509.09,496.0,low,2024
16889236537.031343,1709305200000000000,1556,0.5950294993882386,502.7999269830616,False,False,False,1.0298225716176785,870.2000730169384,False,False,False,2.0,2024-03-01,0DTE,8bd0d4a923f05bd3c94c189f582f7f0ef316e33da697d5a69f66e907ddf24ce2,16200000000000,1709321400000000000,2.5950294993882386,2192.7999269830616,False,False,False,True,rth,1709321400000000000,2.680841405313698,top_gamma,SPY:2024-03-01:top_gamma:1:502.0,-16500000000000,1709288700000000000,0.9701774283823215,819.7999269830616,False,False,False,False,overnight_or_pre,1709288700000000000,ok,17824.550018254235,4907538,1,35.50707174951043,SPY,2.5950294993882386,2192.7999269830616,False,False,False,1.274319440216641,1076.7999269830616,False,False,False,211.25,baseline_proxy_not_known_inventory,,509.09,502.0,low,2024
16889236537.031343,1709305200000000000,1556,0.7546254343110566,637.6584919928428,False,False,False,0.8702266366948607,735.3415080071572,False,False,False,1.0,2024-03-01,0DTE,8bd0d4a923f05bd3c94c189f582f7f0ef316e33da697d5a69f66e907ddf24ce2,16200000000000,1709321400000000000,1.7546254343110566,1482.6584919928428,False,False,False,True,rth,1709321400000000000,2.680841405313698,top_gamma,SPY:2024-03-01:top_gamma:2:507.0,-16500000000000,1709288700000000000,0.12977336330513936,109.65849199284276,False,False,False,False,overnight_or_pre,1709288700000000000,ok,18002.08537700179,4907538,2,35.50707174951043,SPY,1.7546254343110566,1482.6584919928428,False,False,False,0.4339153751394589,366.65849199284276,False,False,False,211.25,baseline_proxy_not_known_inventory,,509.09,507.0,low,2024
16889236537.031343,1709305200000000000,1556,2.922706247326493,2469.6867789908865,False,False,False,1.2978541763205758,1096.6867789908865,False,False,False,-1.0,2024-03-01,0DTE,8bd0d4a923f05bd3c94c189f582f7f0ef316e33da697d5a69f66e907ddf24ce2,16200000000000,1709321400000000000,1.9227062473264929,1624.6867789908865,False,False,False,True,rth,1709321400000000000,2.680841405313698,top_gamma,SPY:2024-03-01:top_gamma:3:506.0,-16500000000000,1709288700000000000,0.29785417632057576,251.68677899088652,False,False,False,False,overnight_or_pre,1709288700000000000,ok,17966.57830525228,4907538,3,35.50707174951043,SPY,1.9227062473264929,1624.6867789908865,False,False,False,0.6019961881548953,508.6867789908865,False,False,False,211.25,baseline_proxy_not_known_inventory,,509.09,506.0,low,2024
16889236537.031343,1709305200000000000,1556,3.5950294993882386,3037.7999269830616,False,False,False,1.9701774283823215,1664.7999269830616,False,False,False,-1.0,2024-03-01,0DTE,8bd0d4a923f05bd3c94c189f582f7f0ef316e33da697d5a69f66e907ddf24ce2,16200000000000,1709321400000000000,2.5950294993882386,2192.7999269830616,False,False,False,True,rth,1709321400000000000,2.680841405313698,top_vanna,SPY:2024-03-01:top_vanna:1:502.0,-16500000000000,1709288700000000000,0.9701774283823215,819.7999269830616,False,False,False,False,overnight_or_pre,1709288700000000000,ok,17824.550018254235,4907538,1,35.50707174951043,SPY,2.5950294993882386,2192.7999269830616,False,False,False,1.274319440216641,1076.7999269830616,False,False,False,211.25,baseline_proxy_not_known_inventory,,509.09,502.0,low,2024
16889236537.031343,1709305200000000000,1556,4.60351437748084,3889.9696489713097,False,False,False,2.9786623064749227,2516.9696489713097,False,False,False,-1.0,2024-03-01,0DTE,8bd0d4a923f05bd3c94c189f582f7f0ef316e33da697d5a69f66e907ddf24ce2,16200000000000,1709321400000000000,3.60351437748084,3044.9696489713097,False,False,False,True,rth,1709321400000000000,2.680841405313698,top_vanna,SPY:2024-03-01:top_vanna:2:496.0,-16500000000000,1709288700000000000,1.9786623064749227,1671.9696489713097,False,False,False,False,overnight_or_pre,1709288700000000000,ok,17611.507587757173,4907538,2,35.50707174951043,SPY,3.60351437748084,3044.9696489713097,False,False,False,2.282804318309242,1928.9696489713097,False,False,False,211.25,baseline_proxy_not_known_inventory,,509.09,496.0,low,2024
16889236537.031343,1709305200000000000,1556,3.107756816527132,2626.0545099654264,False,False,False,1.4829047455212148,1253.0545099654264,False,False,False,1.0,2024-03-01,0DTE,8bd0d4a923f05bd3c94c189f582f7f0ef316e33da697d5a69f66e907ddf24ce2,16200000000000,1709321400000000000,4.107756816527131,3471.0545099654264,False,False,False,True,rth,1709321400000000000,2.680841405313698,top_vanna,SPY:2024-03-01:top_vanna:3:493.0,-16500000000000,1709288700000000000,2.4829047455212145,2098.0545099654264,False,False,False,False,overnight_or_pre,1709288700000000000,ok,17504.986372508643,4907538,3,35.50707174951043,SPY,4.107756816527131,3471.0545099654264,False,False,False,2.7870467573555344,2355.0545099654264,False,False,False,211.25,baseline_proxy_not_known_inventory,,509.09,493.0,low,2024
16889236537.031343,1709305200000000000,1556,4.595029499388239,3882.7999269830616,False,False,False,2.9701774283823212,2509.7999269830616,False,False,False,-2.0,2024-03-01,0DTE,8bd0d4a923f05bd3c94c189f582f7f0ef316e33da697d5a69f66e907ddf24ce2,16200000000000,1709321400000000000,2.5950294993882386,2192.7999269830616,False,False,False,True,rth,1709321400000000000,2.680841405313698,top_vega,SPY:2024-03-01:top_vega:1:502.0,-16500000000000,1709288700000000000,0.9701774283823215,819.7999269830616,False,False,False,False,overnight_or_pre,1709288700000000000,ok,17824.550018254235,4907538,1,35.50707174951043,SPY,2.5950294993882386,2192.7999269830616,False,False,False,1.274319440216641,1076.7999269830616,False,False,False,211.25,baseline_proxy_not_known_inventory,,509.09,502.0,low,2024
16889236537.031343,1709305200000000000,1556,2.60351437748084,2199.9696489713097,False,False,False,0.9786623064749227,826.9696489713097,False,False,False,1.0,2024-03-01,0DTE,8bd0d4a923f05bd3c94c189f582f7f0ef316e33da697d5a69f66e907ddf24ce2,16200000000000,1709321400000000000,3.60351437748084,3044.9696489713097,False,False,False,True,rth,1709321400000000000,2.680841405313698,top_vega,SPY:2024-03-01:top_vega:2:496.0,-16500000000000,1709288700000000000,1.9786623064749227,1671.9696489713097,False,False,False,False,overnight_or_pre,1709288700000000000,ok,17611.507587757173,4907538,2,35.50707174951043,SPY,3.60351437748084,3044.9696489713097,False,False,False,2.282804318309242,1928.9696489713097,False,False,False,211.25,baseline_proxy_not_known_inventory,,509.09,496.0,low,2024
16889236537.031343,1709305200000000000,1556,0.24537456568894347,207.34150800715724,False,False,False,1.8702266366948606,1580.3415080071572,False,False,False,2.0,2024-03-01,0DTE,8bd0d4a923f05bd3c94c189f582f7f0ef316e33da697d5a69f66e907ddf24ce2,16200000000000,1709321400000000000,1.7546254343110566,1482.6584919928428,False,False,False,True,rth,1709321400000000000,2.680841405313698,top_vega,SPY:2024-03-01:top_vega:3:507.0,-16500000000000,1709288700000000000,0.12977336330513936,109.65849199284276,False,False,False,False,overnight_or_pre,1709288700000000000,ok,18002.08537700179,4907538,3,35.50707174951043,SPY,1.7546254343110566,1482.6584919928428,False,False,False,0.4339153751394589,366.65849199284276,False,False,False,211.25,baseline_proxy_not_known_inventory,,509.09,507.0,low,2024
11005296941.367416,1735830000000000000,1125,1.6833294707279312,2063.7619311124436,False,False,False,3.3366736795370664,4090.7619311124436,False,False,False,1.0,2025-01-02,0DTE,ba227282046f8175d0100fba965ad480a3d2a5b278ca8f0b49800cb8a25ec991,-9840000000000,1735820160000000000,0.6833294707279312,837.7619311124436,False,False,False,False,overnight_or_pre,1735820160000000000,3.882141579833439,key_gamma,SPY:2025-01-02:key_gamma:1:598.0,10200000000000,1735840200000000000,2.3366736795370664,2864.7619311124436,False,False,False,True,rth,1735840200000000000,ok,21699.94048277811,2586518,1,36.287525890933296,SPY,0.8350423581667565,1023.7619311124436,False,False,False,2.3366736795370664,2864.7619311124436,False,False,False,306.5,baseline_proxy_not_known_inventory,522900324.74235225,590.17,598.0,low,2025
11005296941.367416,1735830000000000000,1125,1.3166705292720688,1614.2380688875564,False,False,False,0.3366736795370665,412.76193111244356,False,False,False,-2.0,2025-01-02,0DTE,ba227282046f8175d0100fba965ad480a3d2a5b278ca8f0b49800cb8a25ec991,-9840000000000,1735820160000000000,0.6833294707279312,837.7619311124436,False,False,False,False,overnight_or_pre,1735820160000000000,3.882141579833439,call_wall,SPY:2025-01-02:call_wall:1:598.0,10200000000000,1735840200000000000,2.3366736795370664,2864.7619311124436,False,False,False,True,rth,1735840200000000000,ok,21699.94048277811,2586518,1,36.287525890933296,SPY,0.8350423581667565,1023.7619311124436,False,False,False,2.3366736795370664,2864.7619311124436,False,False,False,306.5,baseline_proxy_not_known_inventory,522900324.74235225,590.17,598.0,low,2025
11005296941.367416,1735830000000000000,1125,0.7247043646565148,888.4875510688871,False,False,False,0.9286398441526206,1138.5124489311129,False,False,False,-2.0,2025-01-02,0DTE,ba227282046f8175d0100fba965ad480a3d2a5b278ca8f0b49800cb8a25ec991,-9840000000000,1735820160000000000,1.2752956353434852,1563.5124489311129,False,False,False,False,overnight_or_pre,1735820160000000000,3.882141579833439,put_wall,SPY:2025-01-02:put_wall:1:603.0,10200000000000,1735840200000000000,2.9286398441526207,3590.512448931113,False,False,False,True,rth,1735840200000000000,ok,21881.37811223278,2586518,1,36.287525890933296,SPY,1.4270085227823106,1749.5124489311129,False,False,False,2.9286398441526207,3590.512448931113,False,False,False,306.5,baseline_proxy_not_known_inventory,-342864099.98103404,590.17,603.0,low,2025
11005296941.367416,1735830000000000000,1125,6.959376532659123,8532.195629040085,False,False,False,5.306032323849988,6505.195629040085,False,False,False,1.0,2025-01-02,0DTE,ba227282046f8175d0100fba965ad480a3d2a5b278ca8f0b49800cb8a25ec991,-9840000000000,1735820160000000000,7.959376532659123,9758.195629040085,False,False,False,False,overnight_or_pre,1735820160000000000,3.882141579833439,gamma_flip,SPY:2025-01-02:gamma_flip:1:525.0,10200000000000,1735840200000000000,6.306032323849988,7731.195629040085,False,False,False,True,rth,1735840200000000000,ok,19050.95109273998,2586518,1,36.287525890933296,SPY,7.807663645220297,9572.195629040085,False,False,False,6.306032323849988,7731.195629040085,False,False,False,306.5,baseline_proxy_not_known_inventory,,590.17,525.0,low,2025
11005296941.367416,1735830000000000000,1125,1.0321666896508217,1265.4363615119073,False,False,False,2.685510898459957,3292.4363615119073,False,False,False,1.0,2025-01-02,0DTE,ba227282046f8175d0100fba965ad480a3d2a5b278ca8f0b49800cb8a25ec991,-9840000000000,1735820160000000000,0.032166689650821624,39.43636151190731,False,False,False,False,overnight_or_pre,1735820160000000000,3.882141579833439,max_pain,SPY:2025-01-02:max_pain:1:592.5,10200000000000,1735840200000000000,1.685510898459957,2066.4363615119073,False,False,False,True,rth,1735840200000000000,ok,21500.359090377977,2586518,1,36.287525890933296,SPY,0.18387957708964706,225.4363615119073,False,False,False,1.685510898459957,2066.4363615119073,False,False,False,306.5,baseline_proxy_not_known_inventory,,590.17,592.5,low,2025
11005296941.367416,1735830000000000000,1125,1.3166705292720688,1614.2380688875564,False,False,False,0.3366736795370665,412.76193111244356,False,False,False,-2.0,2025-01-02,0DTE,ba227282046f8175d0100fba965ad480a3d2a5b278ca8f0b49800cb8a25ec991,-9840000000000,1735820160000000000,0.6833294707279312,837.7619311124436,False,False,False,False,overnight_or_pre,1735820160000000000,3.882141579833439,top_gamma,SPY:2025-01-02:top_gamma:1:598.0,10200000000000,1735840200000000000,2.3366736795370664,2864.7619311124436,False,False,False,True,rth,1735840200000000000,ok,21699.94048277811,2586518,1,36.287525890933296,SPY,0.8350423581667565,1023.7619311124436,False,False,False,2.3366736795370664,2864.7619311124436,False,False,False,306.5,baseline_proxy_not_known_inventory,,590.17,598.0,low,2025
11005296941.367416,1735830000000000000,1125,0.7247043646565148,888.4875510688871,False,False,False,0.9286398441526206,1138.5124489311129,False,False,False,-2.0,2025-01-02,0DTE,ba227282046f8175d0100fba965ad480a3d2a5b278ca8f0b49800cb8a25ec991,-9840000000000,1735820160000000000,1.2752956353434852,1563.5124489311129,False,False,False,False,overnight_or_pre,1735820160000000000,3.882141579833439,top_gamma,SPY:2025-01-02:top_gamma:2:603.0,10200000000000,1735840200000000000,2.9286398441526207,3590.512448931113,False,False,False,True,rth,1735840200000000000,ok,21881.37811223278,2586518,2,36.287525890933296,SPY,1.4270085227823106,1749.5124489311129,False,False,False,2.9286398441526207,3590.512448931113,False,False,False,306.5,baseline_proxy_not_known_inventory,,590.17,603.0,low,2025
11005296941.367416,1735830000000000000,1125,2.801722703651042,3434.9120346761774,False,False,False,4.455066912460177,5461.912034676177,False,False,False,2.0,2025-01-02,0DTE,ba227282046f8175d0100fba965ad480a3d2a5b278ca8f0b49800cb8a25ec991,-9840000000000,1735820160000000000,0.8017227036510419,982.9120346761774,False,False,False,False,overnight_or_pre,1735820160000000000,3.882141579833439,top_gamma,SPY:2025-01-02:top_gamma:3:599.0,10200000000000,1735840200000000000,2.455066912460177,3009.9120346761774,False,False,False,True,rth,1735840200000000000,ok,21736.228008669044,2586518,3,36.287525890933296,SPY,0.9534355910898674,1168.9120346761774,False,False,False,2.455066912460177,3009.9120346761774,False,False,False,306.5,baseline_proxy_not_known_inventory,,590.17,599.0,low,2025
11005296941.367416,1735830000000000000,1125,0.7247043646565148,888.4875510688871,False,False,False,0.9286398441526206,1138.5124489311129,False,False,False,-2.0,2025-01-02,0DTE,ba227282046f8175d0100fba965ad480a3d2a5b278ca8f0b49800cb8a25ec991,-9840000000000,1735820160000000000,1.2752956353434852,1563.5124489311129,False,False,False,False,overnight_or_pre,1735820160000000000,3.882141579833439,top_vanna,SPY:2025-01-02:top_vanna:1:603.0,10200000000000,1735840200000000000,2.9286398441526207,3590.512448931113,False,False,False,True,rth,1735840200000000000,ok,21881.37811223278,2586518,1,36.287525890933296,SPY,1.4270085227823106,1749.5124489311129,False,False,False,2.9286398441526207,3590.512448931113,False,False,False,306.5,baseline_proxy_not_known_inventory,,590.17,603.0,low,2025
11005296941.367416,1735830000000000000,1125,4.9328008962670244,6047.613898823372,False,False,False,6.58614510507616,8074.613898823372,False,False,False,2.0,2025-01-02,0DTE,ba227282046f8175d0100fba965ad480a3d2a5b278ca8f0b49800cb8a25ec991,-9840000000000,1735820160000000000,2.932800896267025,3595.6138988233724,False,False,False,False,overnight_or_pre,1735820160000000000,3.882141579833439,top_vanna,SPY:2025-01-02:top_vanna:2:617.0,10200000000000,1735840200000000000,4.58614510507616,5622.613898823372,False,False,False,True,rth,1735840200000000000,ok,22389.403474705843,2586518,2,36.287525890933296,SPY,3.0845137837058503,3781.6138988233724,False,False,False,4.58614510507616,5622.613898823372,False,False,False,306.5,baseline_proxy_not_known_inventory,,590.17,617.0,low,2025
11005296941.367416,1735830000000000000,1125,1.6833294707279312,2063.7619311124436,False,False,False,3.3366736795370664,4090.7619311124436,False,False,False,1.0,2025-01-02,0DTE,ba227282046f8175d0100fba965ad480a3d2a5b278ca8f0b49800cb8a25ec991,-9840000000000,1735820160000000000,0.6833294707279312,837.7619311124436,False,False,False,False,overnight_or_pre,1735820160000000000,3.882141579833439,top_vanna,SPY:2025-01-02:top_vanna:3:598.0,10200000000000,1735840200000000000,2.3366736795370664,2864.7619311124436,False,False,False,True,rth,1735840200000000000,ok,21699.94048277811,2586518,3,36.287525890933296,SPY,0.8350423581667565,1023.7619311124436,False,False,False,2.3366736795370664,2864.7619311124436,False,False,False,306.5,baseline_proxy_not_known_inventory,,590.17,598.0,low,2025
11005296941.367416,1735830000000000000,1125,1.3166705292720688,1614.2380688875564,False,False,False,0.3366736795370665,412.76193111244356,False,False,False,-2.0,2025-01-02,0DTE,ba227282046f8175d0100fba965ad480a3d2a5b278ca8f0b49800cb8a25ec991,-9840000000000,1735820160000000000,0.6833294707279312,837.7619311124436,False,False,False,False,overnight_or_pre,1735820160000000000,3.882141579833439,top_vega,SPY:2025-01-02:top_vega:1:598.0,10200000000000,1735840200000000000,2.3366736795370664,2864.7619311124436,False,False,False,True,rth,1735840200000000000,ok,21699.94048277811,2586518,1,36.287525890933296,SPY,0.8350423581667565,1023.7619311124436,False,False,False,2.3366736795370664,2864.7619311124436,False,False,False,306.5,baseline_proxy_not_known_inventory,,590.17,598.0,low,2025
11005296941.367416,1735830000000000000,1125,0.32935548896494093,403.7898294710176,False,False,False,1.3239887198441944,1623.2101705289824,False,False,False,1.0,2025-01-02,0DTE,ba227282046f8175d0100fba965ad480a3d2a5b278ca8f0b49800cb8a25ec991,-9840000000000,1735820160000000000,1.3293554889649408,1629.7898294710176,False,False,False,False,overnight_or_pre,1735820160000000000,3.882141579833439,top_vega,SPY:2025-01-02:top_vega:2:581.0,10200000000000,1735840200000000000,0.3239887198441945,397.2101705289824,False,False,False,True,rth,1735840200000000000,ok,21083.052542632246,2586518,2,36.287525890933296,SPY,1.1776426015261154,1443.7898294710176,False,False,False,0.3239887198441945,397.2101705289824,False,False,False,306.5,baseline_proxy_not_known_inventory,,590.17,581.0,low,2025
11005296941.367416,1735830000000000000,1125,0.9328008962670248,1143.6138988233724,False,False,False,2.5861451050761604,3170.6138988233724,False,False,False,-2.0,2025-01-02,0DTE,ba227282046f8175d0100fba965ad480a3d2a5b278ca8f0b49800cb8a25ec991,-9840000000000,1735820160000000000,2.932800896267025,3595.6138988233724,False,False,False,False,overnight_or_pre,1735820160000000000,3.882141579833439,top_vega,SPY:2025-01-02:top_vega:3:617.0,10200000000000,1735840200000000000,4.58614510507616,5622.613898823372,False,False,False,True,rth,1735840200000000000,ok,22389.403474705843,2586518,3,36.287525890933296,SPY,3.0845137837058503,3781.6138988233724,False,False,False,4.58614510507616,5622.613898823372,False,False,False,306.5,baseline_proxy_not_known_inventory,,590.17,617.0,low,2025
11727163922.588682,1741014000000000000,1371,0.43327926520976534,838.3953781808959,False,False,False,1.2292530345318367,2378.604621819104,False,False,False,1.0,2025-03-03,0DTE,ba227282046f8175d0100fba965ad480a3d2a5b278ca8f0b49800cb8a25ec991,-1620000000000,1741012380000000000,1.4332792652097652,2773.395378180896,False,False,False,False,rth,1741012380000000000,4.9322077490797165,key_gamma,SPY:2025-03-03:key_gamma:1:580.0,20640000000000,1741034640000000000,0.22925303453183674,443.60462181910407,False,False,False,True,rth,1741034640000000000,ok,20427.651155454776,3473261,1,35.22008819905996,SPY,1.4332792652097652,2773.395378180896,False,False,False,0.22925303453183674,443.60462181910407,False,False,False,483.75,baseline_proxy_not_known_inventory,616592668.43292,592.78,580.0,mid,2025
11727163922.588682,1741014000000000000,1371,0.43327926520976534,838.3953781808959,False,False,False,1.2292530345318367,2378.604621819104,False,False,False,1.0,2025-03-03,0DTE,ba227282046f8175d0100fba965ad480a3d2a5b278ca8f0b49800cb8a25ec991,-1620000000000,1741012380000000000,1.4332792652097652,2773.395378180896,False,False,False,False,rth,1741012380000000000,4.9322077490797165,call_wall,SPY:2025-03-03:call_wall:1:580.0,20640000000000,1741034640000000000,0.22925303453183674,443.60462181910407,False,False,False,True,rth,1741034640000000000,ok,20427.651155454776,3473261,1,35.22008819905996,SPY,1.4332792652097652,2773.395378180896,False,False,False,0.22925303453183674,443.60462181910407,False,False,False,483.75,baseline_proxy_not_known_inventory,616592668.43292,592.78,580.0,mid,2025
11727163922.588682,1741014000000000000,1371,2.3868803316408793,4618.613441725101,False,False,False,4.049412631382482,7835.613441725101,False,False,False,2.0,2025-03-03,0DTE,ba227282046f8175d0100fba965ad480a3d2a5b278ca8f0b49800cb8a25ec991,-1620000000000,1741012380000000000,0.3868803316408793,748.6134417251014,False,False,False,False,rth,1741012380000000000,4.9322077490797165,put_wall,SPY:2025-03-03:put_wall:1:605.0,20640000000000,1741034640000000000,2.049412631382481,3965.6134417251014,False,False,False,True,rth,1741034640000000000,ok,21308.153360431275,3473261,1,35.22008819905996,SPY,0.3868803316408793,748.6134417251014,False,False,False,2.049412631382481,3965.6134417251014,False,False,False,483.75,baseline_proxy_not_known_inventory,-274128525.9183525,592.78,605.0,mid,2025
11727163922.588682,1741014000000000000,1371,0.1420537297136601,274.8739669959323,False,False,False,1.520478570027942,2942.1260330040677,False,False,False,1.0,2025-03-03,0DTE,ba227282046f8175d0100fba965ad480a3d2a5b278ca8f0b49800cb8a25ec991,-1620000000000,1741012380000000000,1.1420537297136601,2209.8739669959323,False,False,False,False,rth,1741012380000000000,4.9322077490797165,max_pain,SPY:2025-03-03:max_pain:1:584.0,20640000000000,1741034640000000000,0.520478570027942,1007.1260330040677,False,False,False,True,rth,1741034640000000000,ok,20568.531508251017,3473261,1,35.22008819905996,SPY,1.1420537297136601,2209.8739669959323,False,False,False,0.520478570027942,1007.1260330040677,False,False,False,483.75,baseline_proxy_not_known_inventory,,592.78,584.0,mid,2025
11727163922.588682,1741014000000000000,1371,2.4332792652097655,4708.395378180896,False,False,False,0.7707469654681632,1491.395378180896,False,False,False,-1.0,2025-03-03,0DTE,ba227282046f8175d0100fba965ad480a3d2a5b278ca8f0b49800cb8a25ec991,-1620000000000,1741012380000000000,1.4332792652097652,2773.395378180896,False,False,False,False,rth,1741012380000000000,4.9322077490797165,top_gamma,SPY:2025-03-03:top_gamma:1:580.0,20640000000000,1741034640000000000,0.22925303453183674,443.60462181910407,False,False,False,True,rth,1741034640000000000,ok,20427.651155454776,3473261,1,35.22008819905996,SPY,1.4332792652097652,2773.395378180896,False,False,False,0.22925303453183674,443.60462181910407,False,False,False,483.75,baseline_proxy_not_known_inventory,,592.78,580.0,mid,2025
11727163922.588682,1741014000000000000,1371,0.32189413286301544,622.8651470899349,False,False,False,1.3406381668785865,2594.134852910065,False,False,False,-1.0,2025-03-03,0DTE,ba227282046f8175d0100fba965ad480a3d2a5b278ca8f0b49800cb8a25ec991,-1620000000000,1741012380000000000,0.6781058671369845,1312.134852910065,False,False,False,False,rth,1741012380000000000,4.9322077490797165,top_gamma,SPY:2025-03-03:top_gamma:2:609.0,20640000000000,1741034640000000000,2.3406381668785867,4529.134852910065,False,False,False,True,rth,1741034640000000000,ok,21449.033713227516,3473261,2,35.22008819905996,SPY,0.6781058671369845,1312.134852910065,False,False,False,2.3406381668785867,4529.134852910065,False,False,False,483.75,baseline_proxy_not_known_inventory,,592.78,609.0,mid,2025
11727163922.588682,1741014000000000000,1371,0.14917180578243763,288.6474441890168,False,False,False,1.8117041055240397,3505.647444189017,False,False,False,1.0,2025-03-03,0DTE,ba227282046f8175d0100fba965ad480a3d2a5b278ca8f0b49800cb8a25ec991,-1620000000000,1741012380000000000,0.8508281942175624,1646.3525558109832,False,False,False,False,rth,1741012380000000000,4.9322077490797165,top_gamma,SPY:2025-03-03:top_gamma:3:588.0,20640000000000,1741034640000000000,0.8117041055240397,1570.6474441890168,False,False,False,True,rth,1741034640000000000,ok,20709.411861047254,3473261,3,35.22008819905996,SPY,0.8508281942175624,1646.3525558109832,False,False,False,0.8117041055240397,1570.6474441890168,False,False,False,483.75,baseline_proxy_not_known_inventory,,592.78,588.0,mid,2025
11727163922.588682,1741014000000000000,1371,1.6781058671369846,3247.134852910065,False,False,False,3.3406381668785867,6464.134852910065,False,False,False,1.0,2025-03-03,0DTE,ba227282046f8175d0100fba965ad480a3d2a5b278ca8f0b49800cb8a25ec991,-1620000000000,1741012380000000000,0.6781058671369845,1312.134852910065,False,False,False,False,rth,1741012380000000000,4.9322077490797165,top_vanna,SPY:2025-03-03:top_vanna:1:609.0,20640000000000,1741034640000000000,2.3406381668785867,4529.134852910065,False,False,False,True,rth,1741034640000000000,ok,21449.033713227516,3473261,1,35.22008819905996,SPY,0.6781058671369845,1312.134852910065,False,False,False,2.3406381668785867,4529.134852910065,False,False,False,483.75,baseline_proxy_not_known_inventory,,592.78,609.0,mid,2025
11727163922.588682,1741014000000000000,1371,0.5667207347902347,1096.604621819104,False,False,False,2.229253034531837,4313.604621819104,False,False,False,2.0,2025-03-03,0DTE,ba227282046f8175d0100fba965ad480a3d2a5b278ca8f0b49800cb8a25ec991,-1620000000000,1741012380000000000,1.4332792652097652,2773.395378180896,False,False,False,False,rth,1741012380000000000,4.9322077490797165,top_vanna,SPY:2025-03-03:top_vanna:2:580.0,20640000000000,1741034640000000000,0.22925303453183674,443.60462181910407,False,False,False,True,rth,1741034640000000000,ok,20427.651155454776,3473261,2,35.22008819905996,SPY,1.4332792652097652,2773.395378180896,False,False,False,0.22925303453183674,443.60462181910407,False,False,False,483.75,baseline_proxy_not_known_inventory,,592.78,580.0,mid,2025
11727163922.588682,1741014000000000000,1371,2.4789760897512645,4796.818733668697,False,False,False,4.141508389492866,8013.818733668697,False,False,False,1.0,2025-03-03,0DTE,ba227282046f8175d0100fba965ad480a3d2a5b278ca8f0b49800cb8a25ec991,-1620000000000,1741012380000000000,1.4789760897512645,2861.818733668697,False,False,False,False,rth,1741012380000000000,4.9322077490797165,top_vanna,SPY:2025-03-03:top_vanna:3:620.0,20640000000000,1741034640000000000,3.141508389492867,6078.818733668697,False,False,False,True,rth,1741034640000000000,ok,21836.454683417174,3473261,3,35.22008819905996,SPY,1.4789760897512645,2861.818733668697,False,False,False,3.141508389492867,6078.818733668697,False,False,False,483.75,baseline_proxy_not_known_inventory,,592.78,620.0,mid,2025
11727163922.588682,1741014000000000000,1371,2.4332792652097655,4708.395378180896,False,False,False,0.7707469654681632,1491.395378180896,False,False,False,-1.0,2025-03-03,0DTE,ba227282046f8175d0100fba965ad480a3d2a5b278ca8f0b49800cb8a25ec991,-1620000000000,1741012380000000000,1.4332792652097652,2773.395378180896,False,False,False,False,rth,1741012380000000000,4.9322077490797165,top_vega,SPY:2025-03-03:top_vega:1:580.0,20640000000000,1741034640000000000,0.22925303453183674,443.60462181910407,False,False,False,True,rth,1741034640000000000,ok,20427.651155454776,3473261,1,35.22008819905996,SPY,1.4332792652097652,2773.395378180896,False,False,False,0.22925303453183674,443.60462181910407,False,False,False,483.75,baseline_proxy_not_known_inventory,,592.78,580.0,mid,2025
11727163922.588682,1741014000000000000,1371,0.14917180578243763,288.6474441890168,False,False,False,1.8117041055240397,3505.647444189017,False,False,False,1.0,2025-03-03,0DTE,ba227282046f8175d0100fba965ad480a3d2a5b278ca8f0b49800cb8a25ec991,-1620000000000,1741012380000000000,0.8508281942175624,1646.3525558109832,False,False,False,False,rth,1741012380000000000,4.9322077490797165,top_vega,SPY:2025-03-03:top_vega:2:588.0,20640000000000,1741034640000000000,0.8117041055240397,1570.6474441890168,False,False,False,True,rth,1741034640000000000,ok,20709.411861047254,3473261,2,35.22008819905996,SPY,0.8508281942175624,1646.3525558109832,False,False,False,0.8117041055240397,1570.6474441890168,False,False,False,483.75,baseline_proxy_not_known_inventory,,592.78,588.0,mid,2025
11727163922.588682,1741014000000000000,1371,0.5132037251525711,993.049208170225,False,False,False,2.175736024894173,4210.049208170225,False,False,False,1.0,2025-03-03,0DTE,ba227282046f8175d0100fba965ad480a3d2a5b278ca8f0b49800cb8a25ec991,-1620000000000,1741012380000000000,0.48679627484742893,941.950791829775,False,False,False,False,rth,1741012380000000000,4.9322077490797165,top_vega,SPY:2025-03-03:top_vega:3:593.0,20640000000000,1741034640000000000,1.175736024894173,2275.049208170225,False,False,False,True,rth,1741034640000000000,ok,20885.512302042556,3473261,3,35.22008819905996,SPY,0.48679627484742893,941.950791829775,False,False,False,1.175736024894173,2275.049208170225,False,False,False,483.75,baseline_proxy_not_known_inventory,,592.78,593.0,mid,2025
11574485858.910019,1767366000000000000,1459,3.2511780329275437,3218.6662525982683,False,False,False,1.075420457169968,1064.6662525982683,False,False,False,-1.0,2026-01-02,0DTE,8ac43f71e56842bc2dea7a934b3e4ba44861db84da5341bc7d4d7ea6beb01171,-600000000000,1767365400000000000,2.2511780329275437,2228.6662525982683,False,False,False,False,rth,1767365400000000000,2.524903647879489,key_gamma,SPY:2026-01-02:key_gamma:1:676.0,13800000000000,1767379800000000000,0.07542045716996801,74.66625259826833,False,False,False,True,rth,1767379800000000000,ok,25246.583436850433,2923481,1,37.3470169184178,SPY,2.2511780329275437,2228.6662525982683,False,False,False,0.07542045716996801,74.66625259826833,False,False,False,247.5,baseline_proxy_not_known_inventory,737595350.7283747,686.19,676.0,low,2026
11574485858.910019,1767366000000000000,1459,4.251178032927544,4208.666252598268,False,False,False,2.075420457169968,2054.6662525982683,False,False,False,-2.0,2026-01-02,0DTE,8ac43f71e56842bc2dea7a934b3e4ba44861db84da5341bc7d4d7ea6beb01171,-600000000000,1767365400000000000,2.2511780329275437,2228.6662525982683,False,False,False,False,rth,1767365400000000000,2.524903647879489,call_wall,SPY:2026-01-02:call_wall:1:676.0,13800000000000,1767379800000000000,0.07542045716996801,74.66625259826833,False,False,False,True,rth,1767379800000000000,ok,25246.583436850433,2923481,1,37.3470169184178,SPY,2.2511780329275437,2228.6662525982683,False,False,False,0.07542045716996801,74.66625259826833,False,False,False,247.5,baseline_proxy_not_known_inventory,737595350.7283747,686.19,676.0,low,2026
11574485858.910019,1767366000000000000,1459,1.9877224621143383,1967.8452374931949,False,False,False,0.1880351136432375,186.15476250680513,False,False,False,-2.0,2026-01-02,0DTE,8ac43f71e56842bc2dea7a934b3e4ba44861db84da5341bc7d4d7ea6beb01171,-600000000000,1767365400000000000,0.012277537885661745,12.154762506805127,True,False,False,False,rth,1767365400000000000,2.524903647879489,put_wall,SPY:2026-01-02:put_wall:1:691.0,13800000000000,1767379800000000000,2.1880351136432377,2166.154762506805,False,False,False,True,rth,1767379800000000000,ok,25806.7886906267,2923481,1,37.3470169184178,SPY,0.012277537885661745,12.154762506805127,True,False,False,2.1880351136432377,2166.154762506805,False,False,False,247.5,baseline_proxy_not_known_inventory,-586699041.7207072,686.19,691.0,low,2026
11574485858.910019,1767366000000000000,1459,13.964867734776695,13825.219057428927,False,False,False,11.789110159019119,11671.219057428927,False,False,False,-1.0,2026-01-02,0DTE,8ac43f71e56842bc2dea7a934b3e4ba44861db84da5341bc7d4d7ea6beb01171,-600000000000,1767365400000000000,12.964867734776695,12835.219057428927,False,False,False,False,rth,1767365400000000000,2.524903647879489,gamma_flip,SPY:2026-01-02:gamma_flip:1:605.0,13800000000000,1767379800000000000,10.789110159019119,10681.219057428927,False,False,False,True,rth,1767379800000000000,ok,22594.94523564277,2923481,1,37.3470169184178,SPY,12.964867734776695,12835.219057428927,False,False,False,10.789110159019119,10681.219057428927,False,False,False,247.5,baseline_proxy_not_known_inventory,,686.19,605.0,low,2026
11574485858.910019,1767366000000000000,1459,4.251178032927544,4208.666252598268,False,False,False,2.075420457169968,2054.6662525982683,False,False,False,-2.0,2026-01-02,0DTE,8ac43f71e56842bc2dea7a934b3e4ba44861db84da5341bc7d4d7ea6beb01171,-600000000000,1767365400000000000,2.2511780329275437,2228.6662525982683,False,False,False,False,rth,1767365400000000000,2.524903647879489,max_pain,SPY:2026-01-02:max_pain:1:676.0,13800000000000,1767379800000000000,0.07542045716996801,74.66625259826833,False,False,False,True,rth,1767379800000000000,ok,25246.583436850433,2923481,1,37.3470169184178,SPY,2.2511780329275437,2228.6662525982683,False,False,False,0.07542045716996801,74.66625259826833,False,False,False,247.5,baseline_proxy_not_known_inventory,,686.19,676.0,low,2026
11574485858.910019,1767366000000000000,1459,3.2511780329275437,3218.6662525982683,False,False,False,1.075420457169968,1064.6662525982683,False,False,False,-1.0,2026-01-02,0DTE,8ac43f71e56842bc2dea7a934b3e4ba44861db84da5341bc7d4d7ea6beb01171,-600000000000,1767365400000000000,2.2511780329275437,2228.6662525982683,False,False,False,False,rth,1767365400000000000,2.524903647879489,top_gamma,SPY:2026-01-02:top_gamma:1:676.0,13800000000000,1767379800000000000,0.07542045716996801,74.66625259826833,False,False,False,True,rth,1767379800000000000,ok,25246.583436850433,2923481,1,37.3470169184178,SPY,2.2511780329275437,2228.6662525982683,False,False,False,0.07542045716996801,74.66625259826833,False,False,False,247.5,baseline_proxy_not_known_inventory,,686.19,676.0,low,2026
11574485858.910019,1767366000000000000,1459,2.012277537885662,1992.1547625068051,False,False,False,4.188035113643237,4146.154762506805,False,False,False,2.0,2026-01-02,0DTE,8ac43f71e56842bc2dea7a934b3e4ba44861db84da5341bc7d4d7ea6beb01171,-600000000000,1767365400000000000,0.012277537885661745,12.154762506805127,True,False,False,False,rth,1767365400000000000,2.524903647879489,top_gamma,SPY:2026-01-02:top_gamma:2:691.0,13800000000000,1767379800000000000,2.1880351136432377,2166.154762506805,False,False,False,True,rth,1767379800000000000,ok,25806.7886906267,2923481,2,37.3470169184178,SPY,0.012277537885661745,12.154762506805127,True,False,False,2.1880351136432377,2166.154762506805,False,False,False,247.5,baseline_proxy_not_known_inventory,,686.19,691.0,low,2026
11574485858.910019,1767366000000000000,1459,6.3637365656865335,6300.099200029668,False,False,False,4.187978989928958,4146.099200029668,False,False,False,-2.0,2026-01-02,0DTE,8ac43f71e56842bc2dea7a934b3e4ba44861db84da5341bc7d4d7ea6beb01171,-600000000000,1767365400000000000,4.3637365656865335,4320.099200029668,False,False,False,False,rth,1767365400000000000,2.524903647879489,top_gamma,SPY:2026-01-02:top_gamma:3:662.0,13800000000000,1767379800000000000,2.1879789899289577,2166.0992000296683,False,False,False,True,rth,1767379800000000000,ok,24723.725199992583,2923481,3,37.3470169184178,SPY,4.3637365656865335,4320.099200029668,False,False,False,2.1879789899289577,2166.0992000296683,False,False,False,247.5,baseline_proxy_not_known_inventory,,686.19,662.0,low,2026
11574485858.910019,1767366000000000000,1459,3.2511780329275437,3218.6662525982683,False,False,False,1.075420457169968,1064.6662525982683,False,False,False,-1.0,2026-01-02,0DTE,8ac43f71e56842bc2dea7a934b3e4ba44861db84da5341bc7d4d7ea6beb01171,-600000000000,1767365400000000000,2.2511780329275437,2228.6662525982683,False,False,False,False,rth,1767365400000000000,2.524903647879489,top_vanna,SPY:2026-01-02:top_vanna:1:676.0,13800000000000,1767379800000000000,0.07542045716996801,74.66625259826833,False,False,False,True,rth,1767379800000000000,ok,25246.583436850433,2923481,1,37.3470169184178,SPY,2.2511780329275437,2228.6662525982683,False,False,False,0.07542045716996801,74.66625259826833,False,False,False,247.5,baseline_proxy_not_known_inventory,,686.19,676.0,low,2026
11574485858.910019,1767366000000000000,1459,2.3637365656865335,2340.0992000296683,False,False,False,0.18797898992895787,186.09920002966828,False,False,False,2.0,2026-01-02,0DTE,8ac43f71e56842bc2dea7a934b3e4ba44861db84da5341bc7d4d7ea6beb01171,-600000000000,1767365400000000000,4.3637365656865335,4320.099200029668,False,False,False,False,rth,1767365400000000000,2.524903647879489,top_vanna,SPY:2026-01-02:top_vanna:2:662.0,13800000000000,1767379800000000000,2.1879789899289577,2166.0992000296683,False,False,False,True,rth,1767379800000000000,ok,24723.725199992583,2923481,2,37.3470169184178,SPY,4.3637365656865335,4320.099200029668,False,False,False,2.1879789899289577,2166.0992000296683,False,False,False,247.5,baseline_proxy_not_known_inventory,,686.19,662.0,low,2026
11574485858.910019,1767366000000000000,1459,6.388291641457842,6324.408725043264,False,False,False,8.564049217215418,8478.408725043264,False,False,False,2.0,2026-01-02,0DTE,8ac43f71e56842bc2dea7a934b3e4ba44861db84da5341bc7d4d7ea6beb01171,-600000000000,1767365400000000000,4.388291641457842,4344.408725043264,False,False,False,False,rth,1767365400000000000,2.524903647879489,top_vanna,SPY:2026-01-02:top_vanna:3:720.0,13800000000000,1767379800000000000,6.564049217215418,6498.408725043264,False,False,False,True,rth,1767379800000000000,ok,26889.852181260816,2923481,3,37.3470169184178,SPY,4.388291641457842,4344.408725043264,False,False,False,6.564049217215418,6498.408725043264,False,False,False,247.5,baseline_proxy_not_known_inventory,,686.19,720.0,low,2026
11574485858.910019,1767366000000000000,1459,6.3637365656865335,6300.099200029668,False,False,False,4.187978989928958,4146.099200029668,False,False,False,-2.0,2026-01-02,0DTE,8ac43f71e56842bc2dea7a934b3e4ba44861db84da5341bc7d4d7ea6beb01171,-600000000000,1767365400000000000,4.3637365656865335,4320.099200029668,False,False,False,False,rth,1767365400000000000,2.524903647879489,top_vega,SPY:2026-01-02:top_vega:1:662.0,13800000000000,1767379800000000000,2.1879789899289577,2166.0992000296683,False,False,False,True,rth,1767379800000000000,ok,24723.725199992583,2923481,1,37.3470169184178,SPY,4.3637365656865335,4320.099200029668,False,False,False,2.1879789899289577,2166.0992000296683,False,False,False,247.5,baseline_proxy_not_known_inventory,,686.19,662.0,low,2026
11574485858.910019,1767366000000000000,1459,5.307457299307039,5254.382726313968,False,False,False,3.131699723549463,3100.3827263139683,False,False,False,-2.0,2026-01-02,0DTE,8ac43f71e56842bc2dea7a934b3e4ba44861db84da5341bc7d4d7ea6beb01171,-600000000000,1767365400000000000,3.3074572993070386,3274.3827263139683,False,False,False,False,rth,1767365400000000000,2.524903647879489,top_vega,SPY:2026-01-02:top_vega:2:669.0,13800000000000,1767379800000000000,1.131699723549463,1120.3827263139683,False,False,False,True,rth,1767379800000000000,ok,24985.154318421508,2923481,2,37.3470169184178,SPY,3.3074572993070386,3274.3827263139683,False,False,False,1.131699723549463,1120.3827263139683,False,False,False,247.5,baseline_proxy_not_known_inventory,,686.19,669.0,low,2026
11574485858.910019,1767366000000000000,1459,3.2511780329275437,3218.6662525982683,False,False,False,1.075420457169968,1064.6662525982683,False,False,False,-1.0,2026-01-02,0DTE,8ac43f71e56842bc2dea7a934b3e4ba44861db84da5341bc7d4d7ea6beb01171,-600000000000,1767365400000000000,2.2511780329275437,2228.6662525982683,False,False,False,False,rth,1767365400000000000,2.524903647879489,top_vega,SPY:2026-01-02:top_vega:3:676.0,13800000000000,1767379800000000000,0.07542045716996801,74.66625259826833,False,False,False,True,rth,1767379800000000000,ok,25246.583436850433,2923481,3,37.3470169184178,SPY,2.2511780329275437,2228.6662525982683,False,False,False,0.07542045716996801,74.66625259826833,False,False,False,247.5,baseline_proxy_not_known_inventory,,686.19,676.0,low,2026
