family,example_id,session,label,branch,play,side,mode,minutes_from_open,reference_kind,cycle,sweep_depth_points,sweep_depth_in_widths,depth_class,coincident_levels_n,coincident_levels,read_classification,read_aligned,read_big_range,read_open_inside_value,read_day_model,read_bias,side_with_bias,stop_points,first_objective_points,far_objective_points,rr_far,outcome
JJ,JJ-2025-01-28,2025-01-28,0,other_session,london,short,next_bar_open,-384.0,london_high,0,,,,1,pzone_T2_hi,double_break,False,False,False,,,,12.5,69.88,69.88,5.59,stop
JJ,JJ-2025-01-28,2025-01-28,0,other_session,london,long,next_bar_open,-382.0,q75,0,,,,1,pzone_T1_hi,double_break,False,False,False,,,,10.5,37.25,37.25,3.55,stop
JJ,JJ-2025-01-28,2025-01-28,0,other_session,london,short,next_bar_open,-381.0,q75,0,,,,1,pzone_T1_hi,double_break,False,False,False,,,,7.75,36.88,36.88,4.76,stop
JJ,JJ-2025-01-28,2025-01-28,0,other_session,london,short,rejection_close,-336.0,plus_0.33,0,,,,1,range_open,double_break,False,False,False,,,,6.75,111.62,111.62,16.54,stop
JJ,JJ-2025-01-28,2025-01-28,0,other_session,london,short,next_bar_open,-248.0,prth_high,0,,,,2,london_high;onh,double_break,False,False,False,,,,8.75,134.62,134.62,15.39,target
JJ,JJ-2025-01-28,2025-01-28,0,other_session,london,short,next_bar_open,-245.0,prth_high,1,,,,2,london_high;onh,double_break,False,False,False,,,,13.25,125.62,125.62,9.48,target
JJ,JJ-2025-01-28,2025-01-28,0,judas_reversal,double_break,long,signature_close,3.0,box_low,0,,,inside_0_0.33,0,,double_break,False,False,False,,,,24.5,68.75,68.75,2.81,stop
JJ,JJ-2025-01-28,2025-01-28,1,judas_reversal,double_break,long,rejection_close,8.0,onl,0,,,,1,asia_low,double_break,False,False,False,,,,33.0,141.75,141.75,4.3,stop
JJ,JJ-2025-01-28,2025-01-28,0,judas_reversal,double_break,long,next_bar_open,14.0,minus_0.5,0,,,,2,proj_minus_0.5;pzone_T3_lo,double_break,False,False,False,,,,8.5,149.75,149.75,17.62,stop
JJ,JJ-2025-01-28,2025-01-28,0,judas_reversal,double_break,short,rejection_close,65.0,onh,0,,,,2,london_high;prth_high,double_break,False,False,False,,,,8.25,104.0,104.0,12.61,stop
JJ,JJ-2025-05-23-LONDON,2025-05-23,1,other_session,london,long,next_bar_open,-438.0,prth_low,0,,,,0,,single_break,True,True,False,,,,7.0,19.5,19.5,2.79,stop
JJ,JJ-2025-05-23-LONDON,2025-05-23,0,other_session,london,short,next_bar_open,-376.0,q75,0,,,,1,range_open,single_break,True,True,False,,,,7.5,32.12,32.12,4.28,stop
JJ,JJ-2025-05-23-LONDON,2025-05-23,0,other_session,london,long,rejection_close,-372.0,q75,0,,,,1,range_open,single_break,True,True,False,,,,4.5,25.25,25.25,5.61,target
JJ,JJ-2025-05-23-LONDON,2025-05-23,0,other_session,london,long,next_bar_open,-370.0,q75,1,,,,1,range_open,single_break,True,True,False,,,,9.5,25.0,25.0,2.63,target
JJ,JJ-2025-05-23-LONDON,2025-05-23,0,other_session,london,short,next_bar_open,-359.0,london_high,0,,,,0,,single_break,True,True,False,,,,6.75,61.38,61.38,9.09,stop
JJ,JJ-2025-05-23-LONDON,2025-05-23,0,other_session,london,short,stop_at_line,-244.0,eq,0,,,,0,,single_break,True,True,False,,,,85.62,58.12,58.12,0.68,target
JJ,JJ-2025-05-23-LONDON,2025-05-23,0,other_session,london,long,next_bar_open,-239.0,q25,0,,,,0,,single_break,True,True,False,,,,7.5,29.88,29.88,3.98,target
JJ,JJ-2025-05-23-LONDON,2025-05-23,0,other_session,london,long,next_bar_open,-234.0,eq,0,,,,0,,single_break,True,True,False,,,,8.0,0.88,0.88,0.11,target
JJ,JJ-2025-05-23-LONDON,2025-05-23,0,other_session,london,short,stop_at_line,-222.0,eq,1,,,,0,,single_break,True,True,False,,,,21.12,58.12,58.12,2.75,stop
JJ,JJ-2025-05-23-LONDON,2025-05-23,0,other_session,london,long,next_bar_open,-221.0,eq,1,,,,0,,single_break,True,True,False,,,,11.0,28.25,28.25,2.57,target
JJ,JJ-2025-05-23-LONDON,2025-05-23,0,internal_rotation,big_range_eq,long,next_bar_open,4.0,q25,0,,,,2,box_q25;evrange_upper,single_break,True,True,False,,,,30.5,111.12,111.12,3.64,target
JJ,JJ-2025-05-23-LONDON,2025-05-23,0,internal_rotation,big_range_eq,long,next_bar_open,4.0,q25,1,,,,2,box_q25;evrange_upper,single_break,True,True,False,,,,19.0,120.38,120.38,6.34,target
JJ,JJ-2025-05-23-LONDON,2025-05-23,0,single_purged,single_break,short,signature_close,22.0,or15_mid,0,,,,0,,single_break,True,True,False,,,,47.75,132.0,132.0,2.76,stop
JJ,JJ-2025-05-23-LONDON,2025-05-23,0,internal_rotation,big_range_eq,long,next_bar_open,44.0,eq,0,,,,1,box_eq,single_break,True,True,False,,,,10.0,230.0,230.0,23.0,stop
JJ,JJ-2025-05-23-LONDON,2025-05-23,0,single_extended,single_break,short,next_bar_open,44.0,eq,0,,,,1,box_eq,single_break,True,True,False,,,,21.0,251.25,251.25,11.96,stop
JJ,JJ-2025-05-23-LONDON,2025-05-23,0,internal_rotation,big_range_eq,short,next_bar_open,274.0,q75,0,,,,2,box_q75;d2_low,single_break,True,True,False,,,,25.0,101.88,101.88,4.08,target
JJ,JJ-2025-05-23-LONDON,2025-05-23,0,internal_rotation,big_range_eq,short,next_bar_open,276.0,q75,1,,,,2,box_q75;d2_low,single_break,True,True,False,,,,9.0,114.62,114.62,12.74,stop
JJ,JJ-2025-05-23-LONDON,2025-05-23,0,internal_rotation,big_range_eq,long,next_bar_open,286.0,q75,0,,,,2,box_q75;d2_low,single_break,True,True,False,,,,6.75,117.5,117.5,17.41,stop
JJ,JJ-2025-09-09,2025-09-09,0,other_session,london,short,next_bar_open,-379.0,london_high,0,,,,2,box_high;prth_vah,double_break,False,False,True,,,,6.25,31.75,31.75,5.08,stop
JJ,JJ-2025-09-09,2025-09-09,0,other_session,london,short,next_bar_open,-354.0,plus_0.33,0,,,,1,proj_plus_0.33,double_break,False,False,True,,,,6.5,53.25,53.25,8.19,stop
JJ,JJ-2025-09-09,2025-09-09,0,other_session,london,long,rejection_close,-319.0,q75,0,,,,3,box_eq;eq;range_open,double_break,False,False,True,,,,7.75,11.75,11.75,1.52,target
JJ,JJ-2025-09-09,2025-09-09,0,other_session,london,long,next_bar_open,-318.0,q75,1,,,,3,box_eq;eq;range_open,double_break,False,False,True,,,,6.75,15.0,15.0,2.22,target
JJ,JJ-2025-09-09,2025-09-09,0,other_session,london,short,next_bar_open,-314.0,q75,0,,,,3,box_eq;eq;range_open,double_break,False,False,True,,,,7.5,17.5,17.5,2.33,target
JJ,JJ-2025-09-09,2025-09-09,0,other_session,london,short,next_bar_open,-280.0,q75,1,,,,3,box_eq;eq;range_open,double_break,False,False,True,,,,6.25,15.25,15.25,2.44,stop
JJ,JJ-2025-09-09,2025-09-09,0,judas_reversal,double_break,long,next_bar_open,-24.0,box_low,0,,,inside_0_0.33,1,pzone_T1_lo,double_break,False,False,True,,,,12.25,28.5,28.5,2.33,target
JJ,JJ-2025-09-09,2025-09-09,0,judas_reversal,double_break,long,next_bar_open,-22.0,box_low,1,,,inside_0_0.33,1,pzone_T1_lo,double_break,False,False,True,,,,8.5,32.5,32.5,3.82,target
JJ,JJ-2025-09-09,2025-09-09,0,internal_rotation,big_range_eq,short,next_bar_open,30.0,q25,0,,,,1,box_q25,double_break,False,False,True,,,,8.75,11.0,11.0,1.26,target
JJ,JJ-2025-09-09,2025-09-09,0,internal_rotation,big_range_eq,short,next_bar_open,30.0,q25,1,,,,1,box_q25,double_break,False,False,True,,,,14.25,15.75,15.75,1.11,target
JJ,JJ-2025-09-09,2025-09-09,0,internal_rotation,big_range_eq,short,next_bar_open,32.0,box_low,2,,,,1,pzone_T1_lo,double_break,False,False,True,,,,8.75,11.0,11.0,1.26,target
JJ,JJ-2025-09-09,2025-09-09,0,internal_rotation,big_range_eq,short,next_bar_open,32.0,box_low,0,,,,1,pzone_T1_lo,double_break,False,False,True,,,,10.0,4.25,4.25,0.42,target
JJ,JJ-2025-09-09,2025-09-09,0,judas_reversal,double_break,long,rejection_close,32.0,minus_0.5,0,,,,5,asia_low;evrange_lower;onl;proj_minus_0.5;prth_val,double_break,False,False,True,,,,24.0,31.0,31.0,1.29,target
JJ,JJ-2025-09-09,2025-09-09,0,judas_reversal,double_break,long,rejection_close,32.0,onl,0,,,,5,asia_low;evrange_lower;proj_minus_0.33;proj_minus_0.5;prth_poc,double_break,False,False,True,,,,32.5,16.0,16.0,0.49,target
JJ,JJ-2025-09-09,2025-09-09,0,internal_rotation,big_range_eq,short,next_bar_open,34.0,prth_poc,1,,,,3,asia_low;onl;proj_minus_0.33,double_break,False,False,True,,,,12.25,8.25,8.25,0.67,target
JJ,JJ-2025-09-09,2025-09-09,0,internal_rotation,big_range_eq,long,rejection_close,36.0,prth_poc,0,,,,3,asia_low;onl;proj_minus_0.33,double_break,False,False,True,,,,32.5,16.0,16.0,0.49,target
JJ,JJ-2025-09-09,2025-09-09,0,internal_rotation,big_range_eq,short,next_bar_open,36.0,prth_val,0,,,,2,evrange_lower;proj_minus_0.5,double_break,False,False,True,,,,9.75,7.75,7.75,0.79,stop
JJ,JJ-2025-09-09,2025-09-09,0,internal_rotation,big_range_eq,short,next_bar_open,36.0,prth_poc,2,,,,3,asia_low;onl;proj_minus_0.33,double_break,False,False,True,,,,9.75,7.75,7.75,0.79,target
JJ,JJ-2025-09-09,2025-09-09,0,internal_rotation,big_range_eq,long,next_bar_open,42.0,q25,1,,,,1,box_q25,double_break,False,False,True,,,,14.25,4.5,4.5,0.32,stop
JJ,JJ-2025-09-09,2025-09-09,0,judas_reversal,double_break,long,rejection_close,66.0,prth_low,0,,,,1,proj_minus_1,double_break,False,False,True,,,,15.0,80.5,80.5,5.37,target
JJ,JJ-2025-09-09,2025-09-09,0,extension_reaction,double_break,long,orderblock,76.0,extension_band,0,,,,1,proj_minus_1.33,double_break,False,False,True,,,,37.0,49.0,49.0,1.32,target
JJ,JJ-2025-09-09,2025-09-09,0,judas_reversal,double_break,long,rejection_close,79.0,prth_low,1,,,,1,proj_minus_1,double_break,False,False,True,,,,15.0,80.5,80.5,5.37,target
JJ,JJ-2025-09-09,2025-09-09,0,internal_rotation,big_range_eq,long,next_bar_open,224.0,q75,0,,,,3,asia_high;box_q75;range_open,double_break,False,False,True,,,,7.25,10.5,10.5,1.45,stop
JJ,JJ-2025-09-09,2025-09-09,0,internal_rotation,big_range_eq,short,next_bar_open,354.0,prth_vah,0,,,,1,box_high,double_break,False,False,True,,,,11.5,17.0,17.0,1.48,target
JJ,JJ-2025-09-09,2025-09-09,0,internal_rotation,big_range_eq,short,next_bar_open,356.0,prth_vah,1,,,,1,box_high,double_break,False,False,True,,,,7.0,21.5,21.5,3.07,target
JJ,JJ-2025-09-09,2025-09-09,0,internal_rotation,big_range_eq,long,next_bar_open,364.0,prth_vah,0,,,,1,box_high,double_break,False,False,True,,,,6.0,3.75,3.75,0.62,target
JJ,JJ-2025-09-09,2025-09-09,0,internal_rotation,big_range_eq,long,next_bar_open,366.0,prth_vah,1,,,,1,box_high,double_break,False,False,True,,,,6.5,1.5,1.5,0.23,stop
JJ,JJ-2025-10-01,2025-10-01,0,other_session,london,short,rejection_close,-414.0,d3_high,0,,,,4,box_q25;pzone_T1_lo;q25;range_open,double_break,False,False,True,,,,5.5,0.5,0.5,0.09,target
JJ,JJ-2025-10-01,2025-10-01,0,other_session,london,short,next_bar_open,-383.0,q25,0,,,,1,proj_minus_0.5,double_break,False,False,True,,,,23.75,37.75,37.75,1.59,stop
JJ,JJ-2025-10-01,2025-10-01,0,other_session,london,long,stop_at_line,-299.0,q25,0,,,,1,proj_minus_0.5,double_break,False,False,True,,,,35.94,50.94,50.94,1.42,target
JJ,JJ-2025-10-01,2025-10-01,0,other_session,london,long,stop_at_line,-287.0,prth_low,0,,,,4,box_low;d1_low;d2_low;evrange_lower,double_break,False,False,True,,,,94.0,25.25,25.25,0.27,target
JJ,JJ-2025-10-01,2025-10-01,0,other_session,london,long,next_bar_open,-285.0,prth_low,1,,,,4,box_low;d1_low;d2_low;evrange_lower,double_break,False,False,True,,,,9.5,8.62,8.62,0.91,stop
JJ,JJ-2025-10-01,2025-10-01,0,other_session,london,short,signature_close,-260.0,eq,0,,,,0,,double_break,False,False,True,,,,3.25,2.88,2.88,0.88,stop
JJ,JJ-2025-10-01,2025-10-01,0,other_session,london,long,next_bar_open,-259.0,eq,0,,,,0,,double_break,False,False,True,,,,8.25,93.0,93.0,11.27,stop
JJ,JJ-2025-10-01,2025-10-01,0,other_session,london,short,next_bar_open,-238.0,d3_high,1,,,,4,box_q25;pzone_T1_lo;q25;range_open,double_break,False,False,True,,,,6.25,13.12,13.12,2.1,target
JJ,JJ-2025-10-01,2025-10-01,0,judas_reversal,double_break,short,rejection_close,3.0,box_high,0,,,inside_0_0.33,0,,double_break,False,False,True,,,,38.75,33.38,33.38,0.86,stop
JJ,JJ-2025-10-01,2025-10-01,0,internal_rotation,big_range_eq,long,next_bar_open,30.0,prth_poc,1,,,,2,box_q75;q75,double_break,False,False,True,,,,26.75,24.25,24.25,0.91,stop
JJ,JJ-2025-10-01,2025-10-01,0,internal_rotation,big_range_eq,long,next_bar_open,32.0,eq,2,,,,2,asia_low;box_eq,double_break,False,False,True,,,,40.25,20.25,20.25,0.5,target
JJ,JJ-2025-10-01,2025-10-01,0,internal_rotation,big_range_eq,long,next_bar_open,34.0,box_high,2,,,,0,,double_break,False,False,True,,,,18.5,32.12,32.12,1.74,target
JJ,JJ-2025-10-01,2025-10-01,0,internal_rotation,big_range_eq,long,rejection_close,34.0,box_high,3,,,,0,,double_break,False,False,True,,,,20.5,32.38,32.38,1.58,target
JJ,JJ-2025-10-01,2025-10-01,0,internal_rotation,big_range_eq,long,rejection_close,34.0,prth_val,1,,,,0,,double_break,False,False,True,,,,45.0,10.75,10.75,0.24,target
JJ,JJ-2025-10-01,2025-10-01,0,internal_rotation,big_range_eq,long,rejection_close,34.0,eq,0,,,,2,asia_low;box_eq,double_break,False,False,True,,,,45.0,10.75,10.75,0.24,target
JJ,JJ-2025-10-01,2025-10-01,0,judas_reversal,double_break,short,next_bar_open,51.0,plus_0.5,0,,,,1,proj_plus_0.5,double_break,False,False,True,,,,7.25,94.12,94.12,12.98,stop
JJ,JJ-2025-10-01,2025-10-01,0,judas_reversal,double_break,short,next_bar_open,53.0,onh,0,,,,1,asia_high,double_break,False,False,True,,,,8.75,111.38,111.38,12.73,stop
JJ,JJ-2025-10-01,2025-10-01,0,judas_reversal,double_break,short,next_bar_open,94.0,prth_high,0,,,,2,d1_high;proj_plus_1.33,double_break,False,False,True,,,,8.0,154.12,154.12,19.27,stop
JJ,JJ-2025-10-03,2025-10-03,0,other_session,london,short,next_bar_open,-440.0,prth_high,0,,,,2,box_q75;q75,double_break,True,False,False,,,,8.5,71.0,71.0,8.35,stop
JJ,JJ-2025-10-03,2025-10-03,0,other_session,london,short,rejection_close,-436.0,d1_high,0,,,,2,asia_high;pzone_T2_hi,double_break,True,False,False,,,,1.75,0.75,0.75,0.43,target
JJ,JJ-2025-10-03,2025-10-03,0,other_session,london,short,next_bar_open,-426.0,d1_high,1,,,,2,asia_high;pzone_T2_hi,double_break,True,False,False,,,,5.5,1.75,1.75,0.32,stop
JJ,JJ-2025-10-03,2025-10-03,0,other_session,london,short,stop_at_line,-382.0,london_high,0,,,,3,box_high;onh;range_open,double_break,True,False,False,,,,6.75,38.0,38.0,5.63,target
JJ,JJ-2025-10-03,2025-10-03,0,other_session,london,long,stop_at_line,-351.0,q75,0,,,,3,asia_high;box_q75;prth_high,double_break,True,False,False,,,,5.5,19.0,19.0,3.45,target
JJ,JJ-2025-10-03,2025-10-03,0,other_session,london,long,stop_at_line,-250.0,q75,1,,,,3,asia_high;box_q75;prth_high,double_break,True,False,False,,,,5.25,19.0,19.0,3.62,target
JJ,JJ-2025-10-03,2025-10-03,0,other_session,london,short,rejection_close,-209.0,london_high,1,,,,3,box_high;onh;range_open,double_break,True,False,False,,,,4.25,38.5,38.5,9.06,target
JJ,JJ-2025-10-03,2025-10-03,1,judas_reversal,double_break,long,next_bar_open,30.0,box_low,0,,,inside_0_0.33,0,,double_break,True,False,False,,,,8.0,46.0,46.0,5.75,stop
JJ,JJ-2025-10-03,2025-10-03,0,judas_reversal,double_break,long,next_bar_open,33.0,onl,0,,,,3,asia_low;evrange_lower;proj_minus_0.33,double_break,True,False,False,,,,21.5,68.5,68.5,3.19,stop
JJ,JJ-2025-10-03,2025-10-03,0,judas_reversal,double_break,long,next_bar_open,40.0,minus_0.5,0,,,,2,proj_minus_0.5;pzone_T2_lo,double_break,True,False,False,,,,28.0,75.75,75.75,2.71,target
JJ,JJ-2025-10-03,2025-10-03,0,extension_reaction,double_break,long,absorption,263.0,extension_band,0,,,,2,proj_minus_1.33;pzone_T3_lo,double_break,True,False,False,,,,7.75,150.75,150.75,19.45,stop
JJ,JJ-2025-10-06-LONDON,2025-10-06,0,other_session,london,long,rejection_close,-388.0,q75,0,,,,1,asia_high,double_break,True,False,False,,,,5.0,10.0,10.0,2.0,stop
JJ,JJ-2025-10-06-LONDON,2025-10-06,0,other_session,london,short,next_bar_open,-384.0,q75,0,,,,1,asia_high,double_break,True,False,False,,,,8.75,22.62,22.62,2.59,target
JJ,JJ-2025-10-06-LONDON,2025-10-06,0,other_session,london,long,next_bar_open,-352.0,eq,0,,,,0,,double_break,True,False,False,,,,6.5,3.88,3.88,0.6,target
JJ,JJ-2025-10-06-LONDON,2025-10-06,0,other_session,london,short,next_bar_open,-351.0,eq,0,,,,0,,double_break,True,False,False,,,,6.5,12.5,12.5,1.92,target
JJ,JJ-2025-10-06-LONDON,2025-10-06,0,other_session,london,long,stop_at_line,-347.0,london_low,0,,,,2,proj_minus_0.66;pzone_T3_lo,double_break,True,False,False,,,,10.0,29.38,29.38,2.94,target
JJ,JJ-2025-10-06-LONDON,2025-10-06,0,other_session,london,long,stop_at_line,-346.0,q25,0,,,,1,proj_minus_0.5,double_break,True,False,False,,,,24.69,14.69,14.69,0.59,target
JJ,JJ-2025-10-06-LONDON,2025-10-06,0,other_session,london,short,next_bar_open,-337.0,eq,1,,,,0,,double_break,True,False,False,,,,6.5,12.75,12.75,1.96,stop
JJ,JJ-2025-10-06-LONDON,2025-10-06,0,other_session,london,long,next_bar_open,-329.0,eq,1,,,,0,,double_break,True,False,False,,,,7.25,28.0,28.0,3.86,target
JJ,JJ-2025-10-06-LONDON,2025-10-06,0,other_session,london,short,stop_at_line,-327.0,q75,1,,,,1,asia_high,double_break,True,False,False,,,,5.19,14.69,14.69,2.83,stop
JJ,JJ-2025-10-06-LONDON,2025-10-06,0,other_session,london,short,next_bar_open,-322.0,london_high,0,,,,0,,double_break,True,False,False,,,,15.0,24.88,24.88,1.66,stop
JJ,JJ-2025-10-06-LONDON,2025-10-06,0,other_session,london,short,next_bar_open,-238.0,plus_0.33,0,,,,2,box_low;pzone_T2_lo,double_break,True,False,False,,,,6.5,47.88,47.88,7.37,stop
JJ,JJ-2025-10-06-LONDON,2025-10-06,0,other_session,london,short,next_bar_open,-227.0,plus_0.5,0,,,,2,evrange_lower;range_open,double_break,True,False,False,,,,7.5,57.12,57.12,7.62,stop
JJ,JJ-2025-10-06-LONDON,2025-10-06,0,other_session,london,short,signature_close,-160.0,plus_0.66,0,,,,0,,double_break,True,False,False,,,,1.75,68.62,68.62,39.21,stop
JJ,JJ-2025-10-06-LONDON,2025-10-06,0,other_session,london,short,next_bar_open,-158.0,prth_high,0,,,,0,,double_break,True,False,False,,,,19.5,75.12,75.12,3.85,stop
JJ,JJ-2025-10-06-LONDON,2025-10-06,0,other_session,london,short,next_bar_open,-154.0,d2_high,0,,,,3,box_eq;eq;london_high,double_break,True,False,False,,,,18.25,90.62,90.62,4.97,stop
JJ,JJ-2025-10-06-LONDON,2025-10-06,0,single_extended,single_break,long,signature_close,-24.0,eq,0,,,,3,box_eq;d2_high;london_high,double_break,True,False,False,,,,15.5,43.5,43.5,2.81,stop
JJ,JJ-2025-10-06-LONDON,2025-10-06,0,judas_reversal,double_break,long,next_bar_open,15.0,box_low,0,,,inside_0_0.33,1,prth_vah,double_break,True,False,False,,,,11.0,56.88,56.88,5.17,target
JJ,JJ-2025-10-06-LONDON,2025-10-06,0,judas_reversal,double_break,long,next_bar_open,16.0,box_low,1,,,inside_0_0.33,1,prth_vah,double_break,True,False,False,,,,28.75,42.38,42.38,1.47,target
JJ,JJ-2025-10-07-LONDON,2025-10-07,0,other_session,london,long,stop_at_line,-368.0,q25,0,,,,2,proj_minus_0.33;prth_val,double_break,True,False,False,,,,7.19,15.94,15.94,2.22,target
JJ,JJ-2025-10-07-LONDON,2025-10-07,0,other_session,london,long,rejection_close,-359.0,eq,0,,,,0,,double_break,True,False,False,,,,3.5,1.12,1.12,0.32,stop
JJ,JJ-2025-10-07-LONDON,2025-10-07,0,other_session,london,short,next_bar_open,-358.0,eq,0,,,,0,,double_break,True,False,False,,,,9.0,9.5,9.5,1.06,stop
JJ,JJ-2025-10-07-LONDON,2025-10-07,0,other_session,london,short,next_bar_open,-304.0,q25,0,,,,2,proj_minus_0.33;prth_val,double_break,True,False,False,,,,6.25,3.0,3.0,0.48,stop
JJ,JJ-2025-10-07-LONDON,2025-10-07,0,other_session,london,long,rejection_close,-303.0,q25,1,,,,2,proj_minus_0.33;prth_val,double_break,True,False,False,,,,6.75,20.12,20.12,2.98,stop
JJ,JJ-2025-10-07-LONDON,2025-10-07,0,other_session,london,short,next_bar_open,-274.0,q75,0,,,,1,box_low,double_break,True,False,False,,,,5.75,15.38,15.38,2.67,stop
JJ,JJ-2025-10-07-LONDON,2025-10-07,0,other_session,london,long,rejection_close,-271.0,q75,0,,,,1,box_low,double_break,True,False,False,,,,2.75,14.5,14.5,5.27,target
JJ,JJ-2025-10-07-LONDON,2025-10-07,0,other_session,london,long,next_bar_open,-267.0,q75,1,,,,1,box_low,double_break,True,False,False,,,,8.5,14.0,14.0,1.65,target
JJ,JJ-2025-10-07-LONDON,2025-10-07,0,other_session,london,short,next_bar_open,-254.0,london_high,0,,,,1,range_open,double_break,True,False,False,,,,6.5,32.38,32.38,4.98,stop
JJ,JJ-2025-10-07-LONDON,2025-10-07,0,other_session,london,short,next_bar_open,-220.0,d3_high,0,,,,0,,double_break,True,False,False,,,,6.75,26.62,26.62,3.94,stop
JJ,JJ-2025-10-07-LONDON,2025-10-07,0,judas_reversal,double_break,short,next_bar_open,-28.0,box_high,0,,,inside_0_0.33,3,d1_high;onh;prth_high,double_break,True,False,False,,,,8.25,44.0,44.0,5.33,stop
JJ,JJ-2025-10-07-LONDON,2025-10-07,0,judas_reversal,double_break,long,next_bar_open,104.0,prth_low,0,,,,1,proj_minus_0.66,double_break,True,False,False,,,,14.25,124.0,124.0,8.7,stop
JJ,JJ-2025-10-07-LONDON,2025-10-07,0,judas_reversal,double_break,long,next_bar_open,140.0,d1_low,0,,,,2,d3_low;proj_minus_2,double_break,True,False,False,,,,14.5,214.75,214.75,14.81,open
JJ,JJ-2025-10-07-LONDON,2025-10-07,0,judas_reversal,double_break,long,next_bar_open,141.0,d1_low,1,,,,2,d3_low;proj_minus_2,double_break,True,False,False,,,,12.75,214.0,214.0,16.78,stop
JJ,JJ-2025-10-08-LONDON,2025-10-08,0,other_session,london,long,next_bar_open,-388.0,q25,0,,,,2,box_low;prth_poc,double_break,False,False,True,,,,9.5,12.62,12.62,1.33,target
JJ,JJ-2025-10-08-LONDON,2025-10-08,0,other_session,london,long,next_bar_open,-387.0,q25,1,,,,2,box_low;prth_poc,double_break,False,False,True,,,,8.25,15.88,15.88,1.92,target
JJ,JJ-2025-10-08-LONDON,2025-10-08,0,other_session,london,short,next_bar_open,-378.0,eq,0,,,,2,box_q25;q25,double_break,False,False,True,,,,7.75,25.75,25.75,3.32,stop
JJ,JJ-2025-10-08-LONDON,2025-10-08,0,other_session,london,short,next_bar_open,-351.0,q75,0,,,,2,box_eq;eq,double_break,False,False,True,,,,8.75,14.12,14.12,1.61,stop
JJ,JJ-2025-10-08-LONDON,2025-10-08,0,other_session,london,long,rejection_close,-348.0,q75,0,,,,2,box_eq;eq,double_break,False,False,True,,,,4.5,16.0,16.0,3.56,target
JJ,JJ-2025-10-08-LONDON,2025-10-08,0,other_session,london,long,stop_at_line,-343.0,q75,1,,,,2,box_eq;eq,double_break,False,False,True,,,,8.31,16.94,16.94,2.04,target
JJ,JJ-2025-10-08-LONDON,2025-10-08,0,other_session,london,short,signature_close,-308.0,london_high,0,,,,3,asia_high;box_q75;q75,double_break,False,False,True,,,,1.75,37.62,37.62,21.5,stop
JJ,JJ-2025-10-08-LONDON,2025-10-08,0,other_session,london,long,next_bar_open,-197.0,eq,0,,,,2,box_q25;q25,double_break,False,False,True,,,,9.75,30.75,30.75,3.15,target
JJ,JJ-2025-10-08-LONDON,2025-10-08,0,judas_reversal,double_break,short,next_bar_open,3.0,onh,0,,,,1,london_high,double_break,False,False,True,,,,10.75,36.0,36.0,3.35,stop
JJ,JJ-2025-10-08-LONDON,2025-10-08,0,judas_reversal,double_break,short,stop_at_line,12.0,plus_0.5,0,,,,2,proj_plus_0.5;prth_vah,double_break,False,False,True,,,,18.5,62.0,62.0,3.35,stop
JJ,JJ-2025-10-08-LONDON,2025-10-08,0,judas_reversal,double_break,short,next_bar_open,32.0,d3_high,0,,,,0,,double_break,False,False,True,,,,17.5,114.0,114.0,6.51,stop
JJ,JJ-2025-10-08-LONDON,2025-10-08,0,judas_reversal,double_break,short,next_bar_open,142.0,d2_high,0,,,,1,proj_plus_2.33,double_break,False,False,True,,,,7.5,181.5,181.5,24.2,stop
JJ,JJ-2025-10-13,2025-10-13,0,other_session,london,short,signature_close,-388.0,london_high,0,,,,1,asia_high,double_break,False,False,True,,,,13.0,51.12,51.12,3.93,stop
JJ,JJ-2025-10-13,2025-10-13,0,other_session,london,short,next_bar_open,-375.0,plus_0.33,0,,,,0,,double_break,False,False,True,,,,10.75,88.38,88.38,8.22,stop
JJ,JJ-2025-10-13,2025-10-13,0,other_session,london,short,next_bar_open,-371.0,plus_0.5,0,,,,2,evrange_plus_50;pzone_T3_hi,double_break,False,False,True,,,,12.25,92.12,92.12,7.52,stop
JJ,JJ-2025-10-13,2025-10-13,0,other_session,london,short,next_bar_open,-365.0,plus_0.66,0,,,,1,proj_plus_0.33,double_break,False,False,True,,,,8.75,115.12,115.12,13.16,stop
JJ,JJ-2025-10-13,2025-10-13,0,other_session,london,long,next_bar_open,-191.0,q75,0,,,,1,evrange_upper,double_break,False,False,True,,,,13.75,21.5,21.5,1.56,target
JJ,JJ-2025-10-13,2025-10-13,0,other_session,london,long,next_bar_open,-187.0,q75,1,,,,1,evrange_upper,double_break,False,False,True,,,,13.25,19.0,19.0,1.43,target
JJ,JJ-2025-10-13,2025-10-13,1,judas_reversal,double_break,short,next_bar_open,-24.0,box_high,0,,,inside_0_0.33,0,,double_break,False,False,True,,,,7.75,70.88,70.88,9.15,target
JJ,JJ-2025-10-13,2025-10-13,0,judas_reversal,double_break,short,next_bar_open,-23.0,box_high,1,,,inside_0_0.33,0,,double_break,False,False,True,,,,25.5,63.38,63.38,2.49,target
JJ,JJ-2025-10-13,2025-10-13,1,judas_reversal,double_break,long,rejection_close,7.0,box_low,0,,,inside_0_0.33,1,evrange_lower,double_break,False,False,True,,,,1.25,73.62,73.62,58.9,target
JJ,JJ-2025-10-13,2025-10-13,0,judas_reversal,double_break,long,two_minute_close,13.0,box_low,1,,,inside_0_0.33,1,evrange_lower,double_break,False,False,True,,,,86.0,34.5,34.5,0.4,target
JJ,JJ-2025-10-13,2025-10-13,0,internal_rotation,big_range_eq,long,next_bar_open,30.0,box_high,0,,,,0,,double_break,False,False,True,,,,17.75,65.12,65.12,3.67,stop
JJ,JJ-2025-10-13,2025-10-13,0,internal_rotation,big_range_eq,short,next_bar_open,52.0,q75,3,,,,2,box_q75;range_open,double_break,False,False,True,,,,10.25,57.38,57.38,5.6,target
JJ,JJ-2025-10-13,2025-10-13,0,internal_rotation,big_range_eq,long,next_bar_open,53.0,q75,0,,,,2,box_q75;range_open,double_break,False,False,True,,,,12.25,38.0,38.0,3.1,target
JJ,JJ-2025-10-13,2025-10-13,0,internal_rotation,big_range_eq,short,stop_at_line,56.0,eq,2,,,,2,box_eq;pzone_T1_hi,double_break,False,False,True,,,,113.12,72.38,72.38,0.64,stop
JJ,JJ-2025-10-13,2025-10-13,0,internal_rotation,big_range_eq,long,next_bar_open,64.0,q75,1,,,,2,box_q75;range_open,double_break,False,False,True,,,,17.75,39.25,39.25,2.21,target
JJ,JJ-2025-10-13,2025-10-13,0,internal_rotation,big_range_eq,long,rejection_close,84.0,q25,2,,,,1,box_q25,double_break,False,False,True,,,,16.0,38.38,38.38,2.4,stop
JJ,JJ-2025-11-10,2025-11-10,0,other_session,london,long,next_bar_open,-375.0,q75,0,,,,1,london_low,double_break,True,False,False,,,,8.75,41.25,41.25,4.71,target
JJ,JJ-2025-11-10,2025-11-10,0,other_session,london,long,rejection_close,-372.0,q75,1,,,,1,london_low,double_break,True,False,False,,,,8.5,37.5,37.5,4.41,target
JJ,JJ-2025-11-10,2025-11-10,0,other_session,london,short,signature_close,-368.0,q75,0,,,,1,london_low,double_break,True,False,False,,,,1.25,51.12,51.12,40.9,stop
JJ,JJ-2025-11-10,2025-11-10,0,other_session,london,short,next_bar_open,-353.0,london_high,0,,,,2,box_low;evrange_lower,double_break,True,False,False,,,,10.25,94.38,94.38,9.21,stop
JJ,JJ-2025-11-10,2025-11-10,0,other_session,london,short,next_bar_open,-313.0,plus_0.33,0,,,,1,box_high,double_break,True,False,False,,,,8.25,144.88,144.88,17.56,stop
JJ,JJ-2025-11-10,2025-11-10,0,single_extended,single_break,long,rejection_close,-22.0,eq,0,,,,3,box_eq;pzone_T1_lo;range_open,double_break,True,False,False,,,,11.75,26.0,26.0,2.21,stop
JJ,JJ-2025-11-10,2025-11-10,0,judas_reversal,double_break,short,next_bar_open,3.0,onh,0,,,,1,london_high,double_break,True,False,False,,,,14.75,43.5,43.5,2.95,target
JJ,JJ-2025-11-10,2025-11-10,0,judas_reversal,double_break,short,next_bar_open,4.0,plus_0.5,0,,,,1,proj_plus_0.5,double_break,True,False,False,,,,12.25,53.0,53.0,4.33,stop
JJ,JJ-2025-11-10,2025-11-10,0,extension_reaction,double_break,short,rejection_block,45.0,extension_band,0,,,,1,proj_plus_1.33,double_break,True,False,False,,,,27.0,65.5,65.5,2.43,stop
JJ,JJ-2025-11-10,2025-11-10,0,judas_reversal,double_break,long,next_bar_open,96.0,minus_0.5,0,,,,1,proj_minus_0.5,double_break,True,False,False,,,,23.5,42.0,42.0,1.79,target
JJ,JJ-2025-11-10,2025-11-10,0,judas_reversal,double_break,long,rejection_close,126.0,minus_0.5,1,,,,1,proj_minus_0.5,double_break,True,False,False,,,,16.5,53.5,53.5,3.24,stop
JJ,JJ-2025-11-10,2025-11-10,0,judas_reversal,double_break,long,next_bar_open,132.0,london_low,0,,,,0,,double_break,True,False,False,,,,24.25,60.25,60.25,2.48,target
JJ,JJ-2025-11-18,2025-11-18,0,other_session,london,long,next_bar_open,-447.0,d2_low,0,,,,0,,single_break,True,False,False,,,,18.5,97.25,97.25,5.26,stop
JJ,JJ-2025-11-18,2025-11-18,0,other_session,london,long,next_bar_open,-408.0,prth_low,0,,,,1,d1_low,single_break,True,False,False,,,,11.5,196.75,196.75,17.11,stop
JJ,JJ-2025-11-18,2025-11-18,0,other_session,london,short,next_bar_open,-339.0,eq,0,,,,1,evrange_upper,single_break,True,False,False,,,,11.5,6.88,6.88,0.6,target
JJ,JJ-2025-11-18,2025-11-18,0,other_session,london,long,next_bar_open,-338.0,eq,0,,,,1,evrange_upper,single_break,True,False,False,,,,7.0,0.38,0.38,0.05,target
JJ,JJ-2025-11-18,2025-11-18,0,other_session,london,short,next_bar_open,-328.0,eq,1,,,,1,evrange_upper,single_break,True,False,False,,,,8.5,8.88,8.88,1.04,stop
JJ,JJ-2025-11-18,2025-11-18,0,other_session,london,long,stop_at_line,-327.0,eq,1,,,,1,evrange_upper,single_break,True,False,False,,,,7.12,70.88,70.88,9.95,target
JJ,JJ-2025-11-18,2025-11-18,0,single_extended,single_break,short,rejection_close,-27.0,eq,0,,,,1,box_eq,single_break,True,False,False,,,,6.75,87.0,87.0,12.89,stop
JJ,JJ-2025-11-18,2025-11-18,0,single_extended,single_break,long,rejection_close,-26.0,eq,0,,,,1,box_eq,single_break,True,False,False,,,,6.0,166.5,166.5,27.75,stop
JJ,JJ-2025-11-18,2025-11-18,0,judas_outbound,single_break,short,stop_at_line,15.0,box_low,0,,,,1,pzone_T2_lo,single_break,True,False,False,,,,5.0,88.62,88.62,17.73,stop
JJ,JJ-2025-11-18,2025-11-18,0,extension_reaction,double_break,long,absorption,93.0,extension_band,0,,,,1,proj_minus_1.33,single_break,True,False,False,,,,12.25,264.25,264.25,21.57,stop
JJ,JJ-2025-12-30,2025-12-30,0,other_session,london,short,next_bar_open,-383.0,eq,0,,,,1,box_eq,double_break,False,False,True,,,,8.25,11.75,11.75,1.42,stop
JJ,JJ-2025-12-30,2025-12-30,0,other_session,london,long,next_bar_open,-367.0,eq,0,,,,1,box_eq,double_break,False,False,True,,,,11.75,30.25,30.25,2.57,stop
JJ,JJ-2025-12-30,2025-12-30,0,other_session,london,short,next_bar_open,-339.0,q75,0,,,,1,pzone_09:00_hi,double_break,False,False,True,,,,6.25,18.12,18.12,2.9,stop
JJ,JJ-2025-12-30,2025-12-30,0,other_session,london,long,next_bar_open,-338.0,q75,0,,,,1,pzone_09:00_hi,double_break,False,False,True,,,,7.25,17.25,17.25,2.38,stop
JJ,JJ-2025-12-30,2025-12-30,1,judas_reversal,double_break,long,next_bar_open,1.0,box_low,0,,,inside_0_0.33,1,pzone_09:00_lo,double_break,False,False,True,,,,9.0,25.25,25.25,2.81,target
JJ,JJ-2025-12-30,2025-12-30,0,judas_reversal,double_break,long,next_bar_open,2.0,box_low,1,,,inside_0_0.33,1,pzone_09:00_lo,double_break,False,False,True,,,,33.25,0.75,0.75,0.02,target
JJ,JJ-2025-12-30,2025-12-30,0,judas_reversal,double_break,long,next_bar_open,12.0,onl,0,,,,2,london_low;pzone_09:00_lo,double_break,False,False,True,,,,25.5,13.25,13.25,0.52,stop
JJ,JJ-2025-12-30,2025-12-30,0,judas_reversal,double_break,short,next_bar_open,22.0,box_high,0,,,inside_0_0.33,2,prth_vah;pzone_09:00_hi,double_break,False,False,True,,,,11.25,25.5,25.5,2.27,stop
JJ,JJ-2025-12-30,2025-12-30,0,judas_reversal,double_break,short,next_bar_open,27.0,london_high,0,,,,2,asia_high;onh,double_break,False,False,True,,,,8.25,33.5,33.5,4.06,stop
JJ,JJ-2025-12-30,2025-12-30,0,judas_reversal,double_break,short,next_bar_open,27.0,plus_0.5,0,,,,1,proj_plus_0.5,double_break,False,False,True,,,,11.25,49.75,49.75,4.42,target
JJ,JJ-2025-12-30,2025-12-30,0,judas_reversal,double_break,short,next_bar_open,30.0,plus_0.33,0,,,,2,evrange_upper;proj_plus_0.33,double_break,False,False,True,,,,11.25,49.75,49.75,4.42,target
JJ,JJ-2025-12-30,2025-12-30,0,internal_rotation,big_range_eq,long,two_minute_close,32.0,box_high,0,,,,2,prth_vah;pzone_09:00_hi,double_break,False,False,True,,,,13.0,26.5,26.5,2.04,stop
JJ,JJ-2025-12-30,2025-12-30,0,internal_rotation,big_range_eq,long,next_bar_open,36.0,q75,2,,,,2,box_q75;range_open,double_break,False,False,True,,,,13.0,10.0,10.0,0.77,stop
JJ,JJ-2025-12-30,2025-12-30,0,internal_rotation,big_range_eq,short,rejection_close,42.0,eq,3,,,,1,box_eq,double_break,False,False,True,,,,20.5,2.75,2.75,0.13,target
JJ,JJ-2025-12-30,2025-12-30,0,internal_rotation,big_range_eq,short,next_bar_open,49.0,box_low,3,,,,1,pzone_09:00_lo,double_break,False,False,True,,,,11.25,11.5,11.5,1.02,stop
JJ,JJ-2025-12-30,2025-12-30,0,internal_rotation,big_range_eq,long,signature_close,54.0,q25,3,,,,2,box_q25;prth_poc,double_break,False,False,True,,,,1.0,16.25,16.25,16.25,target
JJ,JJ-2025-12-30,2025-12-30,0,judas_reversal,double_break,short,next_bar_open,95.0,plus_0.33,1,,,,2,evrange_upper;proj_plus_0.33,double_break,False,False,True,,,,8.5,43.25,43.25,5.09,stop
JJ,JJ-2025-12-30,2025-12-30,0,judas_reversal,double_break,short,rejection_close,112.0,plus_0.66,0,,,,3,d3_low;proj_plus_0.66;pzone_09:00_hi,double_break,False,False,True,,,,13.75,62.25,62.25,4.53,target
JJ,JJ-2025-12-30,2025-12-30,0,judas_reversal,double_break,short,rejection_close,117.0,plus_0.5,1,,,,1,proj_plus_0.5,double_break,False,False,True,,,,5.5,53.25,53.25,9.68,target
JJ,JJ-2026-01-02,2026-01-02,0,other_session,london,short,next_bar_open,-388.0,london_high,0,,,,2,d3_low;proj_minus_0.5,double_break,True,False,False,,,,7.75,69.88,69.88,9.02,stop
JJ,JJ-2026-01-02,2026-01-02,0,other_session,london,short,next_bar_open,-374.0,prth_high,0,,,,2,box_q25;q25,double_break,True,False,False,,,,8.25,109.62,109.62,13.29,stop
JJ,JJ-2026-01-02,2026-01-02,0,other_session,london,short,next_bar_open,-336.0,d1_high,0,,,,1,pzone_09:00_hi,double_break,True,False,False,,,,11.5,131.88,131.88,11.47,stop
JJ,JJ-2026-01-02,2026-01-02,0,other_session,london,short,next_bar_open,-207.0,plus_0.66,0,,,,4,box_high;evrange_upper;london_high;onh,double_break,True,False,False,,,,7.5,160.12,160.12,21.35,stop
JJ,JJ-2026-01-02,2026-01-02,0,judas_reversal,double_break,long,next_bar_open,-15.0,box_low,0,,,inside_0_0.33,0,,double_break,True,False,False,,,,7.5,34.75,34.75,4.63,target
JJ,JJ-2026-01-02,2026-01-02,0,judas_reversal,double_break,long,next_bar_open,-9.0,d2_low,0,,,,1,pzone_09:00_lo,double_break,True,False,False,,,,6.5,41.5,41.5,6.38,stop
JJ,JJ-2026-01-02,2026-01-02,0,judas_reversal,double_break,long,next_bar_open,2.0,box_low,1,,,inside_0_0.33,0,,double_break,True,False,False,,,,48.75,9.25,9.25,0.19,ambiguous
JJ,JJ-2026-01-02,2026-01-02,1,judas_reversal,double_break,long,rejection_close,5.0,minus_0.33,0,,,,1,proj_minus_0.33,double_break,True,False,False,,,,23.25,49.75,49.75,2.14,stop
JJ,JJ-2026-01-02,2026-01-02,0,judas_reversal,double_break,long,stop_at_line,12.0,minus_0.5,0,,,,2,d3_low;proj_minus_0.5,double_break,True,False,False,,,,14.25,63.5,63.5,4.46,target
JJ,JJ-2026-01-02,2026-01-02,0,judas_reversal,double_break,short,next_bar_open,19.0,plus_0.33,0,,,,2,proj_plus_0.33;pzone_10:00_hi,double_break,True,False,False,,,,16.5,52.75,52.75,3.2,stop
JJ,JJ-2026-01-02,2026-01-02,0,judas_reversal,double_break,short,next_bar_open,19.0,plus_0.5,0,,,,1,proj_plus_0.5,double_break,True,False,False,,,,16.5,52.75,52.75,3.2,stop
JJ,JJ-2026-01-02,2026-01-02,0,judas_reversal,double_break,short,next_bar_open,22.0,d2_high,0,,,,0,,double_break,True,False,False,,,,16.5,81.25,81.25,4.92,target
JJ,JJ-2026-01-02,2026-01-02,0,judas_reversal,double_break,short,next_bar_open,22.0,plus_0.66,0,,,,1,proj_plus_0.66,double_break,True,False,False,,,,16.5,81.25,81.25,4.92,target
JJ,JJ-2026-01-02,2026-01-02,0,judas_reversal,double_break,short,next_bar_open,23.0,d2_high,1,,,,0,,double_break,True,False,False,,,,26.0,63.5,63.5,2.44,target
JJ,JJ-2026-01-02,2026-01-02,0,judas_reversal,double_break,short,rejection_close,24.0,box_high,0,,,beyond_0.66,3,evrange_upper;london_high;onh,double_break,True,False,False,,,,40.5,28.75,28.75,0.71,target
JJ,JJ-2026-01-02,2026-01-02,0,judas_reversal,double_break,short,next_bar_open,28.0,box_high,1,,,inside_0_0.33,3,evrange_upper;london_high;onh,double_break,True,False,False,,,,8.5,42.5,42.5,5.0,stop
JJ,JJ-2026-01-02,2026-01-02,0,judas_reversal,double_break,long,next_bar_open,44.0,london_low,0,,,,1,pzone_09:00_lo,double_break,True,False,False,,,,13.75,84.5,84.5,6.15,stop
JJ,JJ-2026-01-02,2026-01-02,0,judas_reversal,double_break,long,next_bar_open,44.0,minus_0.5,1,,,,2,d3_low;proj_minus_0.5,double_break,True,False,False,,,,13.75,84.5,84.5,6.15,stop
JJ,JJ-2026-01-02,2026-01-02,0,judas_reversal,double_break,long,next_bar_open,84.0,onl,0,,,,3,asia_low;d1_low;prth_low,double_break,True,False,False,,,,10.25,263.5,263.5,25.71,stop
JJ,JJ-2026-01-09,2026-01-09,0,other_session,london,short,next_bar_open,-386.0,q75,0,,,,2,proj_minus_0.33;prth_vah,double_break,False,False,False,,,,8.5,21.75,21.75,2.56,stop
JJ,JJ-2026-01-09,2026-01-09,0,other_session,london,long,next_bar_open,-383.0,q75,0,,,,2,proj_minus_0.33;prth_vah,double_break,False,False,False,,,,6.5,21.75,21.75,3.35,stop
JJ,JJ-2026-01-09,2026-01-09,0,other_session,london,long,next_bar_open,-324.0,eq,0,,,,2,proj_minus_0.5;pzone_09:00_lo,double_break,False,False,False,,,,8.75,36.0,36.0,4.11,target
JJ,JJ-2026-01-09,2026-01-09,0,other_session,london,long,next_bar_open,-320.0,eq,1,,,,2,proj_minus_0.5;pzone_09:00_lo,double_break,False,False,False,,,,8.0,34.75,34.75,4.34,target
JJ,JJ-2026-01-09,2026-01-09,0,other_session,london,short,next_bar_open,-269.0,plus_0.33,0,,,,3,asia_high;d2_low;range_open,double_break,False,False,False,,,,8.5,60.5,60.5,7.12,stop
JJ,JJ-2026-01-09,2026-01-09,0,other_session,london,long,rejection_close,-255.0,d2_low,0,,,,2,asia_high;range_open,double_break,False,False,False,,,,1.75,11.5,11.5,6.57,target
JJ,JJ-2026-01-09,2026-01-09,0,other_session,london,long,next_bar_open,-251.0,d2_low,1,,,,2,asia_high;range_open,double_break,False,False,False,,,,7.0,11.25,11.25,1.61,stop
JJ,JJ-2026-01-09,2026-01-09,0,other_session,london,short,stop_at_line,-186.0,plus_0.5,0,,,,2,box_q25;q25,double_break,False,False,False,,,,6.25,75.0,75.0,12.0,stop
JJ,JJ-2026-01-09,2026-01-09,0,other_session,london,short,next_bar_open,-177.0,plus_0.66,0,,,,1,evrange_lower,double_break,False,False,False,,,,6.75,86.5,86.5,12.81,stop
JJ,JJ-2026-01-09,2026-01-09,0,judas_reversal,double_break,short,next_bar_open,-24.0,box_high,0,,,inside_0_0.33,2,onh;prth_high,double_break,False,False,False,,,,6.75,50.25,50.25,7.44,target
JJ,JJ-2026-01-09,2026-01-09,0,judas_reversal,double_break,long,next_bar_open,-6.0,box_low,0,,,inside_0_0.33,0,,double_break,False,False,False,,,,12.5,52.25,52.25,4.18,stop
JJ,JJ-2026-01-09,2026-01-09,0,judas_reversal,double_break,long,next_bar_open,1.0,minus_0.33,0,,,,1,proj_minus_0.33,double_break,False,False,False,,,,24.75,77.75,77.75,3.14,stop
JJ,JJ-2026-01-09,2026-01-09,1,judas_reversal,double_break,long,next_bar_open,1.0,minus_0.5,0,,,,2,proj_minus_0.5;pzone_09:00_lo,double_break,False,False,False,,,,24.75,77.75,77.75,3.14,stop
JJ,JJ-2026-01-09,2026-01-09,0,judas_reversal,double_break,long,next_bar_open,3.0,minus_0.66,0,,,,3,london_low;proj_minus_0.66;prth_poc,double_break,False,False,False,,,,27.25,89.0,89.0,3.27,target
JJ,JJ-2026-01-09,2026-01-09,0,judas_reversal,double_break,long,next_bar_open,4.0,london_low,0,,,,2,proj_minus_0.66;prth_poc,double_break,False,False,False,,,,27.25,89.0,89.0,3.27,target
JJ,JJ-2026-01-09,2026-01-09,0,judas_reversal,double_break,long,next_bar_open,40.0,onl,0,,,,1,asia_low,double_break,False,False,False,,,,27.75,121.5,121.5,4.38,target
JJ,JJ-2026-01-09,2026-01-09,0,judas_reversal,double_break,short,next_bar_open,59.0,plus_0.33,0,,,,2,d3_high;proj_plus_0.33,double_break,False,False,False,,,,12.25,79.75,79.75,6.51,stop
JJ,JJ-2026-01-09,2026-01-09,0,judas_reversal,double_break,short,next_bar_open,59.0,plus_0.5,0,,,,2,evrange_upper;proj_plus_0.5,double_break,False,False,False,,,,13.0,93.0,93.0,7.15,stop
JJ,JJ-2026-01-09,2026-01-09,0,judas_reversal,double_break,short,next_bar_open,63.0,plus_0.66,0,,,,1,proj_plus_0.66,double_break,False,False,False,,,,6.75,111.0,111.0,16.44,stop
JJ,JJ-2026-02-24,2026-02-24,0,other_session,london,long,signature_close,-386.0,q25,0,,,,2,box_q25;evrange_lower,double_break,False,False,True,,,,6.0,30.62,30.62,5.1,target
JJ,JJ-2026-02-24,2026-02-24,0,other_session,london,short,next_bar_open,-385.0,q25,0,,,,2,box_q25;evrange_lower,double_break,False,False,True,,,,15.0,13.5,13.5,0.9,target
JJ,JJ-2026-02-24,2026-02-24,0,other_session,london,long,next_bar_open,-384.0,london_low,0,,,,1,box_low,double_break,False,False,True,,,,15.25,38.88,38.88,2.55,stop
JJ,JJ-2026-02-24,2026-02-24,0,other_session,london,short,next_bar_open,-357.0,q25,1,,,,2,box_q25;evrange_lower,double_break,False,False,True,,,,11.5,19.75,19.75,1.72,target
JJ,JJ-2026-02-24,2026-02-24,0,other_session,london,long,rejection_close,-339.0,minus_0.33,0,,,,4,asia_low;london_low;onl;proj_minus_0.33,double_break,False,False,True,,,,1.5,78.38,78.38,52.25,target
JJ,JJ-2026-02-24,2026-02-24,0,other_session,london,long,next_bar_open,-316.0,q25,1,,,,2,box_q25;evrange_lower,double_break,False,False,True,,,,13.25,16.62,16.62,1.25,target
JJ,JJ-2026-02-24,2026-02-24,0,other_session,london,short,next_bar_open,-312.0,eq,0,,,,1,range_open,double_break,False,False,True,,,,9.25,23.25,23.25,2.51,target
JJ,JJ-2026-02-24,2026-02-24,0,other_session,london,short,next_bar_open,-278.0,eq,1,,,,1,range_open,double_break,False,False,True,,,,6.5,0.62,0.62,0.1,stop
JJ,JJ-2026-02-24,2026-02-24,0,other_session,london,long,next_bar_open,-274.0,eq,0,,,,1,range_open,double_break,False,False,True,,,,9.0,1.38,1.38,0.15,stop
JJ,JJ-2026-02-24,2026-02-24,0,other_session,london,short,next_bar_open,-263.0,q75,0,,,,0,,double_break,False,False,True,,,,13.0,15.88,15.88,1.22,target
JJ,JJ-2026-02-24,2026-02-24,0,judas_reversal,double_break,long,next_bar_open,2.0,box_low,0,,,inside_0_0.33,0,,double_break,False,False,True,,,,29.0,36.0,36.0,1.24,stop
JJ,JJ-2026-02-24,2026-02-24,0,judas_reversal,double_break,long,next_bar_open,3.0,onl,0,,,,2,london_low;proj_minus_0.33,double_break,False,False,True,,,,17.25,82.75,82.75,4.8,stop
JJ,JJ-2026-02-24,2026-02-24,0,judas_reversal,double_break,long,signature_close,5.0,minus_0.5,0,,,,1,proj_minus_0.5,double_break,False,False,True,,,,30.5,109.75,109.75,3.6,stop
JJ,JJ-2026-02-24,2026-02-24,0,judas_reversal,double_break,long,rejection_close,5.0,minus_0.66,0,,,,2,proj_minus_0.66;pzone_09:00_lo,double_break,False,False,True,,,,28.75,125.75,125.75,4.37,stop
JJ,JJ-2026-02-24,2026-02-24,0,judas_reversal,double_break,long,two_minute_close,9.0,d3_low,0,,,,1,prth_poc,double_break,False,False,True,,,,113.5,45.75,45.75,0.4,target
JJ,JJ-2026-02-24,2026-02-24,0,judas_reversal,double_break,short,next_bar_open,17.0,plus_0.33,0,,,,1,proj_plus_0.33,double_break,False,False,True,,,,25.0,69.5,69.5,2.78,stop
JJ,JJ-2026-02-24,2026-02-24,0,judas_reversal,double_break,short,next_bar_open,19.0,plus_0.5,0,,,,1,proj_plus_0.5,double_break,False,False,True,,,,38.0,82.5,82.5,2.17,target
JJ,JJ-2026-02-24,2026-02-24,0,judas_reversal,double_break,short,rejection_close,24.0,box_high,0,,,band_0.33_0.66,1,onh,double_break,False,False,True,,,,27.5,64.0,64.0,2.33,target
JJ,JJ-2026-02-24,2026-02-24,0,internal_rotation,big_range_eq,long,next_bar_open,30.0,q75,0,,,,2,box_q75;london_high,double_break,False,False,True,,,,13.75,31.75,31.75,2.31,stop
JJ,JJ-2026-02-24,2026-02-24,0,internal_rotation,big_range_eq,short,next_bar_open,31.0,eq,0,,,,1,box_eq,double_break,False,False,True,,,,9.75,16.0,16.0,1.64,stop
JJ,JJ-2026-02-24,2026-02-24,0,internal_rotation,big_range_eq,long,next_bar_open,32.0,q25,0,,,,2,box_q25;evrange_lower,double_break,False,False,True,,,,15.75,18.5,18.5,1.17,target
JJ,JJ-2026-02-24,2026-02-24,0,internal_rotation,big_range_eq,long,next_bar_open,32.0,eq,1,,,,1,box_eq,double_break,False,False,True,,,,15.75,18.5,18.5,1.17,target
JJ,JJ-2026-02-24,2026-02-24,0,internal_rotation,big_range_eq,short,next_bar_open,32.0,q75,0,,,,2,box_q75;london_high,double_break,False,False,True,,,,15.5,18.0,18.0,1.16,target
JJ,JJ-2026-02-24,2026-02-24,0,internal_rotation,big_range_eq,short,rejection_close,32.0,q75,1,,,,2,box_q75;london_high,double_break,False,False,True,,,,6.75,28.5,28.5,4.22,target
JJ,JJ-2026-02-24,2026-02-24,0,internal_rotation,big_range_eq,long,next_bar_open,34.0,prth_vah,2,,,,0,,double_break,False,False,True,,,,15.75,18.5,18.5,1.17,target
JJ,JJ-2026-02-24,2026-02-24,0,internal_rotation,big_range_eq,long,next_bar_open,34.0,prth_vah,3,,,,0,,double_break,False,False,True,,,,19.0,42.25,42.25,2.22,target
JJ,JJ-2026-02-24,2026-02-24,0,internal_rotation,big_range_eq,short,two_minute_close,36.0,prth_vah,1,,,,0,,double_break,False,False,True,,,,26.75,7.25,7.25,0.27,stop
JJ,JJ-2026-02-24,2026-02-24,0,internal_rotation,big_range_eq,short,next_bar_open,40.0,box_high,1,,,,1,onh,double_break,False,False,True,,,,11.0,51.75,51.75,4.7,stop
JJ,JJ-2026-02-24,2026-02-24,0,internal_rotation,big_range_eq,long,next_bar_open,40.0,eq,0,,,,1,box_eq,double_break,False,False,True,,,,22.75,40.0,40.0,1.76,target
JJ,JJ-2026-02-24,2026-02-24,0,internal_rotation,big_range_eq,long,rejection_close,42.0,box_high,1,,,,1,onh,double_break,False,False,True,,,,40.5,8.25,8.25,0.2,target
JJ,JJ-2026-02-24,2026-02-24,0,internal_rotation,big_range_eq,long,rejection_close,52.0,box_high,2,,,,1,onh,double_break,False,False,True,,,,40.5,8.25,8.25,0.2,target
JJ,JJ-2026-02-24,2026-02-24,0,judas_reversal,double_break,short,next_bar_open,56.0,plus_0.5,1,,,,1,proj_plus_0.5,double_break,False,False,True,,,,11.25,103.0,103.0,9.16,stop
JJ,JJ-2026-02-24,2026-02-24,0,judas_reversal,double_break,short,stop_at_line,57.0,plus_0.66,0,,,,1,proj_plus_0.66,double_break,False,False,True,,,,7.63,124.12,124.12,16.27,stop
JJ,JJ-2026-02-24,2026-02-24,0,judas_reversal,double_break,short,two_minute_close,105.0,prth_high,0,,,,1,proj_plus_1.33,double_break,False,False,True,,,,20.75,182.75,182.75,8.81,stop
JJ,JJ-2026-06-05-LONDON,2026-06-05,0,other_session,london,long,next_bar_open,-429.0,prth_low,0,,,,1,d1_low,single_break,True,False,False,,,,9.5,14.0,14.0,1.47,stop
JJ,JJ-2026-06-05-LONDON,2026-06-05,0,other_session,london,long,rejection_close,-387.0,q25,0,,,,1,evrange_upper,single_break,True,False,False,,,,4.5,51.62,51.62,11.47,stop
JJ,JJ-2026-06-05-LONDON,2026-06-05,0,other_session,london,short,next_bar_open,-386.0,q25,0,,,,1,evrange_upper,single_break,True,False,False,,,,16.5,43.5,43.5,2.64,stop
JJ,JJ-2026-06-05-LONDON,2026-06-05,0,other_session,london,short,next_bar_open,-350.0,eq,0,,,,0,,single_break,True,False,False,,,,17.0,94.0,94.0,5.53,stop
JJ,JJ-2026-06-05-LONDON,2026-06-05,0,other_session,london,long,next_bar_open,-308.0,eq,0,,,,0,,single_break,True,False,False,,,,10.75,13.88,13.88,1.29,stop
JJ,JJ-2026-06-05-LONDON,2026-06-05,0,other_session,london,short,rejection_close,-299.0,q75,0,,,,0,,single_break,True,False,False,,,,15.0,47.12,47.12,3.14,target
JJ,JJ-2026-06-05-LONDON,2026-06-05,0,other_session,london,long,next_bar_open,-297.0,q75,0,,,,0,,single_break,True,False,False,,,,9.5,56.25,56.25,5.92,stop
JJ,JJ-2026-06-05-LONDON,2026-06-05,0,other_session,london,short,next_bar_open,-296.0,q75,1,,,,0,,single_break,True,False,False,,,,8.5,58.38,58.38,6.87,target
JJ,JJ-2026-06-05-LONDON,2026-06-05,0,judas_outbound,single_break,short,stop_at_line,2.0,box_low,0,,,,1,onl,single_break,True,False,False,,,,5.0,96.75,96.75,19.35,stop
JJ,JJ-2026-06-05-LONDON,2026-06-05,0,single_purged,single_break,short,signature_close,3.0,q25,0,,,,1,box_q25,single_break,True,False,False,,,,30.0,19.5,19.5,0.65,target
JJ,JJ-2026-06-05-LONDON,2026-06-05,0,extension_reaction,double_break,long,rejection_block,40.0,extension_band,0,,,,1,proj_minus_1.33,single_break,True,False,False,,,,90.25,190.75,190.75,2.11,stop
JJ,JJ-2026-07-06,2026-07-06,0,other_session,london,short,stop_at_line,-382.0,eq,0,,,,1,box_low,double_break,True,False,False,,,,23.88,160.88,160.88,6.74,stop
JJ,JJ-2026-07-06,2026-07-06,0,other_session,london,long,next_bar_open,-381.0,eq,0,,,,1,box_low,double_break,True,False,False,,,,17.5,132.0,132.0,7.54,stop
JJ,JJ-2026-07-06,2026-07-06,0,other_session,london,long,next_bar_open,-209.0,prth_low,0,,,,2,box_eq;eq,double_break,True,False,False,,,,6.25,112.0,112.0,17.92,stop
JJ,JJ-2026-07-06,2026-07-06,0,judas_reversal,double_break,short,next_bar_open,-28.0,box_high,0,,,inside_0_0.33,0,,double_break,True,False,False,,,,19.0,35.12,35.12,1.85,target
JJ,JJ-2026-07-06,2026-07-06,0,single_extended,single_break,long,next_bar_open,-18.0,eq,0,,,,2,box_eq;prth_low,double_break,True,False,False,,,,9.0,45.25,45.25,5.03,stop
JJ,JJ-2026-07-06,2026-07-06,0,judas_reversal,double_break,long,next_bar_open,-10.0,box_low,0,,,inside_0_0.33,0,,double_break,True,False,False,,,,13.75,51.62,51.62,3.75,stop
JJ,JJ-2026-07-06,2026-07-06,0,judas_reversal,double_break,long,next_bar_open,1.0,minus_0.33,0,,,,1,proj_minus_0.33,double_break,True,False,False,,,,84.0,33.62,33.62,0.4,target
JJ,JJ-2026-07-06,2026-07-06,0,judas_reversal,double_break,long,next_bar_open,1.0,minus_0.5,0,,,,1,proj_minus_0.5,double_break,True,False,False,,,,84.0,33.62,33.62,0.4,target
JJ,JJ-2026-07-06,2026-07-06,0,judas_reversal,double_break,long,next_bar_open,1.0,minus_0.66,0,,,,1,proj_minus_0.66,double_break,True,False,False,,,,84.0,33.62,33.62,0.4,target
JJ,JJ-2026-07-06,2026-07-06,0,judas_reversal,double_break,short,next_bar_open,6.0,box_high,1,,,inside_0_0.33,0,,double_break,True,False,False,,,,18.5,36.88,36.88,1.99,target
JJ,JJ-2026-07-06,2026-07-06,0,judas_reversal,double_break,long,next_bar_open,7.0,minus_0.33,1,,,,1,proj_minus_0.33,double_break,True,False,False,,,,47.75,60.12,60.12,1.26,target
JJ,JJ-2026-07-06,2026-07-06,0,judas_reversal,double_break,long,next_bar_open,7.0,minus_0.5,1,,,,1,proj_minus_0.5,double_break,True,False,False,,,,47.75,60.12,60.12,1.26,target
JJ,JJ-2026-07-06,2026-07-06,0,judas_reversal,double_break,short,rejection_close,17.0,prth_high,0,,,,2,d1_high;pzone_T1_hi,double_break,True,False,False,,,,39.0,60.62,60.62,1.55,stop
JJ,JJ-2026-07-06,2026-07-06,0,judas_reversal,double_break,short,next_bar_open,17.0,plus_0.33,0,,,,1,proj_plus_0.33,double_break,True,False,False,,,,61.25,22.12,22.12,0.36,stop
JJ,JJ-2026-07-06,2026-07-06,0,judas_reversal,double_break,short,rejection_close,21.0,plus_0.5,0,,,,2,evrange_upper;proj_plus_0.5,double_break,True,False,False,,,,39.0,60.62,60.62,1.55,stop
JJ,JJ-2026-07-06,2026-07-06,0,judas_reversal,double_break,short,next_bar_open,23.0,plus_0.66,0,,,,1,proj_plus_0.66,double_break,True,False,False,,,,16.5,108.62,108.62,6.58,stop
JJ,JJ-2026-07-06,2026-07-06,0,judas_reversal,double_break,short,next_bar_open,43.0,onh,0,,,,2,asia_high;pzone_T2_hi,double_break,True,False,False,,,,21.75,111.38,111.38,5.12,stop
JJ,JJ-2026-07-06,2026-07-06,0,extension_reaction,double_break,short,absorption,88.0,extension_band,0,,,,1,proj_plus_1.33,double_break,True,False,False,,,,7.25,71.25,71.25,9.83,stop
JJ,JJ-2026-07-10,2026-07-10,0,other_session,london,short,next_bar_open,-384.0,q25,0,,,,3,prth_val;pzone_T1_hi;range_open,double_break,False,False,True,,,,6.75,45.5,45.5,6.74,target
JJ,JJ-2026-07-10,2026-07-10,0,other_session,london,short,next_bar_open,-383.0,q25,1,,,,3,prth_val;pzone_T1_hi;range_open,double_break,False,False,True,,,,10.75,46.75,46.75,4.35,target
JJ,JJ-2026-07-10,2026-07-10,0,other_session,london,long,next_bar_open,-372.0,q25,0,,,,3,prth_val;pzone_T1_hi;range_open,double_break,False,False,True,,,,8.25,52.12,52.12,6.32,stop
JJ,JJ-2026-07-10,2026-07-10,0,other_session,london,long,rejection_close,-335.0,london_low,0,,,,2,box_low;pzone_T1_lo,double_break,False,False,True,,,,33.75,92.12,92.12,2.73,stop
JJ,JJ-2026-07-10,2026-07-10,0,judas_reversal,double_break,short,next_bar_open,3.0,box_high,0,,,inside_0_0.33,0,,double_break,False,False,True,,,,15.5,52.75,52.75,3.4,stop
JJ,JJ-2026-07-10,2026-07-10,0,judas_reversal,double_break,short,next_bar_open,7.0,plus_0.33,0,,,,1,proj_plus_0.33,double_break,False,False,True,,,,16.25,93.0,93.0,5.72,target
JJ,JJ-2026-07-10,2026-07-10,0,judas_reversal,double_break,short,next_bar_open,20.0,plus_0.5,0,,,,3,evrange_plus_50;proj_plus_0.5;pzone_T3_hi,double_break,False,False,True,,,,14.0,111.25,111.25,7.95,stop
JJ,JJ-2026-07-10,2026-07-10,0,judas_reversal,double_break,short,next_bar_open,21.0,plus_0.33,1,,,,1,proj_plus_0.33,double_break,False,False,True,,,,14.0,111.25,111.25,7.95,stop
JJ,JJ-2026-07-10,2026-07-10,0,judas_reversal,double_break,short,next_bar_open,23.0,plus_0.66,0,,,,3,asia_high;onh;proj_plus_0.66,double_break,False,False,True,,,,12.25,131.75,131.75,10.76,target
JJ,JJ-2026-07-10,2026-07-10,0,judas_reversal,double_break,short,next_bar_open,25.0,onh,1,,,,2,asia_high;proj_plus_0.66,double_break,False,False,True,,,,19.0,123.5,123.5,6.5,target
JJ,JJ-2026-07-10,2026-07-10,0,internal_rotation,big_range_eq,short,next_bar_open,51.0,prth_poc,3,,,,0,,double_break,False,False,True,,,,18.5,78.0,78.0,4.22,target
JJ,JJ-2026-07-10,2026-07-10,0,internal_rotation,big_range_eq,short,next_bar_open,52.0,q75,2,,,,1,box_q75,double_break,False,False,True,,,,18.25,45.5,45.5,2.49,target
JJ,JJ-2026-07-10,2026-07-10,0,internal_rotation,big_range_eq,long,next_bar_open,54.0,box_high,3,,,,0,,double_break,False,False,True,,,,24.25,23.75,23.75,0.98,ambiguous
JJ,JJ-2026-07-10,2026-07-10,0,internal_rotation,big_range_eq,short,next_bar_open,63.0,prth_val,0,,,,2,pzone_T1_hi;range_open,double_break,False,False,True,,,,21.75,58.0,58.0,2.67,target
JJ,JJ-2026-07-10,2026-07-10,0,internal_rotation,big_range_eq,short,next_bar_open,63.0,eq,1,,,,1,box_eq,double_break,False,False,True,,,,15.5,32.25,32.25,2.08,target
JJ,JJ-2026-07-10,2026-07-10,0,internal_rotation,big_range_eq,long,rejection_close,64.0,box_low,0,,,,0,,double_break,False,False,True,,,,154.25,0.5,0.5,0.0,target
JJ,JJ-2026-07-10,2026-07-10,0,internal_rotation,big_range_eq,long,rejection_close,64.0,prth_val,3,,,,2,pzone_T1_hi;range_open,double_break,False,False,True,,,,154.25,0.5,0.5,0.0,target
JJ,JJ-2026-07-10,2026-07-10,0,internal_rotation,big_range_eq,long,rejection_close,64.0,eq,2,,,,1,box_eq,double_break,False,False,True,,,,154.25,0.5,0.5,0.0,target
JJ,JJ-2026-07-10,2026-07-10,0,judas_reversal,double_break,long,next_bar_open,64.0,minus_0.33,0,,,,2,evrange_lower;proj_minus_0.33,double_break,False,False,True,,,,163.75,54.0,54.0,0.33,target
JJ,JJ-2026-07-10,2026-07-10,0,judas_reversal,double_break,long,next_bar_open,64.0,minus_0.5,0,,,,3,london_low;onl;proj_minus_0.5,double_break,False,False,True,,,,163.75,54.0,54.0,0.33,target
JJ,JJ-2026-07-10,2026-07-10,0,judas_reversal,double_break,long,next_bar_open,64.0,minus_0.66,0,,,,1,proj_minus_0.66,double_break,False,False,True,,,,163.75,54.0,54.0,0.33,target
JJ,JJ-2026-07-10,2026-07-10,0,judas_reversal,double_break,long,next_bar_open,65.0,onl,0,,,,3,london_low;proj_minus_0.5;pzone_T2_lo,double_break,False,False,True,,,,163.75,54.0,54.0,0.33,target
JJ,JJ-2026-07-10,2026-07-10,0,internal_rotation,big_range_eq,short,rejection_close,66.0,eq,2,,,,1,box_eq,double_break,False,False,True,,,,35.25,47.0,47.0,1.33,stop
JJ,JJ-2026-07-10,2026-07-10,0,internal_rotation,big_range_eq,short,next_bar_open,66.0,q75,3,,,,1,box_q75,double_break,False,False,True,,,,27.5,21.5,21.5,0.78,stop
JJ,JJ-2026-07-10,2026-07-10,0,internal_rotation,big_range_eq,long,next_bar_open,68.0,eq,3,,,,1,box_eq,double_break,False,False,True,,,,27.5,36.75,36.75,1.34,target
JJ,JJ-2026-07-10,2026-07-10,0,internal_rotation,big_range_eq,short,rejection_close,90.0,prth_val,1,,,,2,pzone_T1_hi;range_open,double_break,False,False,True,,,,35.25,47.0,47.0,1.33,stop
JJ,JJ-2026-07-10,2026-07-10,0,internal_rotation,big_range_eq,short,signature_close,91.0,q25,0,,,,2,asia_low;box_q25,double_break,False,False,True,,,,15.0,45.0,45.0,3.0,stop
JJ,JJ-2026-07-10,2026-07-10,1,internal_rotation,big_range_eq,long,next_bar_open,92.0,q25,3,,,,2,asia_low;box_q25,double_break,False,False,True,,,,30.75,14.0,14.0,0.46,target
JJ,JJ-2026-07-10,2026-07-10,0,internal_rotation,big_range_eq,short,next_bar_open,118.0,prth_vah,0,,,,0,,double_break,False,False,True,,,,13.25,149.75,149.75,11.3,stop
JJ,JJ-2026-07-10,2026-07-10,0,judas_reversal,double_break,short,next_bar_open,118.0,d3_high,0,,,,0,,double_break,False,False,True,,,,12.25,137.5,137.5,11.22,stop
JJ,JJ-2026-07-10,2026-07-10,0,extension_reaction,double_break,short,rejection_block,212.0,extension_band,0,,,,1,proj_plus_1.33,double_break,False,False,True,,,,20.75,126.75,126.75,6.11,stop
JJ,JJ-2026-07-16,2026-07-16,0,other_session,london,long,next_bar_open,-387.0,q25,0,,,,0,,single_break,True,False,False,,,,11.75,51.0,51.0,4.34,stop
JJ,JJ-2026-07-16,2026-07-16,0,other_session,london,short,next_bar_open,-386.0,q25,0,,,,0,,single_break,True,False,False,,,,6.5,52.5,52.5,8.08,stop
JJ,JJ-2026-07-16,2026-07-16,0,other_session,london,long,next_bar_open,-355.0,london_low,0,,,,1,asia_low,single_break,True,False,False,,,,23.25,86.75,86.75,3.73,stop
JJ,JJ-2026-07-16,2026-07-16,0,other_session,london,long,next_bar_open,-326.0,minus_0.33,0,,,,1,range_open,single_break,True,False,False,,,,10.0,169.25,169.25,16.93,stop
JJ,JJ-2026-07-16,2026-07-16,0,other_session,london,long,stop_at_line,-317.0,minus_0.5,0,,,,0,,single_break,True,False,False,,,,5.0,203.5,203.5,40.7,stop
JJ,JJ-2026-07-16,2026-07-16,1,single_extended,single_break,short,next_bar_open,-8.0,eq,0,,,,1,box_eq,single_break,True,False,False,,,,11.5,97.75,97.75,8.5,stop
JJ,JJ-2026-07-16,2026-07-16,0,single_extended,single_break,long,next_bar_open,-6.0,eq,0,,,,1,box_eq,single_break,True,False,False,,,,14.75,90.5,90.5,6.14,stop
JJ,JJ-2026-07-16,2026-07-16,0,single_purged,single_break,short,next_bar_open,2.0,q75,0,,,,1,box_q75,single_break,True,False,False,,,,32.0,144.0,144.0,4.5,target
JJ,JJ-2026-07-16,2026-07-16,0,judas_outbound,single_break,short,stop_at_line,13.0,box_low,0,,,,1,onl,single_break,True,False,False,,,,5.0,100.12,100.12,20.02,stop
JJ,JJ-2026-07-27,2026-07-27,0,other_session,london,long,next_bar_open,-350.0,q75,0,,,,0,,double_break,True,False,False,,,,8.25,53.0,53.0,6.42,stop
JJ,JJ-2026-07-27,2026-07-27,0,other_session,london,short,next_bar_open,-349.0,q75,0,,,,0,,double_break,True,False,False,,,,9.75,47.88,47.88,4.91,stop
JJ,JJ-2026-07-27,2026-07-27,0,other_session,london,short,next_bar_open,-286.0,london_high,0,,,,2,asia_high;d1_high,double_break,True,False,False,,,,12.5,107.12,107.12,8.57,stop
JJ,JJ-2026-07-27,2026-07-27,1,single_extended,single_break,short,next_bar_open,-28.0,eq,0,,,,1,box_eq,double_break,True,False,False,,,,22.0,53.75,53.75,2.44,target
JJ,JJ-2026-07-27,2026-07-27,0,judas_reversal,double_break,long,next_bar_open,2.0,minus_0.33,0,,,,2,proj_minus_0.33;prth_vah,double_break,True,False,False,,,,16.25,113.38,113.38,6.98,stop
JJ,JJ-2026-07-27,2026-07-27,0,judas_reversal,double_break,long,next_bar_open,2.0,minus_0.5,0,,,,1,proj_minus_0.5,double_break,True,False,False,,,,18.0,128.12,128.12,7.12,stop
JJ,JJ-2026-07-27,2026-07-27,0,judas_reversal,double_break,long,next_bar_open,5.0,onl,0,,,,2,asia_low;proj_minus_1,double_break,True,False,False,,,,24.5,187.12,187.12,7.64,stop
JJ,JJ-2026-07-27,2026-07-27,0,judas_reversal,double_break,long,stop_at_line,6.0,minus_0.66,0,,,,1,proj_minus_0.66,double_break,True,False,False,,,,29.53,149.35,149.35,5.06,stop
JJ,JJ-2026-07-27,2026-07-27,0,judas_reversal,double_break,long,next_bar_open,15.0,d2_low,0,,,,0,,double_break,True,False,False,,,,21.75,248.88,248.88,11.44,stop
JJ,JJ-2026-07-27,2026-07-27,0,judas_reversal,double_break,long,next_bar_open,53.0,prth_low,0,,,,1,d1_low,double_break,True,False,False,,,,40.5,447.12,447.12,11.04,stop
JJ,JJ-2026-07-28,2026-07-28,0,other_session,london,long,next_bar_open,-392.0,prth_low,0,,,,3,box_eq;d1_low;eq,single_break,True,False,False,,,,12.5,45.75,45.75,3.66,target
JJ,JJ-2026-07-28,2026-07-28,0,other_session,london,long,next_bar_open,-383.0,prth_low,1,,,,3,box_eq;d1_low;eq,single_break,True,False,False,,,,14.0,72.0,72.0,5.14,stop
JJ,JJ-2026-07-28,2026-07-28,0,other_session,london,long,next_bar_open,-351.0,q25,0,,,,2,asia_low;evrange_lower,single_break,True,False,False,,,,6.75,88.5,88.5,13.11,stop
JJ,JJ-2026-07-28,2026-07-28,0,other_session,london,short,rejection_close,-331.0,q25,0,,,,2,asia_low;evrange_lower,single_break,True,False,False,,,,3.25,94.0,94.0,28.92,stop
JJ,JJ-2026-07-28,2026-07-28,0,other_session,london,short,next_bar_open,-290.0,eq,0,,,,0,,single_break,True,False,False,,,,10.0,2.0,2.0,0.2,stop
JJ,JJ-2026-07-28,2026-07-28,0,other_session,london,long,next_bar_open,-289.0,eq,0,,,,0,,single_break,True,False,False,,,,11.0,3.5,3.5,0.32,stop
JJ,JJ-2026-07-28,2026-07-28,0,single_extended,single_break,long,next_bar_open,0.0,eq,0,,,,3,box_eq;d1_low;prth_low,single_break,True,False,False,,,,14.5,85.0,85.0,5.86,stop
JJ,JJ-2026-07-28,2026-07-28,0,single_purged,single_break,short,next_bar_open,2.0,q75,0,,,,2,box_q75;prth_val,single_break,True,False,False,,,,51.5,97.25,97.25,1.89,target
JJ,JJ-2026-08-28,2026-08-28,0,other_session,london,short,next_bar_open,-388.0,eq,0,,,,3,box_q75;london_high;q75,double_break,True,False,True,,,,29.0,27.75,27.75,0.96,target
JJ,JJ-2026-08-28,2026-08-28,0,other_session,london,long,next_bar_open,-364.0,q25,0,,,,0,,double_break,True,False,True,,,,9.75,30.62,30.62,3.14,stop
JJ,JJ-2026-08-28,2026-08-28,0,other_session,london,short,rejection_close,-363.0,q25,0,,,,0,,double_break,True,False,True,,,,9.0,15.25,15.25,1.69,target
JJ,JJ-2026-08-28,2026-08-28,0,other_session,london,long,next_bar_open,-344.0,london_low,0,,,,3,asia_low;box_low;evrange_lower,double_break,True,False,True,,,,9.0,53.62,53.62,5.96,stop
JJ,JJ-2026-08-28,2026-08-28,0,other_session,london,short,stop_at_line,-339.0,q25,1,,,,0,,double_break,True,False,True,,,,8.31,20.69,20.69,2.49,target
JJ,JJ-2026-08-28,2026-08-28,0,judas_reversal,double_break,short,two_minute_close,-25.0,box_high,0,,,inside_0_0.33,0,,double_break,True,False,True,,,,27.0,30.62,30.62,1.13,target
JJ,JJ-2026-08-28,2026-08-28,0,judas_reversal,double_break,short,next_bar_open,-23.0,box_high,1,,,inside_0_0.33,0,,double_break,True,False,True,,,,13.5,29.88,29.88,2.21,target
JJ,JJ-2026-08-28,2026-08-28,0,single_extended,single_break,long,next_bar_open,-2.0,eq,0,,,,2,box_eq;prth_vah,double_break,True,False,True,,,,9.25,38.0,38.0,4.11,stop
JJ,JJ-2026-08-28,2026-08-28,0,judas_reversal,double_break,long,rejection_close,3.0,onl,0,,,,2,london_low;prth_poc,double_break,True,False,True,,,,19.75,46.88,46.88,2.37,target
JJ,JJ-2026-08-28,2026-08-28,0,judas_reversal,double_break,long,next_bar_open,3.0,minus_0.33,0,,,,2,proj_minus_0.33;pzone_T2_lo,double_break,True,False,True,,,,21.5,45.62,45.62,2.12,target
JJ,JJ-2026-08-28,2026-08-28,1,judas_reversal,double_break,long,rejection_close,3.0,asia_low,0,,,,2,box_low;evrange_lower,double_break,True,False,True,,,,19.75,46.88,46.88,2.37,target
JJ,JJ-2026-08-28,2026-08-28,0,judas_reversal,double_break,long,next_bar_open,5.0,onl,1,,,,2,london_low;prth_poc,double_break,True,False,True,,,,25.25,46.12,46.12,1.83,target
JJ,JJ-2026-08-28,2026-08-28,0,judas_reversal,double_break,long,next_bar_open,7.0,box_low,1,,,inside_0_0.33,2,asia_low;evrange_lower,double_break,True,False,True,,,,19.0,29.38,29.38,1.55,target
JJ,JJ-2026-08-28,2026-08-28,0,judas_reversal,double_break,short,rejection_close,12.0,plus_0.33,0,,,,1,proj_plus_0.33,double_break,True,False,True,,,,45.75,28.62,28.62,0.63,target
JJ,JJ-2026-08-28,2026-08-28,0,judas_reversal,double_break,short,next_bar_open,14.0,plus_0.5,0,,,,3,d1_high;proj_plus_0.5;prth_high,double_break,True,False,True,,,,13.0,64.62,64.62,4.97,target
JJ,JJ-2026-08-28,2026-08-28,0,judas_reversal,double_break,short,next_bar_open,19.0,plus_0.5,1,,,,3,d1_high;proj_plus_0.5;prth_high,double_break,True,False,True,,,,10.0,67.38,67.38,6.74,target
JJ,JJ-2026-08-28,2026-08-28,0,judas_reversal,double_break,short,next_bar_open,20.0,plus_0.33,1,,,,1,proj_plus_0.33,double_break,True,False,True,,,,10.0,67.38,67.38,6.74,target
JJ,JJ-2026-08-28,2026-08-28,0,internal_rotation,big_range_eq,long,next_bar_open,30.0,q75,3,,,,1,box_q75,double_break,True,False,True,,,,20.75,9.5,9.5,0.46,ambiguous
JJ,JJ-2026-08-28,2026-08-28,0,internal_rotation,big_range_eq,short,next_bar_open,30.0,prth_vah,0,,,,3,box_eq;eq;pzone_T1_lo,double_break,True,False,True,,,,31.25,17.5,17.5,0.56,stop
JJ,JJ-2026-08-28,2026-08-28,0,internal_rotation,big_range_eq,short,rejection_close,30.0,q75,1,,,,1,box_q75,double_break,True,False,True,,,,8.25,20.62,20.62,2.5,stop
JJ,JJ-2026-08-28,2026-08-28,0,internal_rotation,big_range_eq,long,next_bar_open,31.0,box_high,0,,,,0,,double_break,True,False,True,,,,25.75,20.12,20.12,0.78,stop
JJ,JJ-2026-08-28,2026-08-28,0,internal_rotation,big_range_eq,long,next_bar_open,31.0,q75,1,,,,1,box_q75,double_break,True,False,True,,,,15.0,26.25,26.25,1.75,stop
JJ,JJ-2026-08-28,2026-08-28,0,internal_rotation,big_range_eq,long,next_bar_open,32.0,q25,1,,,,1,box_q25,double_break,True,False,True,,,,87.5,13.38,13.38,0.15,stop
JJ,JJ-2026-08-28,2026-08-28,0,internal_rotation,big_range_eq,short,rejection_close,34.0,q25,2,,,,1,box_q25,double_break,True,False,True,,,,42.0,34.12,34.12,0.81,target
JJ,JJ-2026-08-28,2026-08-28,0,internal_rotation,big_range_eq,short,signature_close,36.0,box_low,0,,,,2,asia_low;evrange_lower,double_break,True,False,True,,,,14.0,6.75,6.75,0.48,target
JJ,JJ-2026-08-28,2026-08-28,0,internal_rotation,big_range_eq,short,next_bar_open,36.0,q25,1,,,,1,box_q25,double_break,True,False,True,,,,19.0,6.5,6.5,0.34,target
JJ,JJ-2026-08-28,2026-08-28,0,judas_reversal,double_break,long,next_bar_open,37.0,minus_0.33,1,,,,2,proj_minus_0.33;pzone_T2_lo,double_break,True,False,True,,,,27.25,40.88,40.88,1.5,stop
JJ,JJ-2026-08-28,2026-08-28,0,internal_rotation,big_range_eq,short,next_bar_open,38.0,box_low,1,,,,2,asia_low;evrange_lower,double_break,True,False,True,,,,12.25,30.88,30.88,2.52,stop
JJ,JJ-2026-08-28,2026-08-28,0,internal_rotation,big_range_eq,short,next_bar_open,38.0,prth_poc,0,,,,2,london_low;onl,double_break,True,False,True,,,,13.5,26.12,26.12,1.94,target
JJ,JJ-2026-08-28,2026-08-28,0,internal_rotation,big_range_eq,short,two_minute_close,42.0,prth_poc,1,,,,2,london_low;onl,double_break,True,False,True,,,,61.5,3.38,3.38,0.05,target
JJ,JJ-2026-08-28,2026-08-28,0,judas_reversal,double_break,long,next_bar_open,42.0,minus_0.5,0,,,,1,proj_minus_0.5,double_break,True,False,True,,,,22.75,68.62,68.62,3.02,stop
JJ,JJ-2026-08-28,2026-08-28,0,judas_reversal,double_break,long,next_bar_open,42.0,minus_0.66,0,,,,1,proj_minus_0.66,double_break,True,False,True,,,,22.75,68.62,68.62,3.02,stop
JJ,JJ-2026-08-28,2026-08-28,0,judas_reversal,double_break,short,next_bar_open,69.0,plus_0.66,0,,,,1,proj_plus_0.66,double_break,True,False,True,,,,16.5,72.38,72.38,4.39,stop
JJ,JJ-2026-08-28,2026-08-28,0,internal_rotation,big_range_eq,long,rejection_close,170.0,prth_val,0,,,,0,,double_break,True,False,True,,,,6.5,140.12,140.12,21.56,stop
JJ,JJ-2026-09-01,2026-09-01,0,other_session,london,short,next_bar_open,-444.0,d1_high,0,,,,0,,double_break,True,False,False,,,,13.0,3.0,3.0,0.23,stop
JJ,JJ-2026-09-01,2026-09-01,0,other_session,london,short,rejection_close,-428.0,prth_high,0,,,,0,,double_break,True,False,False,,,,6.0,1.0,1.0,0.17,target
JJ,JJ-2026-09-01,2026-09-01,0,other_session,london,short,rejection_close,-405.0,prth_high,1,,,,0,,double_break,True,False,False,,,,19.75,11.5,11.5,0.58,target
JJ,JJ-2026-09-01,2026-09-01,0,other_session,london,long,next_bar_open,-385.0,q75,0,,,,1,prth_high,double_break,True,False,False,,,,11.25,35.0,35.0,3.11,stop
JJ,JJ-2026-09-01,2026-09-01,0,other_session,london,long,next_bar_open,-353.0,eq,0,,,,0,,double_break,True,False,False,,,,11.0,63.25,63.25,5.75,stop
JJ,JJ-2026-09-01,2026-09-01,0,other_session,london,long,signature_close,-349.0,q25,0,,,,0,,double_break,True,False,False,,,,10.0,28.5,28.5,2.85,stop
JJ,JJ-2026-09-01,2026-09-01,0,other_session,london,short,rejection_close,-348.0,q25,0,,,,0,,double_break,True,False,False,,,,5.5,38.75,38.75,7.05,target
JJ,JJ-2026-09-01,2026-09-01,0,other_session,london,short,next_bar_open,-345.0,q25,1,,,,0,,double_break,True,False,False,,,,8.75,30.5,30.5,3.49,stop
JJ,JJ-2026-09-01,2026-09-01,0,other_session,london,long,next_bar_open,-329.0,london_low,0,,,,3,asia_low;d2_low;proj_plus_1.33,double_break,True,False,False,,,,11.25,66.75,66.75,5.93,stop
JJ,JJ-2026-09-01,2026-09-01,0,other_session,london,long,signature_close,-322.0,minus_0.5,0,,,,0,,double_break,True,False,False,,,,15.5,145.25,145.25,9.37,stop
JJ,JJ-2026-09-01,2026-09-01,0,other_session,london,long,next_bar_open,-322.0,minus_0.66,0,,,,1,proj_plus_0.66,double_break,True,False,False,,,,18.25,147.25,147.25,8.07,stop
JJ,JJ-2026-09-01,2026-09-01,0,other_session,london,long,next_bar_open,-321.0,prth_low,0,,,,0,,double_break,True,False,False,,,,18.25,147.25,147.25,8.07,stop
JJ,JJ-2026-09-01,2026-09-01,0,other_session,london,long,next_bar_open,-286.0,minus_1.33,0,,,,1,box_high,double_break,True,False,False,,,,12.25,249.0,249.0,20.33,stop
JJ,JJ-2026-09-01,2026-09-01,0,other_session,london,long,next_bar_open,-263.0,minus_1.66,0,,,,2,pzone_T2_hi;range_open,double_break,True,False,False,,,,14.0,292.25,292.25,20.88,stop
JJ,JJ-2026-09-01,2026-09-01,0,judas_reversal,double_break,long,signature_close,0.0,box_low,0,,,band_0.33_0.66,1,onl,double_break,True,False,False,,,,1.5,78.0,78.0,52.0,target
JJ,JJ-2026-09-01,2026-09-01,1,judas_reversal,double_break,long,next_bar_open,3.0,minus_0.33,0,,,,1,proj_minus_0.33,double_break,True,False,False,,,,17.5,114.75,114.75,6.56,stop
JJ,JJ-2026-09-01,2026-09-01,0,judas_reversal,double_break,long,next_bar_open,13.0,minus_0.5,0,,,,2,evrange_lower;proj_minus_0.5,double_break,True,False,False,,,,16.0,138.75,138.75,8.67,target
JJ,JJ-2026-09-01,2026-09-01,0,judas_reversal,double_break,long,rejection_close,20.0,box_low,1,,,inside_0_0.33,1,onl,double_break,True,False,False,,,,19.5,67.75,67.75,3.47,stop
JJ,JJ-2026-09-01,2026-09-01,0,judas_reversal,double_break,short,next_bar_open,139.0,plus_0.33,0,,,,1,proj_plus_0.33,double_break,True,False,False,,,,7.75,113.0,113.0,14.58,stop
GB,GB-2025-11-20,2025-11-20,0,asia_box,asia_fade,short,at_level,-557.0,asia_box,0,13.0,,,0,,,,,,pullback_continuation,,,15.0,93.25,208.0,13.87,stop
GB,GB-2025-11-20,2025-11-20,0,asia_tdo_case,asia_fade,short,tdo_close,-540.0,asia_box,0,13.0,,,0,,,,,,pullback_continuation,,,27.0,81.25,196.0,7.26,stop
GB,GB-2025-11-20,2025-11-20,0,golden_pocket,pocket_continuation,long,pocket_near_limit,122.0,golden_pocket,0,0.0,,,0,,,,,,pullback_continuation,,,84.84,,351.0,4.14,stop
GB,GB-2025-11-20,2025-11-20,0,asia_tdo_case,asia_fade,long,at_level,-427.0,tdo,1,5.5,,,0,,,,,,pullback_continuation,,,7.5,,10.0,1.33,target
GB,GB-2025-11-20,2025-11-20,0,asia_box,asia_fade,short,at_level,-424.0,asia_box,1,7.5,,,0,,,,,,pullback_continuation,,,9.5,93.25,208.0,21.89,stop
GB,GB-2025-11-20,2025-11-20,0,asia_tdo_case,asia_fade,short,at_level,-412.0,tdo,0,21.0,,,0,,,,,,pullback_continuation,,,23.0,,83.25,3.62,target
GB,GB-2025-11-20,2025-11-20,0,london_box,london_reclaim,long,at_level,-373.0,london_box_running,0,16.75,,,0,,,,,,pullback_continuation,,,18.75,69.5,643.25,34.31,stop
GB,GB-2025-11-20,2025-11-20,0,london_box,london_reclaim,long,at_level,-252.0,london_box,0,23.5,,,0,,,,,,pullback_continuation,,,25.5,161.25,735.0,28.82,stop
GB,GB-2025-11-20,2025-11-20,0,asia_box,asia_fade,long,at_level,-217.0,asia_box,1,2.25,,,0,,,,,,pullback_continuation,,,4.25,93.25,104.25,24.53,stop
GB,GB-2025-11-20,2025-11-20,0,asia_box,asia_fade,long,at_level,-162.0,asia_box,2,55.5,,,0,,,,,,pullback_continuation,,,57.5,93.25,104.25,1.81,target
GB,GB-2025-11-20,2025-11-20,0,london_box,london_reclaim,short,at_level,-58.0,london_box,0,37.0,,,0,,,,,,pullback_continuation,,,39.0,161.25,219.0,5.62,stop
GB,GB-2025-11-20,2025-11-20,0,asia_tdo_case,asia_fade,short,at_level,-49.0,tdo,1,58.0,,,0,,,,,,pullback_continuation,,,60.0,,83.25,1.39,stop
GB,GB-2025-11-20,2025-11-20,0,cash_open_reclaim_case,cash_open,long,next_bar_open,2.0,cash_open,0,48.25,,,1,asia_box_high,,,,,pullback_continuation,,,31.5,50.42,84.0,2.67,stop
GB,GB-2025-11-20,2025-11-20,0,cash_open_reclaim_case,cash_open,short,next_bar_open,7.0,cash_open,0,100.25,,,1,asia_box_high,,,,,pullback_continuation,,,103.5,16.58,151.0,1.46,stop
GB,GB-2025-11-20,2025-11-20,0,cash_open_reclaim_case,cash_open,short,next_bar_open,20.0,cash_open,0,19.0,,,0,,,,,,pullback_continuation,,,26.5,61.83,196.25,7.41,stop
GB,GB-2025-11-20,2025-11-20,0,nyam_box,ny_box_fail,short,at_level,32.0,ny_box_09_10,0,8.25,,,0,,,,,,pullback_continuation,,,10.25,145.5,188.75,18.41,stop
GB,GB-2025-11-20,2025-11-20,0,nyam_box,ny_box_fail,long,approach_reject,40.0,ny_box_09_10,0,0.0,,,0,,,,,,pullback_continuation,,,15.0,93.5,582.75,38.85,stop
GB,GB-2025-11-20,2025-11-20,0,nyam_box,ny_box_fail,long,approach_reject,41.0,ny_box_09_10,1,0.0,,,0,,,,,,pullback_continuation,,,23.0,89.0,578.25,25.14,stop
GB,GB-2025-11-20,2025-11-20,0,nyam_box,ny_box_fail,short,at_level,68.0,ny_box_10_11_running,0,10.25,,,0,,,,,,pullback_continuation,,,12.25,143.0,153.75,12.55,target
GB,GB-2025-11-20,2025-11-20,0,nyam_box,ny_box_fail,short,stop_at_level,77.0,ny_box_09_10,1,18.5,,,0,,,,,,pullback_continuation,,,20.5,145.5,188.75,9.21,target
GB,GB-2025-11-20,2025-11-20,0,golden_pocket,pocket_continuation,long,pocket_near_limit,81.0,golden_pocket,0,0.0,,,0,,,,,,pullback_continuation,,,21.35,,82.0,3.84,stop
GB,GB-2025-11-20,2025-11-20,0,nyam_box,ny_box_fail,long,approach_reject,88.0,ny_box_10_11_running,0,0.0,,,1,ny_box_10_11_low,,,,,pullback_continuation,,,24.75,112.0,582.75,23.55,stop
GB,GB-2025-11-20,2025-11-20,0,previous_hour,previous_hour_fail,long,five_minute_close,140.0,hour_box_11_running,0,28.0,,,0,,,,,,pullback_continuation,,,48.5,417.75,439.0,9.05,stop
GB,GB-2025-11-20,2025-11-20,0,prior_week_level,weekly_level,short,at_level,152.0,prior_week,0,15.5,,,0,,,,,,pullback_continuation,,,17.5,,53.5,3.06,target
GB,GB-2025-11-20,2025-11-20,0,previous_hour,previous_hour_fail,long,five_minute_close,160.0,hour_box_11,0,43.75,,,0,,,,,,pullback_continuation,,,67.25,631.25,652.5,9.7,stop
GB,GB-2025-11-20,2025-11-20,0,prior_day_level,overnight_reclaim,long,at_level,162.0,prior_day,0,16.5,,,0,,,,,,pullback_continuation,,,18.5,543.0,600.75,32.47,stop
GB,GB-2025-11-20,2025-11-20,0,previous_hour,previous_hour_fail,long,five_minute_close,190.0,hour_box_12_running,0,45.25,,,0,,,,,,pullback_continuation,,,129.25,205.75,312.25,2.42,stop
GB,GB-2025-11-20,2025-11-20,0,prior_day_level,overnight_reclaim,long,at_level,244.0,prior_day,1,40.0,,,0,,,,,,pullback_continuation,,,42.0,543.0,600.75,14.3,stop
GB,GB-2025-11-20,2025-11-20,0,previous_hour,previous_hour_fail,long,five_minute_close,250.0,hour_box_13_running,0,7.0,,,0,,,,,,pullback_continuation,,,18.5,225.25,252.5,13.65,stop
GB,GB-2025-11-20,2025-11-20,0,previous_hour,previous_hour_fail,long,approach_reject,252.0,hour_box_12,0,0.0,,,0,,,,,,pullback_continuation,,,27.5,272.0,378.5,13.76,stop
GB,GB-2025-11-20,2025-11-20,0,previous_hour,previous_hour_fail,long,five_minute_close,280.0,hour_box_13,0,30.5,,,0,,,,,,pullback_continuation,,,63.75,332.0,359.25,5.64,stop
GB,GB-2025-11-20,2025-11-20,0,previous_hour,previous_hour_fail,long,five_minute_close,285.0,hour_box_13,1,10.25,,,0,,,,,,pullback_continuation,,,50.0,325.5,352.75,7.05,stop
GB,GB-2025-11-20,2025-11-20,0,previous_hour,previous_hour_fail,short,approach_reject,327.0,hour_box_14_running,0,0.0,,,0,,,,,,pullback_continuation,,,28.25,139.0,139.0,4.92,stop
GB,GB-2025-11-20,2025-11-20,0,golden_pocket,pocket_continuation,short,pocket_near_limit,330.0,golden_pocket,0,0.0,,,0,,,,,,pullback_continuation,,,48.46,,196.88,4.06,target
GB,GB-2025-11-20,2025-11-20,0,previous_hour,previous_hour_fail,long,approach_reject,358.0,hour_box_14,0,0.0,,,0,,,,,,pullback_continuation,,,37.25,127.25,170.25,4.57,stop
GB,GB-2025-11-20,2025-11-20,0,previous_hour,previous_hour_fail,long,approach_reject,367.0,hour_box_14,1,0.0,,,0,,,,,,pullback_continuation,,,20.0,171.25,214.25,10.71,stop
GB,GB-2025-11-19,2025-11-19,0,prior_week_level,weekly_level,short,at_level,-906.0,prior_week,0,9.25,,,0,,,,,,sweep_and_fail,,,11.25,,12.5,1.11,target
GB,GB-2025-11-19,2025-11-19,0,prior_week_level,weekly_level,short,at_level,-897.0,prior_week,1,3.0,,,0,,,,,,sweep_and_fail,,,5.0,,12.5,2.5,target
GB,GB-2025-11-19,2025-11-19,0,nyam_box,ny_box_fail,short,at_level,-893.0,prev_ny_box_10_11,0,21.75,,,0,,,,,,sweep_and_fail,,,23.75,183.5,237.25,9.99,stop
GB,GB-2025-11-19,2025-11-19,0,golden_pocket,pocket_continuation,short,pocket_retest_after_failure,-889.0,golden_pocket,0,0.0,,,0,,,,,,sweep_and_fail,,,65.78,,217.88,3.31,stop
GB,GB-2025-11-19,2025-11-19,0,nyam_box,ny_box_fail,long,at_level,-845.0,prev_ny_box_09_10,0,24.5,,,3,tdo;tdo_high;tdo_low,,,,,sweep_and_fail,,,26.5,310.0,437.5,16.51,stop
GB,GB-2025-11-19,2025-11-19,0,nyam_box,ny_box_fail,long,at_level,-803.0,prev_ny_box_09_10,1,5.0,,,3,tdo;tdo_high;tdo_low,,,,,sweep_and_fail,,,7.0,310.0,437.5,62.5,stop
GB,GB-2025-11-19,2025-11-19,0,nyam_box,ny_box_fail,long,at_level,-798.0,prev_ny_box_09_10,2,11.75,,,3,tdo;tdo_high;tdo_low,,,,,sweep_and_fail,,,13.75,310.0,437.5,31.82,stop
GB,GB-2025-11-19,2025-11-19,0,nyam_box,ny_box_fail,short,at_level,-788.0,prev_ny_box_10_11,1,14.5,,,0,,,,,,sweep_and_fail,,,16.5,183.5,237.25,14.38,stop
GB,GB-2025-11-19,2025-11-19,0,prior_week_level,weekly_level,short,post_open_retest,1.0,prior_week,2,2.0,,,0,,,,,,sweep_and_fail,,,4.0,,12.5,3.12,target
GB,GB-2025-11-19,2025-11-19,0,nyam_box,ny_box_fail,short,at_level,-782.0,prev_ny_box_10_11,2,7.25,,,0,,,,,,sweep_and_fail,,,9.25,183.5,237.25,25.65,stop
GB,GB-2025-11-19,2025-11-19,0,prior_week_level,weekly_level,long,at_level,-718.0,prior_week,0,2.5,,,0,,,,,,sweep_and_fail,,,4.5,1154.75,1154.75,256.61,stop
GB,GB-2025-11-19,2025-11-19,1,prior_week_level,weekly_level,long,post_open_retest,1.0,prior_week,1,2.0,,,0,,,,,,sweep_and_fail,,,4.0,1154.75,1154.75,288.69,stop
GB,GB-2025-11-19,2025-11-19,0,asia_tdo_case,asia_fade,short,at_level,-542.0,tdo,0,34.25,,,1,prev_ny_box_09_10_low,,,,,sweep_and_fail,,,36.25,,1.25,0.03,target
GB,GB-2025-11-19,2025-11-19,0,asia_box,asia_fade,long,five_minute_close,-515.0,asia_box,0,47.25,,,0,,,,,,sweep_and_fail,,,94.0,118.5,295.0,3.14,target
GB,GB-2025-11-19,2025-11-19,0,london_box,london_reclaim,short,at_level,-354.0,london_box_running,0,12.25,,,0,,,,,,sweep_and_fail,,,14.25,108.0,116.5,8.18,stop
GB,GB-2025-11-19,2025-11-19,0,asia_box,asia_fade,short,at_level,-279.0,asia_box,0,51.75,,,0,,,,,,sweep_and_fail,,,53.75,163.25,225.5,4.2,stop
GB,GB-2025-11-19,2025-11-19,0,london_box,london_reclaim,short,at_level,-249.0,london_box,0,50.75,,,0,,,,,,sweep_and_fail,,,52.75,150.75,159.25,3.02,stop
GB,GB-2025-11-19,2025-11-19,0,london_box,london_reclaim,short,at_level,-55.0,london_box,1,24.5,,,0,,,,,,sweep_and_fail,,,26.5,150.75,159.25,6.01,stop
GB,GB-2025-11-19,2025-11-19,0,london_box,london_reclaim,short,at_level,-43.0,london_box,2,6.75,,,0,,,,,,sweep_and_fail,,,8.75,150.75,159.25,18.2,stop
GB,GB-2025-11-19,2025-11-19,0,cash_open_reclaim_case,cash_open,long,next_bar_open,2.0,cash_open,0,34.25,,,0,,,,,,sweep_and_fail,,,32.5,52.07,130.25,4.01,target
GB,GB-2025-11-19,2025-11-19,0,prior_week_level,weekly_level,short,next_bar_open,2.0,prior_week,3,362.0,,,0,,,,,,sweep_and_fail,,,387.0,,71.25,0.18,target
GB,GB-2025-11-19,2025-11-19,0,cash_open_reclaim_case,cash_open,short,next_bar_open,8.0,cash_open,0,310.25,,,1,london_box_high,,,,,sweep_and_fail,,,316.25,11.18,67.0,0.21,target
GB,GB-2025-11-19,2025-11-19,0,cash_open_reclaim_case,cash_open,long,next_bar_open,12.0,cash_open,0,17.75,,,1,london_box_high,,,,,sweep_and_fail,,,8.0,10.93,67.25,8.41,target
GB,GB-2025-11-19,2025-11-19,0,cash_open_reclaim_case,cash_open,short,next_bar_open,15.0,cash_open,0,254.75,,,0,,,,,,sweep_and_fail,,,261.5,43.57,121.75,0.47,target
GB,GB-2025-11-19,2025-11-19,0,prior_day_level,overnight_reclaim,short,at_level,51.0,prior_day,0,28.5,,,0,,,,,,sweep_and_fail,,,30.5,583.25,583.25,19.12,open
GB,GB-2025-11-19,2025-11-19,0,prior_day_level,overnight_reclaim,short,at_level,63.0,prior_day,1,10.25,,,0,,,,,,sweep_and_fail,,,12.25,583.25,583.25,47.61,open
GB,GB-2025-11-19,2025-11-19,0,nyam_box,ny_box_fail,long,approach_reject,66.0,ny_box_10_11_running,0,0.0,,,0,,,,,,sweep_and_fail,,,15.25,61.25,854.0,56.0,stop
GB,GB-2025-11-19,2025-11-19,0,nyam_box,ny_box_fail,short,at_level,77.0,ny_box_09_10,0,84.25,,,0,,,,,,sweep_and_fail,,,86.25,331.25,372.0,4.31,target
GB,GB-2025-11-19,2025-11-19,0,previous_hour,previous_hour_fail,long,five_minute_close,130.0,hour_box_11_running,0,6.75,,,1,asia_box_high,,,,,sweep_and_fail,,,24.0,112.5,158.0,6.58,stop
GB,GB-2025-11-19,2025-11-19,0,golden_pocket,pocket_continuation,long,pocket_retest_after_failure,146.0,golden_pocket,0,0.0,,,1,london_box_high,,,,,sweep_and_fail,,,84.19,,295.88,3.51,stop
GB,GB-2025-11-19,2025-11-19,0,prior_week_level,weekly_level,long,at_level,159.0,prior_week,3,25.75,,,0,,,,,,sweep_and_fail,,,27.75,1154.75,1154.75,41.61,stop
GB,GB-2025-11-19,2025-11-19,0,prior_week_level,weekly_level,short,at_level,167.0,prior_week,4,18.75,,,0,,,,,,sweep_and_fail,,,20.75,,12.5,0.6,target
GB,GB-2025-11-19,2025-11-19,0,prior_week_level,weekly_level,short,at_level,172.0,prior_week,5,22.5,,,0,,,,,,sweep_and_fail,,,24.5,,12.5,0.51,target
GB,GB-2025-11-19,2025-11-19,0,previous_hour,previous_hour_fail,long,five_minute_close,195.0,hour_box_12_running,0,74.0,,,0,,,,,,sweep_and_fail,,,109.75,106.5,133.25,1.21,target
GB,GB-2025-11-19,2025-11-19,0,nyam_box,ny_box_fail,long,at_level,196.0,ny_box_09_10,0,65.5,,,0,,,,,,sweep_and_fail,,,67.5,331.25,387.0,5.73,open
GB,GB-2025-11-19,2025-11-19,0,prior_week_level,weekly_level,long,at_level,203.0,prior_week,4,119.0,,,0,,,,,,sweep_and_fail,,,121.0,1154.75,1154.75,9.54,open
GB,GB-2025-11-19,2025-11-19,0,prior_week_level,weekly_level,long,at_level,207.0,prior_week,5,8.25,,,0,,,,,,sweep_and_fail,,,10.25,1154.75,1154.75,112.66,stop
GB,GB-2025-11-19,2025-11-19,0,previous_hour,previous_hour_fail,short,approach_reject,224.0,hour_box_12,0,0.0,,,0,,,,,,sweep_and_fail,,,16.0,166.5,181.25,11.33,stop
GB,GB-2025-11-19,2025-11-19,0,previous_hour,previous_hour_fail,short,approach_reject,249.0,hour_box_12,1,0.0,,,0,,,,,,sweep_and_fail,,,25.75,182.5,197.25,7.66,stop
GB,GB-2025-11-19,2025-11-19,0,previous_hour,previous_hour_fail,long,approach_reject,260.0,hour_box_13_running,0,0.0,,,0,,,,,,sweep_and_fail,,,13.25,101.0,135.75,10.25,stop
GB,GB-2025-11-19,2025-11-19,0,previous_hour,previous_hour_fail,short,approach_reject,268.0,hour_box_13_running,0,0.0,,,0,,,,,,sweep_and_fail,,,10.0,111.25,126.0,12.6,target
GB,GB-2025-11-19,2025-11-19,0,nyam_box,ny_box_fail,long,at_level,297.0,ny_box_09_10,1,6.75,,,0,,,,,,sweep_and_fail,,,8.75,331.25,387.0,44.23,open
GB,GB-2025-11-19,2025-11-19,0,previous_hour,previous_hour_fail,long,five_minute_close,300.0,hour_box_13,0,10.5,,,0,,,,,,sweep_and_fail,,,19.0,119.5,154.25,8.12,stop
GB,GB-2025-11-19,2025-11-19,0,previous_hour,previous_hour_fail,long,five_minute_close,305.0,hour_box_13,1,10.75,,,0,,,,,,sweep_and_fail,,,19.0,119.75,154.5,8.13,stop
GB,GB-2025-11-19,2025-11-19,0,previous_hour,previous_hour_fail,long,five_minute_close,310.0,hour_box_14_running,0,3.25,,,1,ny_box_09_10_low,,,,,sweep_and_fail,,,7.5,122.5,169.25,22.57,stop
GB,GB-2025-11-19,2025-11-19,0,previous_hour,previous_hour_fail,long,five_minute_close,320.0,hour_box_13,2,7.75,,,0,,,,,,sweep_and_fail,,,28.25,107.5,142.25,5.04,target
GB,GB-2025-11-19,2025-11-19,0,previous_hour,previous_hour_fail,short,approach_reject,328.0,hour_box_13,0,0.0,,,0,,,,,,sweep_and_fail,,,42.75,72.0,86.75,2.03,stop
GB,GB-2025-11-19,2025-11-19,0,nyam_box,ny_box_fail,long,at_level,354.0,ny_box_10_11,1,11.5,,,0,,,,,,sweep_and_fail,,,13.5,240.0,1032.75,76.5,stop
GB,GB-2025-11-19,2025-11-19,0,nyam_box,ny_box_fail,long,at_level,357.0,ny_box_10_11,2,3.75,,,0,,,,,,sweep_and_fail,,,5.75,240.0,1032.75,179.61,stop
GB,GB-2025-11-19,2025-11-19,0,previous_hour,previous_hour_fail,short,five_minute_close,370.0,hour_box_15_running,0,24.0,,,0,,,,,,sweep_and_fail,,,42.25,145.5,164.0,3.88,open
GB,GB-2025-11-19,2025-11-19,0,previous_hour,previous_hour_fail,long,approach_reject,381.0,hour_box_15_running,0,0.0,,,0,,,,,,sweep_and_fail,,,48.25,105.5,107.25,2.22,open
GB,GB-2026-04-23,2026-04-23,0,prior_day_level,overnight_reclaim,short,at_level,-905.0,prior_day,0,5.0,,,1,asia_box_high,,,,,sweep_and_fail,short,True,7.0,365.25,1933.0,276.14,stop
GB,GB-2026-04-23,2026-04-23,0,prior_day_level,overnight_reclaim,short,at_level,-889.0,prior_day,1,2.0,,,1,asia_box_high,,,,,sweep_and_fail,short,True,4.0,365.25,1933.0,483.25,stop
GB,GB-2026-04-23,2026-04-23,0,prior_day_level,overnight_reclaim,short,post_open_retest,19.0,prior_day,2,6.75,,,1,asia_box_high,,,,,sweep_and_fail,short,True,8.75,365.25,1933.0,220.91,stop
GB,GB-2026-04-23,2026-04-23,0,prior_week_level,weekly_level,long,at_level,-793.0,prior_week,0,36.75,,,0,,,,,,sweep_and_fail,short,False,38.75,,8.0,0.21,target
GB,GB-2026-04-23,2026-04-23,0,golden_pocket,pocket_continuation,short,pocket_near_limit,-791.0,golden_pocket,0,0.0,,,1,ny_box_10_11_low,,,,,sweep_and_fail,short,True,31.71,,125.88,3.97,stop
GB,GB-2026-04-23,2026-04-23,0,nyam_box,ny_box_fail,long,stop_at_level,-789.0,prev_ny_box_10_11,0,4.0,,,1,asia_box_low,,,,,sweep_and_fail,short,False,6.0,154.25,241.0,40.17,target
GB,GB-2026-04-23,2026-04-23,0,golden_pocket,pocket_continuation,long,pocket_retest_after_failure,-675.0,golden_pocket,0,0.0,,,0,,,,,,sweep_and_fail,short,False,46.01,,134.12,2.91,stop
GB,GB-2026-04-23,2026-04-23,0,prior_week_level,weekly_level,long,at_level,-598.0,prior_week,1,4.75,,,0,,,,,,sweep_and_fail,short,False,6.75,,8.0,1.19,target
GB,GB-2026-04-23,2026-04-23,0,london_box,london_reclaim,long,at_level,-368.0,london_box_running,0,2.25,,,0,,,,,,sweep_and_fail,short,False,4.25,30.25,116.0,27.29,stop
GB,GB-2026-04-23,2026-04-23,0,nyam_box,ny_box_fail,short,at_level,-337.0,prev_ny_box_10_11,1,7.25,,,0,,,,,,sweep_and_fail,short,True,9.25,154.25,158.25,17.11,stop
GB,GB-2026-04-23,2026-04-23,0,asia_tdo_case,asia_fade,short,at_level,-263.0,tdo,1,2.25,,,0,,,,,,sweep_and_fail,short,True,4.25,,13.5,3.18,target
GB,GB-2026-04-23,2026-04-23,0,asia_tdo_case,asia_fade,long,at_level,-254.0,tdo,0,16.25,,,0,,,,,,sweep_and_fail,short,False,18.25,,11.75,0.64,target
GB,GB-2026-04-23,2026-04-23,0,london_box,london_reclaim,long,at_level,-199.0,london_box,0,28.0,,,0,,,,,,sweep_and_fail,short,False,30.0,95.5,175.0,5.83,target
GB,GB-2026-04-23,2026-04-23,0,london_box,london_reclaim,short,at_level,-99.0,london_box,0,66.25,,,0,,,,,,sweep_and_fail,short,True,68.25,95.5,107.25,1.57,stop
GB,GB-2026-04-23,2026-04-23,0,london_box,london_reclaim,short,at_level,-38.0,london_box,1,6.5,,,0,,,,,,sweep_and_fail,short,True,8.5,95.5,107.25,12.62,stop
GB,GB-2026-04-23,2026-04-23,0,cash_open_reclaim_case,cash_open,long,next_bar_open,2.0,cash_open,0,12.25,,,0,,,,,,sweep_and_fail,short,False,31.25,15.54,85.5,2.74,target
GB,GB-2026-04-23,2026-04-23,0,cash_open_reclaim_case,cash_open,short,next_bar_open,9.0,cash_open,0,74.0,,,0,,,,,,sweep_and_fail,short,True,84.0,3.46,104.5,1.24,stop
GB,GB-2026-04-23,2026-04-23,0,prior_day_level,overnight_reclaim,short,stop_at_next_level,31.0,prior_day,3,9.75,,,1,asia_box_high,,,,,sweep_and_fail,short,True,91.25,285.75,1853.5,20.31,stop
GB,GB-2026-04-23,2026-04-23,0,prior_day_level,overnight_reclaim,long,post_open_retest,19.0,prior_day,0,16.0,,,1,asia_box_high,,,,,sweep_and_fail,short,False,18.0,,5.0,0.28,stop
GB,GB-2026-04-23,2026-04-23,0,cash_open_reclaim_case,cash_open,short,next_bar_open,20.0,cash_open,0,23.0,,,0,,,,,,sweep_and_fail,short,True,16.0,71.46,172.5,10.78,stop
GB,GB-2026-04-23,2026-04-23,0,cash_open_reclaim_case,cash_open,long,next_bar_open,22.0,cash_open,0,109.75,,,0,,,,,,sweep_and_fail,short,False,88.75,78.04,23.0,0.26,target
GB,GB-2026-04-23,2026-04-23,0,nyam_box,ny_box_fail,short,at_level,67.0,ny_box_10_11_running,0,3.25,,,0,,,,,,sweep_and_fail,short,True,5.25,85.75,90.75,17.29,stop
GB,GB-2026-04-23,2026-04-23,0,nyam_box,ny_box_fail,short,at_level,88.0,ny_box_09_10,0,3.5,,,2,asia_box_high;ny_box_10_11_high,,,,,sweep_and_fail,short,True,5.5,137.75,184.75,33.59,stop
GB,GB-2026-04-23,2026-04-23,0,nyam_box,ny_box_fail,short,at_level,96.0,ny_box_10_11,0,49.5,,,1,ny_box_09_10_high,,,,,sweep_and_fail,short,True,51.5,136.25,141.25,2.74,target
GB,GB-2026-04-23,2026-04-23,0,previous_hour,previous_hour_fail,short,five_minute_close,125.0,hour_box_11_running,0,6.0,,,0,,,,,,sweep_and_fail,short,True,12.0,52.0,52.75,4.4,target
GB,GB-2026-04-23,2026-04-23,0,prior_day_level,overnight_reclaim,short,at_level,142.0,prior_day,4,62.75,,,1,asia_box_high,,,,,sweep_and_fail,short,True,64.75,365.25,1933.0,29.85,open
GB,GB-2026-04-23,2026-04-23,0,prior_day_level,overnight_reclaim,short,at_level,152.0,prior_day,5,6.5,,,1,asia_box_high,,,,,sweep_and_fail,short,True,8.5,365.25,1933.0,227.41,stop
GB,GB-2026-04-23,2026-04-23,0,nyam_box,ny_box_fail,short,at_level,178.0,ny_box_09_10,1,2.0,,,2,asia_box_high;ny_box_10_11_high,,,,,sweep_and_fail,short,True,4.0,137.75,184.75,46.19,stop
GB,GB-2026-04-23,2026-04-23,1,previous_hour,previous_hour_fail,short,approach_reject,187.0,hour_box_11,0,0.0,,,0,,,,,,sweep_and_fail,short,True,10.25,49.75,97.25,9.49,target
GB,GB-2026-04-23,2026-04-23,0,previous_hour,previous_hour_fail,short,five_minute_close,190.0,hour_box_12_running,0,14.25,,,2,ny_box_09_10_high;ny_box_10_11_high,,,,,sweep_and_fail,short,True,21.75,60.5,85.75,3.94,target
GB,GB-2026-04-23,2026-04-23,0,prior_week_level,weekly_level,short,at_level,234.0,prior_week,1,18.0,,,0,,,,,,sweep_and_fail,short,True,20.0,1724.75,1724.75,86.24,stop
GB,GB-2026-04-23,2026-04-23,0,prior_week_level,weekly_level,short,at_level,237.0,prior_week,2,49.5,,,0,,,,,,sweep_and_fail,short,True,51.5,1724.75,1724.75,33.49,stop
GB,GB-2026-04-23,2026-04-23,0,prior_week_level,weekly_level,short,at_level,267.0,prior_week,3,9.25,,,0,,,,,,sweep_and_fail,short,True,11.25,1724.75,1724.75,153.31,stop
GB,GB-2026-04-23,2026-04-23,0,previous_hour,previous_hour_fail,short,five_minute_close,310.0,hour_box_14_running,0,13.25,,,2,ny_box_09_10_low;ny_box_10_11_low,,,,,sweep_and_fail,short,True,25.75,98.25,106.5,4.14,target
GB,GB-2026-04-23,2026-04-23,0,golden_pocket,pocket_continuation,short,pocket_retest_after_failure,321.0,golden_pocket,0,0.0,,,1,london_box_low,,,,,sweep_and_fail,short,True,67.93,,227.0,3.34,open
GB,GB-2026-04-23,2026-04-23,0,previous_hour,previous_hour_fail,short,approach_reject,384.0,hour_box_15_running,0,0.0,,,0,,,,,,sweep_and_fail,short,True,11.5,61.0,91.75,7.98,stop
GB,GB-2026-04-28,2026-04-28,0,prior_week_level,weekly_level,long,at_level,-779.0,prior_week,0,12.25,,,0,,,,,,pullback_continuation,,,14.25,,80.0,5.61,stop
GB,GB-2026-04-28,2026-04-28,0,prior_week_level,weekly_level,short,at_level,-740.0,prior_week,1,4.0,,,0,,,,,,pullback_continuation,,,6.0,910.75,910.75,151.79,stop
GB,GB-2026-04-28,2026-04-28,0,prior_week_level,weekly_level,short,at_level,-733.0,prior_week,2,2.0,,,0,,,,,,pullback_continuation,,,4.0,910.75,910.75,227.69,stop
GB,GB-2026-04-28,2026-04-28,0,prior_week_level,weekly_level,long,at_level,-723.0,prior_week,1,12.5,,,0,,,,,,pullback_continuation,,,14.5,,80.0,5.52,stop
GB,GB-2026-04-28,2026-04-28,0,nyam_box,ny_box_fail,short,at_level,-669.0,prev_ny_box_09_10,1,2.25,,,0,,,,,,pullback_continuation,,,4.25,136.5,883.25,207.82,stop
GB,GB-2026-04-28,2026-04-28,0,golden_pocket,pocket_continuation,long,pocket_retest_after_failure,-634.0,golden_pocket,0,0.0,,,1,prev_ny_box_10_11_high,,,,,pullback_continuation,,,37.19,,96.75,2.6,stop
GB,GB-2026-04-28,2026-04-28,0,nyam_box,ny_box_fail,short,at_level,-634.0,prev_ny_box_10_11,0,3.25,,,3,tdo;tdo_high;tdo_low,,,,,pullback_continuation,,,5.25,88.0,111.0,21.14,stop
GB,GB-2026-04-28,2026-04-28,0,nyam_box,ny_box_fail,short,at_level,-614.0,prev_ny_box_10_11,1,19.75,,,3,tdo;tdo_high;tdo_low,,,,,pullback_continuation,,,21.75,88.0,111.0,5.1,stop
GB,GB-2026-04-28,2026-04-28,0,nyam_box,ny_box_fail,short,at_level,-519.0,prev_ny_box_09_10,2,4.5,,,0,,,,,,pullback_continuation,,,6.5,136.5,883.25,135.88,open
GB,GB-2026-04-28,2026-04-28,0,asia_box,asia_fade,long,at_level,-494.0,asia_box,0,12.25,,,0,,,,,,pullback_continuation,,,14.25,126.0,156.5,10.98,stop
GB,GB-2026-04-28,2026-04-28,0,london_box,london_reclaim,long,at_level,-386.0,london_box_running,0,2.0,,,1,prev_ny_box_10_11_low,,,,,pullback_continuation,,,4.0,56.25,64.0,16.0,stop
GB,GB-2026-04-28,2026-04-28,0,nyam_box,ny_box_fail,long,at_level,-313.0,prev_ny_box_10_11,0,19.0,,,0,,,,,,pullback_continuation,,,21.0,88.0,91.25,4.35,stop
GB,GB-2026-04-28,2026-04-28,0,prior_day_level,overnight_reclaim,short,at_level,-231.0,prior_day,0,7.5,,,2,london_box_low;prev_ny_box_09_10_low,,,,,pullback_continuation,,,9.5,,746.75,78.61,open
GB,GB-2026-04-28,2026-04-28,0,prior_day_level,overnight_reclaim,short,at_level,-207.0,prior_day,1,2.25,,,2,london_box_low;prev_ny_box_09_10_low,,,,,pullback_continuation,,,4.25,,746.75,175.71,open
GB,GB-2026-04-28,2026-04-28,1,cash_open_reclaim_case,cash_open,long,next_bar_open,3.0,cash_open,0,45.5,,,0,,,,,,pullback_continuation,,,18.75,52.44,215.75,11.51,stop
GB,GB-2026-04-28,2026-04-28,0,cash_open_reclaim_case,cash_open,short,next_bar_open,9.0,cash_open,0,7.5,,,0,,,,,,pullback_continuation,,,18.0,28.56,134.75,7.49,stop
GB,GB-2026-04-28,2026-04-28,0,cash_open_reclaim_case,cash_open,long,next_bar_open,27.0,cash_open,0,39.0,,,0,,,,,,pullback_continuation,,,25.25,26.56,136.75,5.42,stop
GB,GB-2026-04-28,2026-04-28,0,nyam_box,ny_box_fail,short,approach_reject,40.0,ny_box_09_10,0,0.0,,,0,,,,,,pullback_continuation,,,14.25,154.5,671.0,47.09,open
GB,GB-2026-04-28,2026-04-28,0,nyam_box,ny_box_fail,long,at_level,69.0,ny_box_09_10,0,26.0,,,0,,,,,,pullback_continuation,,,28.0,183.75,230.25,8.22,stop
GB,GB-2026-04-28,2026-04-28,0,nyam_box,ny_box_fail,long,at_level,77.0,ny_box_09_10,1,27.25,,,0,,,,,,pullback_continuation,,,29.25,183.75,230.25,7.87,stop
GB,GB-2026-04-28,2026-04-28,0,nyam_box,ny_box_fail,long,stop_at_level,87.0,ny_box_10_11_running,0,28.5,,,0,,,,,,pullback_continuation,,,30.5,194.0,211.0,6.92,stop
GB,GB-2026-04-28,2026-04-28,0,nyam_box,ny_box_fail,long,at_level,107.0,ny_box_09_10,2,36.75,,,0,,,,,,pullback_continuation,,,38.75,183.75,230.25,5.94,stop
GB,GB-2026-04-28,2026-04-28,0,nyam_box,ny_box_fail,long,approach_reject,123.0,ny_box_10_11,1,0.0,,,0,,,,,,pullback_continuation,,,16.0,206.75,223.75,13.98,stop
GB,GB-2026-04-28,2026-04-28,0,previous_hour,previous_hour_fail,long,five_minute_close,130.0,hour_box_11_running,0,19.5,,,0,,,,,,pullback_continuation,,,29.75,80.0,195.25,6.56,stop
GB,GB-2026-04-28,2026-04-28,0,nyam_box,ny_box_fail,long,at_level,139.0,ny_box_10_11,0,3.0,,,0,,,,,,pullback_continuation,,,5.0,222.5,239.5,47.9,open
GB,GB-2026-04-28,2026-04-28,0,previous_hour,previous_hour_fail,short,approach_reject,159.0,hour_box_11,0,0.0,,,0,,,,,,pullback_continuation,,,13.25,59.75,517.5,39.06,stop
GB,GB-2026-04-28,2026-04-28,0,previous_hour,previous_hour_fail,short,approach_reject,159.0,hour_box_11,1,0.0,,,0,,,,,,pullback_continuation,,,19.5,59.75,517.5,26.54,stop
GB,GB-2026-04-28,2026-04-28,0,previous_hour,previous_hour_fail,long,approach_reject,186.0,hour_box_11,0,0.0,,,1,ny_box_10_11_low,,,,,pullback_continuation,,,11.25,81.5,196.75,17.49,open
GB,GB-2026-04-28,2026-04-28,0,previous_hour,previous_hour_fail,long,five_minute_close,200.0,hour_box_12_running,0,12.0,,,0,,,,,,pullback_continuation,,,33.75,28.75,175.25,5.19,open
GB,GB-2026-04-28,2026-04-28,0,previous_hour,previous_hour_fail,short,approach_reject,201.0,hour_box_12_running,0,0.0,,,0,,,,,,pullback_continuation,,,29.75,20.75,36.25,1.22,stop
GB,GB-2026-04-28,2026-04-28,0,previous_hour,previous_hour_fail,short,approach_reject,240.0,hour_box_12,0,0.0,,,0,,,,,,pullback_continuation,,,11.25,55.25,70.75,6.29,stop
GB,GB-2026-04-28,2026-04-28,0,previous_hour,previous_hour_fail,short,approach_reject,242.0,hour_box_12,1,0.0,,,0,,,,,,pullback_continuation,,,9.0,60.5,76.0,8.44,stop
GB,GB-2026-04-28,2026-04-28,0,previous_hour,previous_hour_fail,short,approach_reject,242.0,hour_box_13_running,0,0.0,,,0,,,,,,pullback_continuation,,,9.0,41.0,76.0,8.44,stop
GB,GB-2026-04-28,2026-04-28,0,previous_hour,previous_hour_fail,short,five_minute_close,275.0,hour_box_13,0,3.75,,,0,,,,,,pullback_continuation,,,20.5,82.0,117.0,5.71,stop
GB,GB-2026-04-28,2026-04-28,0,golden_pocket,pocket_continuation,short,pocket_retest_after_failure,276.0,golden_pocket,0,0.0,,,0,,,,,,pullback_continuation,,,40.62,,111.25,2.74,stop
GB,GB-2026-04-28,2026-04-28,0,previous_hour,previous_hour_fail,long,approach_reject,307.0,hour_box_14_running,0,0.0,,,0,,,,,,pullback_continuation,,,7.75,24.5,76.5,9.87,open
GB,GB-2026-04-28,2026-04-28,0,previous_hour,previous_hour_fail,short,approach_reject,316.0,hour_box_14_running,0,0.0,,,0,,,,,,pullback_continuation,,,10.5,53.5,106.0,10.1,stop
GB,GB-2026-04-28,2026-04-28,0,nyam_box,ny_box_fail,short,approach_reject,333.0,ny_box_10_11,0,0.0,,,0,,,,,,pullback_continuation,,,8.5,190.75,651.5,76.65,stop
GB,GB-2026-04-28,2026-04-28,0,nyam_box,ny_box_fail,short,approach_reject,338.0,ny_box_09_10,1,0.0,,,0,,,,,,pullback_continuation,,,6.75,142.5,198.25,29.37,stop
GB,GB-2026-04-28,2026-04-28,0,previous_hour,previous_hour_fail,short,five_minute_close,350.0,hour_box_14,0,29.75,,,0,,,,,,pullback_continuation,,,41.75,64.0,116.5,2.79,open
GB,GB-2026-04-28,2026-04-28,0,previous_hour,previous_hour_fail,long,five_minute_close,370.0,hour_box_15_running,0,9.25,,,0,,,,,,pullback_continuation,,,16.25,45.75,56.25,3.46,stop
GB,GB-2026-04-28,2026-04-28,0,previous_hour,previous_hour_fail,long,approach_reject,385.0,hour_box_14,0,0.0,,,0,,,,,,pullback_continuation,,,15.0,27.25,67.5,4.5,open
GB,GB-2026-07-13,2026-07-14,0,prior_day_level,overnight_reclaim,short,at_level,-843.0,prior_day,0,6.0,,,0,,,,,,pullback_continuation,long,False,8.0,,359.25,44.91,stop
GB,GB-2026-07-13,2026-07-14,0,prior_day_level,overnight_reclaim,long,at_level,-809.0,prior_day,0,66.0,,,0,,,,,,pullback_continuation,long,True,68.0,647.75,700.75,10.31,stop
GB,GB-2026-07-13,2026-07-14,0,prior_day_level,overnight_reclaim,short,at_level,-805.0,prior_day,1,59.0,,,0,,,,,,pullback_continuation,long,False,61.0,,359.25,5.89,stop
GB,GB-2026-07-13,2026-07-14,0,prior_day_level,overnight_reclaim,long,at_level,-788.0,prior_day,1,24.25,,,0,,,,,,pullback_continuation,long,True,26.25,647.75,700.75,26.7,stop
GB,GB-2026-07-13,2026-07-14,1,prior_day_level,overnight_reclaim,long,at_level,-782.0,prior_day,2,14.0,,,0,,,,,,pullback_continuation,long,True,16.0,647.75,700.75,43.8,stop
GB,GB-2026-07-13,2026-07-14,0,nyam_box,ny_box_fail,long,at_level,-748.0,prev_ny_box_09_10,0,8.75,,,0,,,,,,pullback_continuation,long,True,10.75,230.0,523.0,48.65,stop
GB,GB-2026-07-13,2026-07-14,0,nyam_box,ny_box_fail,long,at_level,-736.0,prev_ny_box_10_11,0,8.5,,,0,,,,,,pullback_continuation,long,True,10.5,235.5,259.5,24.71,stop
GB,GB-2026-07-13,2026-07-14,0,nyam_box,ny_box_fail,long,at_level,-733.0,prev_ny_box_10_11,1,7.5,,,0,,,,,,pullback_continuation,long,True,9.5,235.5,259.5,27.32,stop
GB,GB-2026-07-13,2026-07-14,0,nyam_box,ny_box_fail,long,at_level,-727.0,prev_ny_box_10_11,2,3.5,,,0,,,,,,pullback_continuation,long,True,5.5,235.5,259.5,47.18,stop
GB,GB-2026-07-13,2026-07-14,0,asia_tdo_case,asia_fade,long,at_level,-544.0,tdo,0,54.0,,,0,,,,,,pullback_continuation,long,True,56.0,,63.25,1.13,target
GB,GB-2026-07-13,2026-07-14,0,asia_tdo_case,asia_fade,long,five_minute_close,-540.0,tdo,1,3.5,,,0,,,,,,pullback_continuation,long,True,30.25,,38.5,1.27,target
GB,GB-2026-07-13,2026-07-14,0,golden_pocket,pocket_continuation,short,pocket_near_limit,-500.0,golden_pocket,0,0.0,,,0,,,,,,pullback_continuation,long,False,54.98,,224.5,4.08,stop
GB,GB-2026-07-13,2026-07-14,0,london_box,london_reclaim,long,at_level,-346.0,london_box_running,0,17.25,,,1,ny_box_10_11_low,,,,,pullback_continuation,long,True,19.25,87.0,161.25,8.38,target
GB,GB-2026-07-13,2026-07-14,0,london_box,london_reclaim,short,at_level,-119.0,london_box,0,20.75,,,0,,,,,,pullback_continuation,long,False,22.75,104.25,108.5,4.77,stop
GB,GB-2026-07-13,2026-07-14,0,london_box,london_reclaim,short,at_level,-118.0,london_box,1,18.5,,,0,,,,,,pullback_continuation,long,False,20.5,104.25,108.5,5.29,stop
GB,GB-2026-07-13,2026-07-14,0,london_box,london_reclaim,short,at_level,-102.0,london_box,2,6.75,,,0,,,,,,pullback_continuation,long,False,8.75,104.25,108.5,12.4,stop
GB,GB-2026-07-13,2026-07-14,0,cash_open_reclaim_case,cash_open,long,next_bar_open,3.0,cash_open,0,57.5,,,0,,,,,,pullback_continuation,long,True,62.5,50.4,176.25,2.82,stop
GB,GB-2026-07-13,2026-07-14,0,cash_open_reclaim_case,cash_open,short,next_bar_open,9.0,cash_open,0,66.0,,,0,,,,,,pullback_continuation,long,False,49.0,20.15,206.5,4.21,stop
GB,GB-2026-07-13,2026-07-14,0,golden_pocket,pocket_continuation,long,pocket_near_limit,46.0,golden_pocket,0,0.0,,,0,,,,,,pullback_continuation,long,True,74.95,,309.12,4.12,open
GB,GB-2026-07-13,2026-07-14,0,nyam_box,ny_box_fail,long,at_level,78.0,ny_box_09_10,0,117.5,,,0,,,,,,pullback_continuation,long,True,119.5,147.0,356.0,2.98,open
GB,GB-2026-07-13,2026-07-14,0,nyam_box,ny_box_fail,long,at_level,81.0,ny_box_09_10,1,25.5,,,0,,,,,,pullback_continuation,long,True,27.5,147.0,356.0,12.95,open
GB,GB-2026-07-13,2026-07-14,0,previous_hour,previous_hour_fail,long,approach_reject,144.0,hour_box_11_running,0,0.0,,,0,,,,,,pullback_continuation,long,True,24.25,98.25,243.5,10.04,stop
GB,GB-2026-07-13,2026-07-14,0,previous_hour,previous_hour_fail,long,five_minute_close,175.0,hour_box_11,0,49.25,,,0,,,,,,pullback_continuation,long,True,53.25,140.0,285.25,5.36,open
GB,GB-2026-07-13,2026-07-14,0,previous_hour,previous_hour_fail,long,five_minute_close,185.0,hour_box_11,1,3.5,,,0,,,,,,pullback_continuation,long,True,36.5,111.0,256.25,7.02,open
GB,GB-2026-07-13,2026-07-14,0,previous_hour,previous_hour_fail,long,approach_reject,246.0,hour_box_13_running,0,0.0,,,0,,,,,,pullback_continuation,long,True,13.25,37.0,211.0,15.92,stop
GB,GB-2026-07-13,2026-07-14,0,previous_hour,previous_hour_fail,long,approach_reject,303.0,hour_box_13,0,0.0,,,0,,,,,,pullback_continuation,long,True,14.0,10.5,184.5,13.18,stop
GB,GB-2026-07-13,2026-07-14,0,previous_hour,previous_hour_fail,long,approach_reject,308.0,hour_box_13,1,0.0,,,0,,,,,,pullback_continuation,long,True,20.25,12.75,186.75,9.22,stop
GB,GB-2026-07-13,2026-07-14,0,previous_hour,previous_hour_fail,long,five_minute_close,345.0,hour_box_14,0,30.5,,,0,,,,,,pullback_continuation,long,True,38.0,62.25,225.0,5.92,stop
GB,GB-2026-07-13,2026-07-14,0,previous_hour,previous_hour_fail,long,five_minute_close,365.0,hour_box_15_running,0,9.0,,,0,,,,,,pullback_continuation,long,True,31.75,37.0,39.0,1.23,open
GB,GB-2026-07-29-30,2026-07-30,0,nyam_box,ny_box_fail,long,at_level,-845.0,prev_ny_box_10_11,0,12.75,,,0,,,,,,pullback_continuation,,,14.75,316.5,486.0,32.95,stop
GB,GB-2026-07-29-30,2026-07-30,0,nyam_box,ny_box_fail,long,at_level,-828.0,prev_ny_box_10_11,1,10.0,,,0,,,,,,pullback_continuation,,,12.0,316.5,486.0,40.5,stop
GB,GB-2026-07-29-30,2026-07-30,0,nyam_box,ny_box_fail,long,at_level,-818.0,prev_ny_box_10_11,2,14.75,,,0,,,,,,pullback_continuation,,,16.75,316.5,486.0,29.01,stop
GB,GB-2026-07-29-30,2026-07-30,0,nyam_box,ny_box_fail,long,at_level,-711.0,prev_ny_box_09_10,0,6.0,,,0,,,,,,pullback_continuation,,,8.0,328.25,510.5,63.81,stop
GB,GB-2026-07-29-30,2026-07-30,0,nyam_box,ny_box_fail,long,at_level,-700.0,prev_ny_box_09_10,1,4.0,,,0,,,,,,pullback_continuation,,,6.0,328.25,510.5,85.08,stop
GB,GB-2026-07-29-30,2026-07-30,1,golden_pocket,pocket_continuation,short,pocket_retest_after_failure,-684.0,golden_pocket,0,0.0,,,0,,,,,,pullback_continuation,,,117.9,,438.75,3.72,stop
GB,GB-2026-07-29-30,2026-07-30,0,golden_pocket,pocket_continuation,long,pocket_retest_after_failure,-644.0,golden_pocket,0,0.0,,,0,,,,,,pullback_continuation,,,38.49,,102.25,2.66,stop
GB,GB-2026-07-29-30,2026-07-30,0,asia_box,asia_fade,long,at_level,-547.0,asia_box,0,11.75,,,0,,,,,,pullback_continuation,,,13.75,225.5,355.25,25.84,stop
GB,GB-2026-07-29-30,2026-07-30,0,asia_tdo_case,asia_fade,long,at_level,-541.0,tdo,0,73.0,,,0,,,,,,pullback_continuation,,,75.0,,135.25,1.8,stop
GB,GB-2026-07-29-30,2026-07-30,0,asia_tdo_case,asia_fade,long,tdo_close,-540.0,asia_box,0,11.75,,,0,,,,,,pullback_continuation,,,77.5,161.75,291.5,3.76,stop
GB,GB-2026-07-29-30,2026-07-30,0,asia_tdo_case,asia_fade,short,at_level,-538.0,tdo,0,11.25,,,0,,,,,,pullback_continuation,,,13.25,,22.5,1.7,target
GB,GB-2026-07-29-30,2026-07-30,0,asia_box,asia_fade,long,at_level,-521.0,asia_box,1,9.5,,,0,,,,,,pullback_continuation,,,11.5,225.5,355.25,30.89,stop
GB,GB-2026-07-29-30,2026-07-30,0,asia_tdo_case,asia_fade,short,at_level,-463.0,tdo,1,9.5,,,0,,,,,,pullback_continuation,,,11.5,,22.5,1.96,target
GB,GB-2026-07-29-30,2026-07-30,0,asia_tdo_case,asia_fade,short,at_level,-463.0,tdo,2,13.75,,,0,,,,,,pullback_continuation,,,15.75,,22.5,1.43,target
GB,GB-2026-07-29-30,2026-07-30,0,london_box,london_reclaim,short,at_level,-388.0,london_box_running,0,14.75,,,1,prev_ny_box_10_11_low,,,,,pullback_continuation,,,16.75,92.0,189.5,11.31,stop
GB,GB-2026-07-29-30,2026-07-30,1,london_box,london_reclaim,long,at_level,-368.0,london_box_running,0,22.25,,,0,,,,,,pullback_continuation,,,24.25,106.75,117.5,4.85,stop
GB,GB-2026-07-29-30,2026-07-30,0,asia_tdo_case,asia_fade,long,at_level,-251.0,tdo,1,7.25,,,0,,,,,,pullback_continuation,,,9.25,,135.25,14.62,stop
GB,GB-2026-07-29-30,2026-07-30,0,asia_tdo_case,asia_fade,long,at_level,-196.0,tdo,2,44.25,,,0,,,,,,pullback_continuation,,,46.25,,135.25,2.92,target
GB,GB-2026-07-29-30,2026-07-30,0,nyam_box,ny_box_fail,long,at_level,-133.0,prev_ny_box_09_10,2,12.5,,,0,,,,,,pullback_continuation,,,14.5,328.25,510.5,35.21,target
GB,GB-2026-07-29-30,2026-07-30,0,asia_box,asia_fade,short,at_level,-132.0,asia_box,0,5.75,,,0,,,,,,pullback_continuation,,,7.75,225.5,359.25,46.35,stop
GB,GB-2026-07-29-30,2026-07-30,0,cash_open_reclaim_case,cash_open,short,next_bar_open,2.0,cash_open,0,8.75,,,0,,,,,,pullback_continuation,,,35.0,126.64,370.75,10.59,stop
GB,GB-2026-07-29-30,2026-07-30,0,cash_open_reclaim_case,cash_open,long,next_bar_open,12.0,cash_open,0,33.5,,,0,,,,,,pullback_continuation,,,34.75,243.36,0.75,0.02,target
GB,GB-2026-07-29-30,2026-07-30,0,nyam_box,ny_box_fail,short,at_level,32.0,ny_box_09_10,0,21.5,,,0,,,,,,pullback_continuation,,,23.5,369.25,465.5,19.81,stop
GB,GB-2026-07-29-30,2026-07-30,0,prior_day_level,overnight_reclaim,short,at_level,33.0,prior_day,0,5.5,,,0,,,,,,pullback_continuation,,,7.5,860.75,860.75,114.77,stop
GB,GB-2026-07-29-30,2026-07-30,0,nyam_box,ny_box_fail,short,at_level,52.0,ny_box_09_10,1,3.75,,,0,,,,,,pullback_continuation,,,5.75,369.25,465.5,80.96,stop
GB,GB-2026-07-29-30,2026-07-30,0,nyam_box,ny_box_fail,short,at_level,62.0,ny_box_10_11_running,0,6.5,,,0,,,,,,pullback_continuation,,,8.5,173.25,244.0,28.71,stop
GB,GB-2026-07-29-30,2026-07-30,0,prior_week_level,weekly_level,long,at_level,62.0,prior_week,0,24.0,,,0,,,,,,pullback_continuation,,,26.0,1152.25,1152.25,44.32,stop
GB,GB-2026-07-29-30,2026-07-30,0,prior_week_level,weekly_level,long,at_level,69.0,prior_week,1,10.0,,,0,,,,,,pullback_continuation,,,12.0,1152.25,1152.25,96.02,stop
GB,GB-2026-07-29-30,2026-07-30,0,prior_week_level,weekly_level,short,at_level,74.0,prior_week,0,34.0,,,0,,,,,,pullback_continuation,,,36.0,,34.25,0.95,target
GB,GB-2026-07-29-30,2026-07-30,0,prior_day_level,overnight_reclaim,short,at_level,76.0,prior_day,1,68.25,,,0,,,,,,pullback_continuation,,,70.25,860.75,860.75,12.25,stop
GB,GB-2026-07-29-30,2026-07-30,0,prior_day_level,overnight_reclaim,short,at_level,80.0,prior_day,2,17.75,,,0,,,,,,pullback_continuation,,,19.75,860.75,860.75,43.58,stop
GB,GB-2026-07-29-30,2026-07-30,0,nyam_box,ny_box_fail,long,at_level,86.0,ny_box_10_11_running,0,44.25,,,0,,,,,,pullback_continuation,,,46.25,179.75,1298.0,28.06,stop
GB,GB-2026-07-29-30,2026-07-30,0,nyam_box,ny_box_fail,long,at_level,92.0,ny_box_10_11,0,9.75,,,0,,,,,,pullback_continuation,,,11.75,224.0,1342.25,114.23,stop
GB,GB-2026-07-29-30,2026-07-30,0,nyam_box,ny_box_fail,long,at_level,106.0,ny_box_10_11,1,16.25,,,0,,,,,,pullback_continuation,,,18.25,224.0,1342.25,73.55,stop
GB,GB-2026-07-29-30,2026-07-30,0,nyam_box,ny_box_fail,long,stop_at_level,122.0,ny_box_10_11,2,26.25,,,0,,,,,,pullback_continuation,,,28.25,224.0,1342.25,47.51,open
GB,GB-2026-07-29-30,2026-07-30,0,previous_hour,previous_hour_fail,short,approach_reject,135.0,hour_box_11_running,0,0.0,,,0,,,,,,pullback_continuation,,,21.0,93.25,93.5,4.45,stop
GB,GB-2026-07-29-30,2026-07-30,0,nyam_box,ny_box_fail,short,at_level,155.0,ny_box_09_10,2,84.25,,,0,,,,,,pullback_continuation,,,86.25,369.25,465.5,5.4,stop
GB,GB-2026-07-29-30,2026-07-30,0,previous_hour,previous_hour_fail,short,five_minute_close,190.0,hour_box_11,1,3.75,,,0,,,,,,pullback_continuation,,,26.0,121.25,121.5,4.67,stop
GB,GB-2026-07-29-30,2026-07-30,0,previous_hour,previous_hour_fail,long,five_minute_close,195.0,hour_box_12_running,0,4.5,,,0,,,,,,pullback_continuation,,,16.25,124.0,143.75,8.85,target
GB,GB-2026-07-29-30,2026-07-30,0,previous_hour,previous_hour_fail,short,approach_reject,204.0,hour_box_11,0,0.0,,,0,,,,,,pullback_continuation,,,24.75,117.5,117.75,4.76,stop
GB,GB-2026-07-29-30,2026-07-30,0,previous_hour,previous_hour_fail,short,approach_reject,213.0,hour_box_12,0,0.0,,,0,,,,,,pullback_continuation,,,22.25,97.25,129.25,5.81,stop
GB,GB-2026-07-29-30,2026-07-30,0,previous_hour,previous_hour_fail,short,approach_reject,213.0,hour_box_12,1,0.0,,,0,,,,,,pullback_continuation,,,24.25,97.25,129.25,5.33,stop
GB,GB-2026-07-29-30,2026-07-30,0,previous_hour,previous_hour_fail,long,approach_reject,245.0,hour_box_13_running,0,0.0,,,0,,,,,,pullback_continuation,,,12.5,44.0,48.75,3.9,stop
GB,GB-2026-07-29-30,2026-07-30,0,prior_day_level,overnight_reclaim,long,at_level,255.0,prior_day,2,38.75,,,0,,,,,,pullback_continuation,,,40.75,,34.25,0.84,target
GB,GB-2026-07-29-30,2026-07-30,0,previous_hour,previous_hour_fail,short,five_minute_close,260.0,hour_box_12,2,8.75,,,0,,,,,,pullback_continuation,,,20.0,129.0,161.0,8.05,stop
GB,GB-2026-07-29-30,2026-07-30,0,previous_hour,previous_hour_fail,short,approach_reject,260.0,hour_box_13_running,0,0.0,,,1,prior_week_low,,,,,pullback_continuation,,,20.0,57.5,161.0,8.05,stop
GB,GB-2026-07-29-30,2026-07-30,0,previous_hour,previous_hour_fail,short,approach_reject,286.0,hour_box_13,0,0.0,,,1,prior_week_low,,,,,pullback_continuation,,,20.25,60.75,164.25,8.11,stop
GB,GB-2026-07-29-30,2026-07-30,0,previous_hour,previous_hour_fail,long,approach_reject,291.0,hour_box_13,0,0.0,,,0,,,,,,pullback_continuation,,,12.0,36.25,40.25,3.35,stop
GB,GB-2026-07-29-30,2026-07-30,0,previous_hour,previous_hour_fail,short,approach_reject,302.0,hour_box_13,1,0.0,,,1,prior_week_low,,,,,pullback_continuation,,,19.25,55.75,159.25,8.27,stop
GB,GB-2026-07-29-30,2026-07-30,0,previous_hour,previous_hour_fail,short,approach_reject,302.0,hour_box_14_running,0,0.0,,,0,,,,,,pullback_continuation,,,19.25,19.5,159.25,8.27,stop
GB,GB-2026-07-29-30,2026-07-30,0,previous_hour,previous_hour_fail,long,approach_reject,311.0,hour_box_13,1,0.0,,,0,,,,,,pullback_continuation,,,15.75,38.5,42.5,2.7,stop
GB,GB-2026-07-29-30,2026-07-30,0,previous_hour,previous_hour_fail,long,five_minute_close,315.0,hour_box_14_running,0,13.75,,,1,ny_box_09_10_high,,,,,pullback_continuation,,,21.0,37.5,45.0,2.14,target
GB,GB-2026-07-29-30,2026-07-30,0,previous_hour,previous_hour_fail,short,approach_reject,332.0,hour_box_14,0,0.0,,,0,,,,,,pullback_continuation,,,7.75,46.0,172.0,22.19,stop
GB,GB-2026-07-29-30,2026-07-30,0,nyam_box,ny_box_fail,short,at_level,361.0,ny_box_10_11,0,51.25,,,0,,,,,,pullback_continuation,,,53.25,224.0,250.5,4.7,open
GB,GB-2026-07-29-30,2026-07-30,0,previous_hour,previous_hour_fail,long,approach_reject,368.0,hour_box_15_running,0,0.0,,,1,prior_day_high,,,,,pullback_continuation,,,11.5,68.5,1135.5,98.74,stop
GB,GB-2026-07-29-30,2026-07-30,0,prior_week_level,weekly_level,long,at_level,382.0,prior_week,2,5.5,,,0,,,,,,pullback_continuation,,,7.5,1152.25,1152.25,153.63,stop
GB,GB-2026-07-29-30,2026-07-30,0,nyam_box,ny_box_fail,short,at_level,389.0,ny_box_10_11,1,16.0,,,0,,,,,,pullback_continuation,,,18.0,224.0,250.5,13.92,open
GB,GB-2026-08-11-12,2026-08-12,0,nyam_box,ny_box_fail,long,at_level,-925.0,prev_ny_box_09_10,0,5.0,,,0,,,,,,pullback_continuation,,,7.0,219.5,255.0,36.43,stop
GB,GB-2026-08-11-12,2026-08-12,1,nyam_box,ny_box_fail,long,at_level,-808.0,prev_ny_box_09_10,1,5.75,,,0,,,,,,pullback_continuation,,,7.75,219.5,255.0,32.9,target
GB,GB-2026-08-11-12,2026-08-12,0,nyam_box,ny_box_fail,long,at_level,-798.0,prev_ny_box_09_10,2,5.25,,,0,,,,,,pullback_continuation,,,7.25,219.5,255.0,35.17,target
GB,GB-2026-08-11-12,2026-08-12,0,golden_pocket,pocket_continuation,short,pocket_retest_after_failure,-574.0,golden_pocket,0,0.0,,,0,,,,,,pullback_continuation,,,48.46,,144.5,2.98,stop
GB,GB-2026-08-11-12,2026-08-12,0,asia_tdo_case,asia_fade,long,at_level,-555.0,tdo,0,3.0,,,1,london_box_low,,,,,pullback_continuation,,,5.0,,15.25,3.05,stop
GB,GB-2026-08-11-12,2026-08-12,0,asia_tdo_case,asia_fade,short,at_level,-550.0,tdo,0,3.75,,,1,london_box_low,,,,,pullback_continuation,,,5.75,,63.0,10.96,stop
GB,GB-2026-08-11-12,2026-08-12,0,asia_tdo_case,asia_fade,long,at_level,-522.0,tdo,1,11.25,,,1,london_box_low,,,,,pullback_continuation,,,13.25,,15.25,1.15,target
GB,GB-2026-08-11-12,2026-08-12,0,asia_box,asia_fade,short,at_level,-506.0,asia_box,0,5.5,,,0,,,,,,pullback_continuation,,,7.5,85.5,176.5,23.53,stop
GB,GB-2026-08-11-12,2026-08-12,0,asia_tdo_case,asia_fade,long,at_level,-499.0,tdo,2,26.5,,,1,london_box_low,,,,,pullback_continuation,,,28.5,,15.25,0.54,target
GB,GB-2026-08-11-12,2026-08-12,0,asia_tdo_case,asia_fade,short,at_level,-498.0,tdo,1,20.75,,,1,london_box_low,,,,,pullback_continuation,,,22.75,,63.0,2.77,stop
GB,GB-2026-08-11-12,2026-08-12,0,asia_tdo_case,asia_fade,short,tdo_close,-495.0,asia_box,0,5.5,,,0,,,,,,pullback_continuation,,,32.5,60.5,151.5,4.66,stop
GB,GB-2026-08-11-12,2026-08-12,0,asia_box,asia_fade,short,at_level,-428.0,asia_box,1,14.25,,,0,,,,,,pullback_continuation,,,16.25,85.5,176.5,10.86,stop
GB,GB-2026-08-11-12,2026-08-12,0,nyam_box,ny_box_fail,long,at_level,-409.0,prev_ny_box_10_11,0,20.0,,,0,,,,,,pullback_continuation,,,22.0,86.5,133.0,6.05,target
GB,GB-2026-08-11-12,2026-08-12,0,london_box,london_reclaim,short,at_level,-380.0,london_box_running,0,3.75,,,0,,,,,,pullback_continuation,,,5.75,51.75,55.25,9.61,stop
GB,GB-2026-08-11-12,2026-08-12,0,nyam_box,ny_box_fail,short,at_level,-264.0,prev_ny_box_10_11,0,43.5,,,0,,,,,,pullback_continuation,,,45.5,86.5,94.75,2.08,stop
GB,GB-2026-08-11-12,2026-08-12,0,nyam_box,ny_box_fail,short,at_level,-84.0,prev_ny_box_09_10,0,7.0,,,1,ny_box_09_10_low,,,,,pullback_continuation,,,9.0,219.5,226.75,25.19,stop
GB,GB-2026-08-11-12,2026-08-12,0,prior_day_level,overnight_reclaim,long,at_level,-55.0,prior_day,0,136.5,,,0,,,,,,pullback_continuation,,,138.5,,187.25,1.35,open
GB,GB-2026-08-11-12,2026-08-12,0,prior_day_level,overnight_reclaim,long,post_open_retest,5.0,prior_day,1,13.0,,,0,,,,,,pullback_continuation,,,15.0,,187.25,12.48,stop
GB,GB-2026-08-11-12,2026-08-12,0,cash_open_reclaim_case,cash_open,short,next_bar_open,2.0,cash_open,0,9.0,,,0,,,,,,pullback_continuation,,,28.75,74.88,224.75,7.82,open
GB,GB-2026-08-11-12,2026-08-12,0,cash_open_reclaim_case,cash_open,long,next_bar_open,3.0,cash_open,0,62.75,,,0,,,,,,pullback_continuation,,,78.75,87.12,62.75,0.8,stop
GB,GB-2026-08-11-12,2026-08-12,0,golden_pocket,pocket_continuation,long,pocket_retest_after_failure,44.0,golden_pocket,0,0.0,,,0,,,,,,pullback_continuation,,,41.68,,115.75,2.78,stop
GB,GB-2026-08-11-12,2026-08-12,0,prior_day_level,overnight_reclaim,long,at_level,7.0,prior_day,2,19.5,,,0,,,,,,pullback_continuation,,,21.5,,187.25,8.71,stop
GB,GB-2026-08-11-12,2026-08-12,0,prior_day_level,overnight_reclaim,short,at_level,34.0,prior_day,1,84.0,,,0,,,,,,pullback_continuation,,,86.0,353.25,1573.25,18.29,open
GB,GB-2026-08-11-12,2026-08-12,0,cash_open_reclaim_case,cash_open,short,next_bar_open,8.0,cash_open,0,30.25,,,0,,,,,,pullback_continuation,,,18.25,29.88,179.75,9.85,stop
GB,GB-2026-08-11-12,2026-08-12,0,prior_day_level,overnight_reclaim,long,at_level,15.0,prior_day,3,33.5,,,0,,,,,,pullback_continuation,,,35.5,,187.25,5.27,stop
GB,GB-2026-08-11-12,2026-08-12,0,nyam_box,ny_box_fail,long,at_level,62.0,ny_box_09_10,0,5.5,,,1,prev_ny_box_09_10_high,,,,,pullback_continuation,,,7.5,148.5,220.75,29.43,stop
GB,GB-2026-08-11-12,2026-08-12,0,nyam_box,ny_box_fail,long,at_level,62.0,ny_box_09_10,1,25.0,,,1,prev_ny_box_09_10_high,,,,,pullback_continuation,,,27.0,148.5,220.75,8.18,stop
GB,GB-2026-08-11-12,2026-08-12,0,nyam_box,ny_box_fail,long,at_level,62.0,ny_box_10_11_running,0,19.5,,,1,prev_ny_box_09_10_high,,,,,pullback_continuation,,,21.5,98.0,154.0,7.16,stop
GB,GB-2026-08-11-12,2026-08-12,0,prior_day_level,overnight_reclaim,short,at_level,64.0,prior_day,2,59.0,,,0,,,,,,pullback_continuation,,,61.0,353.25,1573.25,25.79,open
GB,GB-2026-08-11-12,2026-08-12,0,nyam_box,ny_box_fail,short,approach_reject,77.0,ny_box_10_11_running,0,0.0,,,1,ny_box_10_11_high,,,,,pullback_continuation,,,11.5,91.75,115.25,10.02,stop
GB,GB-2026-08-11-12,2026-08-12,0,nyam_box,ny_box_fail,long,at_level,91.0,ny_box_09_10,2,4.75,,,1,prev_ny_box_09_10_high,,,,,pullback_continuation,,,6.75,148.5,220.75,32.7,stop
GB,GB-2026-08-11-12,2026-08-12,0,prior_day_level,overnight_reclaim,short,at_level,103.0,prior_day,3,5.25,,,0,,,,,,pullback_continuation,,,7.25,353.25,1573.25,217.0,stop
GB,GB-2026-08-11-12,2026-08-12,0,nyam_box,ny_box_fail,long,at_level,124.0,ny_box_10_11,0,9.25,,,0,,,,,,pullback_continuation,,,11.25,117.5,173.5,15.42,open
GB,GB-2026-08-11-12,2026-08-12,0,nyam_box,ny_box_fail,long,at_level,138.0,ny_box_10_11,1,9.25,,,0,,,,,,pullback_continuation,,,11.25,117.5,173.5,15.42,open
GB,GB-2026-08-11-12,2026-08-12,0,previous_hour,previous_hour_fail,long,five_minute_close,140.0,hour_box_11_running,0,20.5,,,0,,,,,,pullback_continuation,,,30.75,44.75,98.5,3.2,open
GB,GB-2026-08-11-12,2026-08-12,0,previous_hour,previous_hour_fail,short,approach_reject,144.0,hour_box_11_running,0,0.0,,,0,,,,,,pullback_continuation,,,6.25,31.25,45.0,7.2,stop
GB,GB-2026-08-11-12,2026-08-12,0,previous_hour,previous_hour_fail,long,approach_reject,183.0,hour_box_11,0,0.0,,,0,,,,,,pullback_continuation,,,12.0,28.25,82.0,6.83,stop
GB,GB-2026-08-11-12,2026-08-12,0,previous_hour,previous_hour_fail,long,approach_reject,187.0,hour_box_11,1,0.0,,,0,,,,,,pullback_continuation,,,9.25,33.5,87.25,9.43,stop
GB,GB-2026-08-11-12,2026-08-12,0,previous_hour,previous_hour_fail,short,five_minute_close,195.0,hour_box_12_running,0,7.0,,,1,prior_day_high,,,,,pullback_continuation,,,11.75,56.0,56.75,4.83,stop
GB,GB-2026-08-11-12,2026-08-12,0,nyam_box,ny_box_fail,short,approach_reject,202.0,ny_box_10_11,0,0.0,,,0,,,,,,pullback_continuation,,,8.0,81.5,105.0,13.12,stop
GB,GB-2026-08-11-12,2026-08-12,0,nyam_box,ny_box_fail,short,approach_reject,205.0,ny_box_10_11,1,0.0,,,0,,,,,,pullback_continuation,,,7.75,83.0,106.5,13.74,stop
GB,GB-2026-08-11-12,2026-08-12,0,previous_hour,previous_hour_fail,short,five_minute_close,220.0,hour_box_12,0,6.5,,,0,,,,,,pullback_continuation,,,17.25,80.25,81.0,4.7,stop
GB,GB-2026-08-11-12,2026-08-12,0,previous_hour,previous_hour_fail,short,five_minute_close,240.0,hour_box_12,1,2.0,,,0,,,,,,pullback_continuation,,,12.75,80.25,81.0,6.35,stop
GB,GB-2026-08-11-12,2026-08-12,0,previous_hour,previous_hour_fail,short,approach_reject,253.0,hour_box_13_running,0,0.0,,,0,,,,,,pullback_continuation,,,5.25,27.75,30.25,5.76,stop
GB,GB-2026-08-11-12,2026-08-12,0,previous_hour,previous_hour_fail,short,five_minute_close,255.0,hour_box_12,2,4.25,,,0,,,,,,pullback_continuation,,,9.25,86.0,86.75,9.38,stop
GB,GB-2026-08-11-12,2026-08-12,0,previous_hour,previous_hour_fail,long,approach_reject,267.0,hour_box_13_running,0,0.0,,,1,prior_day_high,,,,,pullback_continuation,,,8.5,16.5,37.75,4.44,stop
GB,GB-2026-08-11-12,2026-08-12,0,previous_hour,previous_hour_fail,long,approach_reject,276.0,hour_box_13,0,0.0,,,1,prior_day_high,,,,,pullback_continuation,,,4.5,22.75,44.0,9.78,stop
GB,GB-2026-08-11-12,2026-08-12,0,previous_hour,previous_hour_fail,long,approach_reject,276.0,hour_box_13,1,0.0,,,1,prior_day_high,,,,,pullback_continuation,,,5.5,22.75,44.0,8.0,stop
GB,GB-2026-08-11-12,2026-08-12,0,previous_hour,previous_hour_fail,short,approach_reject,283.0,hour_box_13,0,0.0,,,0,,,,,,pullback_continuation,,,6.75,24.5,27.0,4.0,stop
GB,GB-2026-08-11-12,2026-08-12,0,previous_hour,previous_hour_fail,short,five_minute_close,325.0,hour_box_14_running,0,13.5,,,0,,,,,,pullback_continuation,,,25.0,18.75,22.25,0.89,target
GB,GB-2026-08-11-12,2026-08-12,0,previous_hour,previous_hour_fail,long,five_minute_close,350.0,hour_box_14,0,6.0,,,1,prior_day_high,,,,,pullback_continuation,,,12.5,42.5,56.25,4.5,stop
GB,GB-2026-08-11-12,2026-08-12,0,previous_hour,previous_hour_fail,long,five_minute_close,365.0,hour_box_15_running,0,3.5,,,2,ny_box_09_10_low;prev_ny_box_09_10_high,,,,,pullback_continuation,,,8.25,46.25,87.0,10.55,stop
GB,GB-2026-08-11-12,2026-08-12,0,previous_hour,previous_hour_fail,short,approach_reject,381.0,hour_box_15_running,0,0.0,,,0,,,,,,pullback_continuation,,,24.0,16.25,19.75,0.82,target
GB,GB-2026-08-11-12,2026-08-12,0,nyam_box,ny_box_fail,long,at_level,388.0,ny_box_10_11,2,2.5,,,0,,,,,,pullback_continuation,,,4.5,117.5,173.5,38.56,open
GB,GB-2026-08-13,2026-08-13,0,nyam_box,ny_box_fail,long,at_level,-789.0,prev_ny_box_09_10,0,15.25,,,0,,,,,,pullback_continuation,,,17.25,148.5,220.75,12.8,stop
GB,GB-2026-08-13,2026-08-13,0,nyam_box,ny_box_fail,long,at_level,-788.0,prev_ny_box_09_10,1,3.0,,,0,,,,,,pullback_continuation,,,5.0,148.5,220.75,44.15,stop
GB,GB-2026-08-13,2026-08-13,0,nyam_box,ny_box_fail,long,at_level,-744.0,prev_ny_box_10_11,0,6.75,,,1,london_box_low,,,,,pullback_continuation,,,8.75,117.5,173.5,19.83,stop
GB,GB-2026-08-13,2026-08-13,0,nyam_box,ny_box_fail,long,at_level,-732.0,prev_ny_box_10_11,1,4.75,,,1,london_box_low,,,,,pullback_continuation,,,6.75,117.5,173.5,25.7,stop
GB,GB-2026-08-13,2026-08-13,0,asia_box,asia_fade,short,at_level,-555.0,asia_box,0,11.75,,,3,tdo;tdo_high;tdo_low,,,,,pullback_continuation,,,13.75,83.25,255.5,18.58,stop
GB,GB-2026-08-13,2026-08-13,0,asia_tdo_case,asia_fade,short,tdo_close,-555.0,asia_box,0,11.75,,,3,tdo;tdo_high;tdo_low,,,,,pullback_continuation,,,24.5,72.5,244.75,9.99,stop
GB,GB-2026-08-13,2026-08-13,0,nyam_box,ny_box_fail,long,at_level,-547.0,prev_ny_box_09_10,2,19.75,,,0,,,,,,pullback_continuation,,,21.75,148.5,220.75,10.15,stop
GB,GB-2026-08-13,2026-08-13,0,asia_box,asia_fade,short,at_level,-543.0,asia_box,1,4.5,,,3,tdo;tdo_high;tdo_low,,,,,pullback_continuation,,,6.5,83.25,255.5,39.31,stop
GB,GB-2026-08-13,2026-08-13,0,asia_tdo_case,asia_fade,long,at_level,-537.0,tdo,0,24.5,,,1,asia_box_high,,,,,pullback_continuation,,,26.5,,1.75,0.07,target
GB,GB-2026-08-13,2026-08-13,0,asia_tdo_case,asia_fade,long,at_level,-523.0,tdo,1,4.75,,,1,asia_box_high,,,,,pullback_continuation,,,6.75,,1.75,0.26,target
GB,GB-2026-08-13,2026-08-13,0,asia_tdo_case,asia_fade,long,at_level,-509.0,tdo,2,4.25,,,1,asia_box_high,,,,,pullback_continuation,,,6.25,,1.75,0.28,target
GB,GB-2026-08-13,2026-08-13,0,golden_pocket,pocket_continuation,long,pocket_near_limit,-450.0,golden_pocket,0,0.0,,,0,,,,,,pullback_continuation,,,10.29,,35.12,3.41,stop
GB,GB-2026-08-13,2026-08-13,0,golden_pocket,pocket_continuation,short,pocket_retest_after_failure,-449.0,golden_pocket,0,0.0,,,0,,,,,,pullback_continuation,,,38.11,,100.62,2.64,stop
GB,GB-2026-08-13,2026-08-13,0,london_box,london_reclaim,long,at_level,-378.0,london_box_running,0,2.0,,,0,,,,,,pullback_continuation,,,4.0,58.5,98.75,24.69,stop
GB,GB-2026-08-13,2026-08-13,0,london_box,london_reclaim,long,at_level,-252.0,london_box,0,6.0,,,1,prev_ny_box_10_11_low,,,,,pullback_continuation,,,8.0,78.5,118.75,14.84,stop
GB,GB-2026-08-13,2026-08-13,0,cash_open_reclaim_case,cash_open,long,next_bar_open,4.0,cash_open,0,15.25,,,4,asia_box_high;tdo;tdo_high;tdo_low,,,,,pullback_continuation,,,18.25,25.96,41.25,2.26,target
GB,GB-2026-08-13,2026-08-13,0,cash_open_reclaim_case,cash_open,short,next_bar_open,9.0,cash_open,0,318.5,,,0,,,,,,pullback_continuation,,,210.25,151.79,219.0,1.04,stop
GB,GB-2026-08-13,2026-08-13,0,prior_day_level,overnight_reclaim,long,at_level,15.0,prior_day,0,6.25,,,1,prev_ny_box_09_10_high,,,,,pullback_continuation,,,8.25,,72.25,8.76,target
GB,GB-2026-08-13,2026-08-13,0,prior_week_level,weekly_level,short,next_bar_open,19.0,prior_week,0,193.5,,,0,,,,,,pullback_continuation,,,160.5,1795.5,1795.5,11.19,stop
GB,GB-2026-08-13,2026-08-13,0,nyam_box,ny_box_fail,short,at_level,33.0,ny_box_09_10,0,5.75,,,0,,,,,,pullback_continuation,,,7.75,318.75,329.0,42.45,stop
GB,GB-2026-08-13,2026-08-13,0,nyam_box,ny_box_fail,short,at_level,76.0,ny_box_10_11_running,0,28.0,,,0,,,,,,pullback_continuation,,,30.0,83.75,165.5,5.52,stop
GB,GB-2026-08-13,2026-08-13,0,nyam_box,ny_box_fail,short,approach_reject,115.0,ny_box_10_11,1,0.0,,,0,,,,,,pullback_continuation,,,9.75,75.25,157.0,16.1,stop
GB,GB-2026-08-13,2026-08-13,0,nyam_box,ny_box_fail,long,approach_reject,120.0,ny_box_10_11,1,0.0,,,0,,,,,,pullback_continuation,,,10.75,79.25,79.25,7.37,stop
GB,GB-2026-08-13,2026-08-13,0,previous_hour,previous_hour_fail,long,five_minute_close,130.0,hour_box_11_running,0,15.0,,,0,,,,,,pullback_continuation,,,25.5,87.0,115.75,4.54,stop
GB,GB-2026-08-13,2026-08-13,0,nyam_box,ny_box_fail,long,at_level,158.0,ny_box_10_11,0,51.75,,,0,,,,,,pullback_continuation,,,53.75,111.75,111.75,2.08,target
GB,GB-2026-08-13,2026-08-13,0,previous_hour,previous_hour_fail,long,approach_reject,169.0,hour_box_11,0,0.0,,,0,,,,,,pullback_continuation,,,9.25,97.75,126.5,13.68,target
GB,GB-2026-08-13,2026-08-13,0,previous_hour,previous_hour_fail,short,approach_reject,183.0,hour_box_11,0,0.0,,,0,,,,,,pullback_continuation,,,14.75,83.25,113.25,7.68,stop
GB,GB-2026-08-13,2026-08-13,0,nyam_box,ny_box_fail,short,at_level,191.0,ny_box_09_10,1,17.75,,,0,,,,,,pullback_continuation,,,19.75,318.75,329.0,16.66,stop
GB,GB-2026-08-13,2026-08-13,0,previous_hour,previous_hour_fail,short,approach_reject,202.0,hour_box_11,1,0.0,,,0,,,,,,pullback_continuation,,,9.25,92.0,122.0,13.19,stop
GB,GB-2026-08-13,2026-08-13,0,previous_hour,previous_hour_fail,short,approach_reject,203.0,hour_box_12_running,0,0.0,,,0,,,,,,pullback_continuation,,,12.0,73.75,114.0,9.5,stop
GB,GB-2026-08-13,2026-08-13,0,previous_hour,previous_hour_fail,long,approach_reject,249.0,hour_box_13_running,0,0.0,,,0,,,,,,pullback_continuation,,,5.25,24.0,41.5,7.9,stop
GB,GB-2026-08-13,2026-08-13,0,previous_hour,previous_hour_fail,long,approach_reject,274.0,hour_box_13,0,0.0,,,0,,,,,,pullback_continuation,,,7.25,41.25,58.75,8.1,stop
GB,GB-2026-08-13,2026-08-13,0,previous_hour,previous_hour_fail,long,approach_reject,274.0,hour_box_13,1,0.0,,,0,,,,,,pullback_continuation,,,8.5,41.25,58.75,6.91,stop
GB,GB-2026-08-13,2026-08-13,0,previous_hour,previous_hour_fail,short,approach_reject,307.0,hour_box_13,0,0.0,,,0,,,,,,pullback_continuation,,,8.5,21.0,32.0,3.76,stop
GB,GB-2026-08-13,2026-08-13,0,previous_hour,previous_hour_fail,short,approach_reject,308.0,hour_box_13,1,0.0,,,0,,,,,,pullback_continuation,,,6.25,25.25,36.25,5.8,stop
GB,GB-2026-08-13,2026-08-13,1,nyam_box,ny_box_fail,short,at_level,341.0,ny_box_10_11,0,5.25,,,0,,,,,,pullback_continuation,,,7.25,111.75,193.5,26.69,open
GB,GB-2026-08-13,2026-08-13,0,previous_hour,previous_hour_fail,short,five_minute_close,345.0,hour_box_14,0,26.75,,,0,,,,,,pullback_continuation,,,36.0,57.75,83.0,2.31,open
GB,GB-2026-08-13,2026-08-13,0,previous_hour,previous_hour_fail,long,approach_reject,357.0,hour_box_14,0,0.0,,,1,ny_box_09_10_high,,,,,pullback_continuation,,,8.0,24.75,46.25,5.78,stop
GB,GB-2026-08-13,2026-08-13,0,previous_hour,previous_hour_fail,long,approach_reject,361.0,hour_box_14,1,0.0,,,1,ny_box_09_10_high,,,,,pullback_continuation,,,16.0,21.0,42.5,2.66,stop
GB,GB-2026-08-13,2026-08-13,0,previous_hour,previous_hour_fail,long,five_minute_close,370.0,hour_box_15_running,0,4.25,,,0,,,,,,pullback_continuation,,,11.0,52.75,52.75,4.8,stop
GB,GB-2026-08-27,2026-08-27,0,asia_tdo_case,asia_fade,short,at_level,-540.0,tdo,0,13.75,,,0,,,,,,sweep_and_fail,,,15.75,,105.5,6.7,target
GB,GB-2026-08-27,2026-08-27,0,asia_box,asia_fade,long,at_level,-453.0,asia_box,0,4.0,,,0,,,,,,sweep_and_fail,,,6.0,222.25,855.0,142.5,stop
GB,GB-2026-08-27,2026-08-27,0,golden_pocket,pocket_continuation,long,pocket_near_limit,-441.0,golden_pocket,0,0.0,,,1,london_box_low,,,,,sweep_and_fail,,,60.76,,249.0,4.1,target
GB,GB-2026-08-27,2026-08-27,0,golden_pocket,pocket_continuation,short,pocket_near_limit,-405.0,golden_pocket,0,0.0,,,0,,,,,,sweep_and_fail,,,16.54,,61.62,3.73,stop
GB,GB-2026-08-27,2026-08-27,0,asia_tdo_case,asia_fade,short,at_level,-369.0,tdo,1,4.25,,,0,,,,,,sweep_and_fail,,,6.25,,105.5,16.88,stop
GB,GB-2026-08-27,2026-08-27,0,asia_tdo_case,asia_fade,long,at_level,-358.0,tdo,1,5.0,,,0,,,,,,sweep_and_fail,,,7.0,,116.75,16.68,stop
GB,GB-2026-08-27,2026-08-27,0,asia_box,asia_fade,short,at_level,-283.0,asia_box,0,5.0,,,0,,,,,,sweep_and_fail,,,7.0,222.25,286.5,40.93,stop
GB,GB-2026-08-27,2026-08-27,0,asia_box,asia_fade,short,at_level,-283.0,asia_box,1,5.0,,,0,,,,,,sweep_and_fail,,,7.0,222.25,286.5,40.93,stop
GB,GB-2026-08-27,2026-08-27,0,asia_box,asia_fade,short,at_level,-278.0,asia_box,2,7.25,,,0,,,,,,sweep_and_fail,,,9.25,222.25,286.5,30.97,stop
GB,GB-2026-08-27,2026-08-27,0,golden_pocket,pocket_continuation,long,pocket_retest_after_failure,-114.0,golden_pocket,0,0.0,,,0,,,,,,sweep_and_fail,,,33.8,,82.38,2.44,stop
GB,GB-2026-08-27,2026-08-27,0,asia_tdo_case,asia_fade,long,at_level,-91.0,tdo,2,23.25,,,0,,,,,,sweep_and_fail,,,25.25,,116.75,4.62,stop
GB,GB-2026-08-27,2026-08-27,0,cash_open_reclaim_case,cash_open,long,next_bar_open,2.0,cash_open,0,75.5,,,0,,,,,,sweep_and_fail,,,132.0,14.22,57.0,0.43,stop
GB,GB-2026-08-27,2026-08-27,0,cash_open_reclaim_case,cash_open,short,next_bar_open,2.0,cash_open,0,34.75,,,0,,,,,,sweep_and_fail,,,34.0,12.97,58.25,1.71,target
GB,GB-2026-08-27,2026-08-27,0,cash_open_reclaim_case,cash_open,long,next_bar_open,17.0,cash_open,0,146.5,,,0,,,,,,sweep_and_fail,,,168.5,31.47,39.75,0.24,target
GB,GB-2026-08-27,2026-08-27,0,nyam_box,ny_box_fail,short,at_level,64.0,ny_box_09_10,0,18.5,,,0,,,,,,sweep_and_fail,,,20.5,181.25,203.25,9.91,stop
GB,GB-2026-08-27,2026-08-27,0,nyam_box,ny_box_fail,short,approach_reject,84.0,ny_box_10_11_running,0,0.0,,,1,ny_box_10_11_high,,,,,sweep_and_fail,,,30.0,98.75,144.75,4.83,stop
GB,GB-2026-08-27,2026-08-27,0,nyam_box,ny_box_fail,short,approach_reject,93.0,ny_box_10_11,1,0.0,,,0,,,,,,sweep_and_fail,,,9.5,129.5,175.5,18.47,stop
GB,GB-2026-08-27,2026-08-27,1,nyam_box,ny_box_fail,short,at_level,101.0,ny_box_10_11,0,11.5,,,0,,,,,,sweep_and_fail,,,13.5,145.0,191.0,14.15,stop
GB,GB-2026-08-27,2026-08-27,0,previous_hour,previous_hour_fail,long,five_minute_close,125.0,hour_box_11_running,0,8.5,,,0,,,,,,sweep_and_fail,,,15.5,57.0,76.75,4.95,stop
GB,GB-2026-08-27,2026-08-27,0,nyam_box,ny_box_fail,long,approach_reject,137.0,ny_box_10_11,0,0.0,,,0,,,,,,sweep_and_fail,,,9.5,104.5,135.75,14.29,target
GB,GB-2026-08-27,2026-08-27,0,previous_hour,previous_hour_fail,short,approach_reject,144.0,hour_box_11_running,0,0.0,,,0,,,,,,sweep_and_fail,,,11.0,75.75,108.75,9.89,stop
GB,GB-2026-08-27,2026-08-27,0,nyam_box,ny_box_fail,short,at_level,145.0,ny_box_09_10,1,30.0,,,0,,,,,,sweep_and_fail,,,32.0,181.25,203.25,6.35,stop
GB,GB-2026-08-27,2026-08-27,0,nyam_box,ny_box_fail,short,at_level,147.0,ny_box_09_10,2,5.0,,,0,,,,,,sweep_and_fail,,,7.0,181.25,203.25,29.04,stop
GB,GB-2026-08-27,2026-08-27,0,previous_hour,previous_hour_fail,short,approach_reject,155.0,hour_box_11,0,0.0,,,0,,,,,,sweep_and_fail,,,10.5,103.5,136.5,13.0,stop
GB,GB-2026-08-27,2026-08-27,0,previous_hour,previous_hour_fail,short,approach_reject,155.0,hour_box_11,1,0.0,,,0,,,,,,sweep_and_fail,,,10.75,103.5,136.5,12.7,stop
GB,GB-2026-08-27,2026-08-27,1,previous_hour,previous_hour_fail,short,approach_reject,184.0,hour_box_12_running,0,0.0,,,1,ny_box_10_11_high,,,,,sweep_and_fail,,,10.0,34.0,66.0,6.6,stop
GB,GB-2026-08-27,2026-08-27,0,previous_hour,previous_hour_fail,short,five_minute_close,240.0,hour_box_12,0,19.0,,,2,asia_box_high;london_box_high,,,,,sweep_and_fail,,,39.0,71.5,103.5,2.65,target
GB,GB-2026-08-27,2026-08-27,0,previous_hour,previous_hour_fail,long,approach_reject,262.0,hour_box_12,0,0.0,,,0,,,,,,sweep_and_fail,,,8.25,43.25,45.75,5.55,stop
GB,GB-2026-08-27,2026-08-27,0,previous_hour,previous_hour_fail,long,five_minute_close,265.0,hour_box_13_running,0,2.75,,,0,,,,,,sweep_and_fail,,,17.25,53.25,662.25,38.39,stop
GB,GB-2026-08-27,2026-08-27,0,nyam_box,ny_box_fail,short,at_level,267.0,ny_box_10_11,2,5.75,,,0,,,,,,sweep_and_fail,,,7.75,145.0,191.0,24.65,stop
GB,GB-2026-08-27,2026-08-27,0,previous_hour,previous_hour_fail,long,approach_reject,269.0,hour_box_12,1,0.0,,,0,,,,,,sweep_and_fail,,,7.75,46.75,49.25,6.35,stop
GB,GB-2026-08-27,2026-08-27,0,golden_pocket,pocket_continuation,long,pocket_near_limit,272.0,golden_pocket,0,0.0,,,0,,,,,,sweep_and_fail,,,21.71,,83.5,3.85,stop
GB,GB-2026-08-27,2026-08-27,0,previous_hour,previous_hour_fail,short,approach_reject,319.0,hour_box_14_running,0,0.0,,,1,ny_box_10_11_high,,,,,sweep_and_fail,,,10.75,47.0,95.0,8.84,stop
GB,GB-2026-08-27,2026-08-27,0,previous_hour,previous_hour_fail,long,approach_reject,326.0,hour_box_14_running,0,0.0,,,0,,,,,,sweep_and_fail,,,13.5,65.75,67.25,4.98,target
GB,GB-2026-08-27,2026-08-27,0,previous_hour,previous_hour_fail,short,at_level,371.0,hour_box_15_running,0,75.5,,,0,,,,,,sweep_and_fail,,,77.5,62.0,91.0,1.17,open
GB,GB-2026-08-28,2026-08-28,0,nyam_box,ny_box_fail,short,at_level,-918.0,prev_ny_box_10_11,0,4.0,,,0,,,,,,sweep_and_fail,short,True,6.0,145.0,199.75,33.29,stop
GB,GB-2026-08-28,2026-08-28,0,prior_day_level,overnight_reclaim,short,post_open_retest,31.0,prior_day,0,2.5,,,2,asia_box_high;ny_box_09_10_high,,,,,sweep_and_fail,short,True,4.5,302.75,501.75,111.5,stop
GB,GB-2026-08-28,2026-08-28,0,golden_pocket,pocket_continuation,long,pocket_near_limit,4.0,golden_pocket,0,0.0,,,1,ny_box_09_10_low,,,,,sweep_and_fail,short,False,35.42,,141.62,4.0,stop
GB,GB-2026-08-28,2026-08-28,0,nyam_box,ny_box_fail,short,at_level,-479.0,prev_ny_box_10_11,2,4.75,,,0,,,,,,sweep_and_fail,short,True,6.75,145.0,199.75,29.59,stop
GB,GB-2026-08-28,2026-08-28,0,nyam_box,ny_box_fail,short,at_level,-419.0,prev_ny_box_09_10,1,18.75,,,0,,,,,,sweep_and_fail,short,True,20.75,181.25,203.25,9.8,stop
GB,GB-2026-08-28,2026-08-28,0,london_box,london_reclaim,short,at_level,-387.0,london_box_running,0,8.25,,,0,,,,,,sweep_and_fail,short,True,10.25,50.75,51.0,4.98,target
GB,GB-2026-08-28,2026-08-28,0,nyam_box,ny_box_fail,short,at_level,-327.0,prev_ny_box_09_10,2,20.75,,,0,,,,,,sweep_and_fail,short,True,22.75,181.25,203.25,8.93,stop
GB,GB-2026-08-28,2026-08-28,0,london_box,london_reclaim,long,at_level,-319.0,london_box_running,0,8.5,,,0,,,,,,sweep_and_fail,short,False,10.5,66.75,81.25,7.74,target
GB,GB-2026-08-28,2026-08-28,0,asia_box,asia_fade,long,at_level,-304.0,asia_box,0,16.0,,,0,,,,,,sweep_and_fail,short,False,18.0,112.75,693.25,38.51,stop
GB,GB-2026-08-28,2026-08-28,0,london_box,london_reclaim,short,at_level,-47.0,london_box,0,9.5,,,0,,,,,,sweep_and_fail,short,True,11.5,75.25,175.0,15.22,stop
GB,GB-2026-08-28,2026-08-28,0,asia_tdo_case,asia_fade,short,at_level,-28.0,tdo,0,13.75,,,0,,,,,,sweep_and_fail,short,True,15.75,,14.5,0.92,target
GB,GB-2026-08-28,2026-08-28,0,london_box,london_reclaim,short,at_level,-8.0,london_box,1,28.25,,,0,,,,,,sweep_and_fail,short,True,30.25,75.25,175.0,5.79,stop
GB,GB-2026-08-28,2026-08-28,0,cash_open_reclaim_case,cash_open,long,next_bar_open,2.0,cash_open,0,59.25,,,1,prev_ny_box_10_11_high,,,,,sweep_and_fail,short,False,50.0,16.31,71.0,1.42,target
GB,GB-2026-08-28,2026-08-28,0,cash_open_reclaim_case,cash_open,long,next_bar_open,4.0,cash_open,0,30.5,,,1,asia_box_low,,,,,sweep_and_fail,short,False,22.75,43.56,98.25,4.32,target
GB,GB-2026-08-28,2026-08-28,0,cash_open_reclaim_case,cash_open,short,next_bar_open,9.0,cash_open,0,84.0,,,1,prev_ny_box_10_11_high,,,,,sweep_and_fail,short,True,86.25,26.19,28.5,0.33,target
GB,GB-2026-08-28,2026-08-28,0,cash_open_reclaim_case,cash_open,short,next_bar_open,14.0,cash_open,0,21.5,,,0,,,,,,sweep_and_fail,short,True,10.25,47.06,101.75,9.93,stop
GB,GB-2026-08-28,2026-08-28,0,cash_open_reclaim_case,cash_open,long,next_bar_open,17.0,cash_open,0,176.75,,,0,,,,,,sweep_and_fail,short,False,177.75,53.69,1.0,0.01,target
GB,GB-2026-08-28,2026-08-28,1,nyam_box,ny_box_fail,short,at_level,68.0,ny_box_09_10,0,2.75,,,2,asia_box_high;prior_day_high,,,,,sweep_and_fail,short,True,4.75,140.5,224.75,47.32,stop
GB,GB-2026-08-28,2026-08-28,0,nyam_box,ny_box_fail,short,at_level,68.0,ny_box_09_10,1,9.75,,,2,asia_box_high;prior_day_high,,,,,sweep_and_fail,short,True,11.75,140.5,224.75,19.13,stop
GB,GB-2026-08-28,2026-08-28,0,nyam_box,ny_box_fail,short,at_level,69.0,ny_box_10_11_running,0,7.0,,,3,asia_box_high;ny_box_09_10_high;prior_day_high,,,,,sweep_and_fail,short,True,9.0,201.0,227.5,25.28,stop
GB,GB-2026-08-28,2026-08-28,0,nyam_box,ny_box_fail,short,at_level,94.0,ny_box_10_11,0,12.5,,,0,,,,,,sweep_and_fail,short,True,14.5,294.0,320.5,22.1,target
GB,GB-2026-08-28,2026-08-28,0,nyam_box,ny_box_fail,short,stop_at_level,97.0,ny_box_10_11,1,4.75,,,0,,,,,,sweep_and_fail,short,True,6.75,294.0,320.5,47.48,target
GB,GB-2026-08-28,2026-08-28,0,previous_hour,previous_hour_fail,short,approach_reject,306.0,hour_box_13,0,0.0,,,0,,,,,,sweep_and_fail,short,True,12.25,60.5,73.0,5.96,stop
GB,GB-2026-08-28,2026-08-28,0,previous_hour,previous_hour_fail,short,approach_reject,341.0,hour_box_14,0,0.0,,,0,,,,,,sweep_and_fail,short,True,15.25,37.0,54.25,3.56,stop
GB,GB-2026-08-28,2026-08-28,0,previous_hour,previous_hour_fail,short,approach_reject,341.0,hour_box_14,1,0.0,,,0,,,,,,sweep_and_fail,short,True,16.25,37.0,54.25,3.34,stop
GB,GB-2026-08-28,2026-08-28,0,previous_hour,previous_hour_fail,short,five_minute_close,380.0,hour_box_15_running,0,10.0,,,1,ny_box_10_11_low,,,,,sweep_and_fail,short,True,25.25,47.0,66.75,2.64,stop
GB,GB-2026-08-31,2026-08-31,0,prior_day_level,overnight_reclaim,long,at_level,-893.0,prior_day,0,3.75,,,0,,,,,,sweep_and_fail,long,True,5.75,375.25,375.25,65.26,stop
GB,GB-2026-08-31,2026-08-31,0,prior_day_level,overnight_reclaim,short,at_level,-866.0,prior_day,0,17.25,,,0,,,,,,sweep_and_fail,long,False,19.25,,489.5,25.43,stop
GB,GB-2026-08-31,2026-08-31,0,asia_tdo_case,asia_fade,short,at_level,-547.0,tdo,0,4.5,,,1,ny_box_10_11_low,,,,,sweep_and_fail,long,False,6.5,,79.0,12.15,stop
GB,GB-2026-08-31,2026-08-31,0,asia_tdo_case,asia_fade,long,five_minute_close,-530.0,tdo,0,18.75,,,1,ny_box_10_11_low,,,,,sweep_and_fail,long,True,50.25,,16.5,0.33,target
GB,GB-2026-08-31,2026-08-31,0,golden_pocket,pocket_continuation,short,pocket_near_limit,-513.0,golden_pocket,0,0.0,,,0,,,,,,sweep_and_fail,long,False,33.59,,133.88,3.99,stop
GB,GB-2026-08-31,2026-08-31,0,prior_day_level,overnight_reclaim,long,post_open_retest,1.0,prior_day,2,10.0,,,0,,,,,,sweep_and_fail,long,True,12.0,375.25,375.25,31.27,stop
GB,GB-2026-08-31,2026-08-31,0,nyam_box,ny_box_fail,long,at_level,-423.0,prev_ny_box_10_11,1,3.75,,,0,,,,,,sweep_and_fail,long,True,5.75,294.0,306.5,53.3,stop
GB,GB-2026-08-31,2026-08-31,0,nyam_box,ny_box_fail,long,at_level,-383.0,prev_ny_box_10_11,2,4.25,,,0,,,,,,sweep_and_fail,long,True,6.25,294.0,306.5,49.04,stop
GB,GB-2026-08-31,2026-08-31,0,london_box,london_reclaim,short,at_level,-328.0,london_box_running,0,6.25,,,0,,,,,,sweep_and_fail,long,False,8.25,79.75,92.25,11.18,target
GB,GB-2026-08-31,2026-08-31,0,london_box,london_reclaim,long,at_level,-209.0,london_box,0,8.25,,,1,ny_box_10_11_high,,,,,sweep_and_fail,long,True,10.25,86.25,91.25,8.9,stop
GB,GB-2026-08-31,2026-08-31,0,london_box,london_reclaim,long,at_level,-142.0,london_box,1,12.0,,,1,ny_box_10_11_high,,,,,sweep_and_fail,long,True,14.0,86.25,91.25,6.52,stop
GB,GB-2026-08-31,2026-08-31,0,london_box,london_reclaim,long,at_level,-128.0,london_box,2,2.0,,,1,ny_box_10_11_high,,,,,sweep_and_fail,long,True,4.0,86.25,91.25,22.81,stop
GB,GB-2026-08-31,2026-08-31,0,prior_day_level,overnight_reclaim,short,post_open_retest,1.0,prior_day,2,3.75,,,0,,,,,,sweep_and_fail,long,False,5.75,,37.75,6.57,stop
GB,GB-2026-08-31,2026-08-31,0,asia_box,asia_fade,short,at_level,-36.0,asia_box,1,5.5,,,0,,,,,,sweep_and_fail,long,False,7.5,125.0,451.75,60.23,stop
GB,GB-2026-08-31,2026-08-31,1,cash_open_reclaim_case,cash_open,short,next_bar_open,3.0,cash_open,0,30.75,,,0,,,,,,sweep_and_fail,long,False,12.0,62.2,129.25,10.77,target
GB,GB-2026-08-31,2026-08-31,0,prior_day_level,overnight_reclaim,long,at_level,4.0,prior_day,3,18.75,,,0,,,,,,sweep_and_fail,long,True,20.75,375.25,375.25,18.08,stop
GB,GB-2026-08-31,2026-08-31,0,cash_open_reclaim_case,cash_open,long,next_bar_open,8.0,cash_open,0,57.5,,,2,london_box_low;ny_box_10_11_high,,,,,sweep_and_fail,long,True,31.75,1.45,68.5,2.16,stop
GB,GB-2026-08-31,2026-08-31,0,prior_day_level,overnight_reclaim,short,at_level,13.0,prior_day,3,6.0,,,0,,,,,,sweep_and_fail,long,False,8.0,,37.75,4.72,target
GB,GB-2026-08-31,2026-08-31,0,prior_day_level,overnight_reclaim,long,at_level,23.0,prior_day,4,23.5,,,0,,,,,,sweep_and_fail,long,True,25.5,375.25,375.25,14.72,stop
GB,GB-2026-08-31,2026-08-31,0,nyam_box,ny_box_fail,long,at_level,41.0,ny_box_09_10,0,6.5,,,0,,,,,,sweep_and_fail,long,True,8.5,139.25,157.5,18.53,stop
GB,GB-2026-08-31,2026-08-31,0,nyam_box,ny_box_fail,long,approach_reject,122.0,ny_box_10_11,0,0.0,,,3,tdo;tdo_high;tdo_low,,,,,sweep_and_fail,long,True,18.25,45.25,46.25,2.53,stop
GB,GB-2026-08-31,2026-08-31,0,nyam_box,ny_box_fail,long,approach_reject,130.0,ny_box_10_11,1,0.0,,,3,tdo;tdo_high;tdo_low,,,,,sweep_and_fail,long,True,15.25,50.5,51.5,3.38,stop
GB,GB-2026-08-31,2026-08-31,0,nyam_box,ny_box_fail,long,at_level,151.0,ny_box_09_10,1,22.5,,,0,,,,,,sweep_and_fail,long,True,24.5,139.25,157.5,6.43,target
GB,GB-2026-08-31,2026-08-31,0,nyam_box,ny_box_fail,long,at_level,168.0,ny_box_09_10,2,15.0,,,0,,,,,,sweep_and_fail,long,True,17.0,139.25,157.5,9.26,target
GB,GB-2026-08-31,2026-08-31,0,previous_hour,previous_hour_fail,long,approach_reject,191.0,hour_box_12_running,0,0.0,,,0,,,,,,sweep_and_fail,long,True,12.5,22.0,31.5,2.52,target
GB,GB-2026-08-31,2026-08-31,0,previous_hour,previous_hour_fail,long,approach_reject,238.0,hour_box_12,0,0.0,,,0,,,,,,sweep_and_fail,long,True,6.25,40.0,44.5,7.12,stop
GB,GB-2026-08-31,2026-08-31,0,previous_hour,previous_hour_fail,long,approach_reject,242.0,hour_box_12,1,0.0,,,0,,,,,,sweep_and_fail,long,True,7.5,46.0,50.5,6.73,stop
GB,GB-2026-08-31,2026-08-31,0,previous_hour,previous_hour_fail,long,five_minute_close,250.0,hour_box_13_running,0,5.25,,,0,,,,,,sweep_and_fail,long,True,30.75,24.25,31.0,1.01,target
GB,GB-2026-08-31,2026-08-31,0,prior_day_level,overnight_reclaim,long,at_level,268.0,prior_day,5,3.75,,,0,,,,,,sweep_and_fail,long,True,5.75,375.25,375.25,65.26,stop
GB,GB-2026-08-31,2026-08-31,0,previous_hour,previous_hour_fail,long,approach_reject,272.0,hour_box_13,0,0.0,,,0,,,,,,sweep_and_fail,long,True,20.0,17.25,56.25,2.81,stop
GB,GB-2026-08-31,2026-08-31,0,previous_hour,previous_hour_fail,long,approach_reject,301.0,hour_box_14_running,0,0.0,,,0,,,,,,sweep_and_fail,long,True,7.0,22.75,55.0,7.86,stop
GB,GB-2026-08-31,2026-08-31,0,previous_hour,previous_hour_fail,long,approach_reject,307.0,hour_box_13,1,0.0,,,0,,,,,,sweep_and_fail,long,True,7.0,45.5,84.5,12.07,stop
GB,GB-2026-09-01,2026-09-01,0,nyam_box,ny_box_fail,short,at_level,-809.0,prev_ny_box_09_10,0,2.75,,,1,asia_box_high,,,,,pullback_continuation,short,True,4.75,139.25,161.75,34.05,stop
GB,GB-2026-09-01,2026-09-01,0,nyam_box,ny_box_fail,short,at_level,-798.0,prev_ny_box_09_10,1,5.0,,,1,asia_box_high,,,,,pullback_continuation,short,True,7.0,139.25,161.75,23.11,stop
GB,GB-2026-09-01,2026-09-01,0,nyam_box,ny_box_fail,short,at_level,-787.0,prev_ny_box_09_10,2,2.0,,,1,asia_box_high,,,,,pullback_continuation,short,True,4.0,139.25,161.75,40.44,stop
GB,GB-2026-09-01,2026-09-01,0,asia_tdo_case,asia_fade,short,at_level,-561.0,tdo,0,3.0,,,0,,,,,,pullback_continuation,short,True,5.0,,39.5,7.9,stop
GB,GB-2026-09-01,2026-09-01,0,asia_tdo_case,asia_fade,long,at_level,-521.0,tdo,0,20.25,,,0,,,,,,pullback_continuation,short,False,22.25,,29.5,1.33,stop
GB,GB-2026-09-01,2026-09-01,0,asia_tdo_case,asia_fade,short,at_level,-518.0,tdo,1,6.75,,,0,,,,,,pullback_continuation,short,True,8.75,,39.5,4.51,target
GB,GB-2026-09-01,2026-09-01,0,asia_tdo_case,asia_fade,short,at_level,-479.0,tdo,2,84.0,,,0,,,,,,pullback_continuation,short,True,86.0,,39.5,0.46,target
GB,GB-2026-09-01,2026-09-01,0,prior_day_level,overnight_reclaim,short,at_level,-444.0,prior_day,0,25.0,,,0,,,,,,pullback_continuation,short,True,27.0,272.75,599.5,22.2,open
GB,GB-2026-09-01,2026-09-01,0,prior_day_level,overnight_reclaim,short,at_level,-375.0,prior_day,1,8.25,,,0,,,,,,pullback_continuation,short,True,10.25,272.75,599.5,58.49,stop
GB,GB-2026-09-01,2026-09-01,0,prior_day_level,overnight_reclaim,short,at_level,-368.0,prior_day,2,3.25,,,0,,,,,,pullback_continuation,short,True,5.25,272.75,599.5,114.19,stop
GB,GB-2026-09-01,2026-09-01,0,golden_pocket,pocket_continuation,long,pocket_near_limit,-354.0,golden_pocket,0,0.0,,,0,,,,,,pullback_continuation,short,False,16.63,,62.0,3.73,stop
GB,GB-2026-09-01,2026-09-01,0,london_box,london_reclaim,long,at_level,-341.0,london_box_running,0,23.0,,,0,,,,,,pullback_continuation,short,False,25.0,106.0,349.5,13.98,stop
GB,GB-2026-09-01,2026-09-01,0,asia_box,asia_fade,long,at_level,-329.0,asia_box,0,188.0,,,0,,,,,,pullback_continuation,short,False,190.0,87.0,111.5,0.59,stop
GB,GB-2026-09-01,2026-09-01,0,prior_day_level,overnight_reclaim,short,at_level,-288.0,prior_day,0,5.5,,,0,,,,,,pullback_continuation,short,True,7.5,,326.75,43.57,stop
GB,GB-2026-09-01,2026-09-01,0,prior_day_level,overnight_reclaim,short,at_level,-276.0,prior_day,1,3.25,,,0,,,,,,pullback_continuation,short,True,5.25,,326.75,62.24,stop
GB,GB-2026-09-01,2026-09-01,0,prior_day_level,overnight_reclaim,short,post_open_retest,132.0,prior_day,2,6.25,,,0,,,,,,pullback_continuation,short,True,8.25,,5.5,0.67,target
GB,GB-2026-09-01,2026-09-01,0,london_box,london_reclaim,long,at_level,-109.0,london_box,1,53.0,,,0,,,,,,pullback_continuation,short,False,55.0,337.0,580.5,10.55,stop
GB,GB-2026-09-01,2026-09-01,0,cash_open_reclaim_case,cash_open,long,next_bar_open,3.0,cash_open,0,21.5,,,1,ny_box_10_11_low,,,,,pullback_continuation,short,False,14.5,75.28,182.5,12.59,stop
GB,GB-2026-09-01,2026-09-01,0,cash_open_reclaim_case,cash_open,short,next_bar_open,7.0,cash_open,0,31.75,,,0,,,,,,pullback_continuation,short,True,42.25,73.72,33.5,0.79,target
GB,GB-2026-09-01,2026-09-01,0,cash_open_reclaim_case,cash_open,long,next_bar_open,24.0,cash_open,0,41.0,,,0,,,,,,pullback_continuation,short,False,37.0,30.28,137.5,3.72,target
GB,GB-2026-09-01,2026-09-01,0,golden_pocket,pocket_continuation,short,pocket_retest_after_failure,151.0,golden_pocket,0,0.0,,,0,,,,,,pullback_continuation,short,True,74.66,,255.5,3.42,target
GB,GB-2026-09-01,2026-09-01,0,nyam_box,ny_box_fail,short,at_level,38.0,ny_box_09_10,0,3.75,,,0,,,,,,pullback_continuation,short,True,5.75,117.75,211.25,36.74,stop
GB,GB-2026-09-01,2026-09-01,0,nyam_box,ny_box_fail,short,at_level,42.0,ny_box_09_10,1,2.0,,,0,,,,,,pullback_continuation,short,True,4.0,117.75,211.25,52.81,stop
GB,GB-2026-09-01,2026-09-01,0,nyam_box,ny_box_fail,short,at_level,49.0,ny_box_09_10,2,16.25,,,0,,,,,,pullback_continuation,short,True,18.25,117.75,211.25,11.58,stop
GB,GB-2026-09-01,2026-09-01,0,nyam_box,ny_box_fail,short,at_level,83.0,ny_box_10_11_running,0,33.0,,,1,london_box_low,,,,,pullback_continuation,short,True,35.0,149.75,194.75,5.56,stop
GB,GB-2026-09-01,2026-09-01,0,previous_hour,previous_hour_fail,short,five_minute_close,125.0,hour_box_11_running,0,3.75,,,0,,,,,,pullback_continuation,short,True,14.5,54.5,74.75,5.16,stop
GB,GB-2026-09-01,2026-09-01,0,nyam_box,ny_box_fail,short,at_level,131.0,ny_box_10_11,0,49.75,,,0,,,,,,pullback_continuation,short,True,51.75,182.75,227.75,4.4,target
GB,GB-2026-09-01,2026-09-01,1,prior_day_level,overnight_reclaim,short,at_level,158.0,prior_day,3,44.25,,,0,,,,,,pullback_continuation,short,True,46.25,,5.5,0.12,target
GB,GB-2026-09-01,2026-09-01,0,previous_hour,previous_hour_fail,short,approach_reject,247.0,hour_box_13_running,0,0.0,,,0,,,,,,pullback_continuation,short,True,14.0,49.25,64.5,4.61,target
GB,GB-2026-09-01,2026-09-01,0,golden_pocket,pocket_continuation,short,pocket_near_limit,335.0,golden_pocket,0,0.0,,,0,,,,,,pullback_continuation,short,True,25.04,,97.62,3.9,stop
GB,GB-2026-09-01,2026-09-01,0,previous_hour,previous_hour_fail,short,approach_reject,342.0,hour_box_14,0,0.0,,,0,,,,,,pullback_continuation,short,True,11.75,106.75,162.0,13.79,stop
GB,GB-2026-09-01,2026-09-01,0,previous_hour,previous_hour_fail,short,approach_reject,347.0,hour_box_14,1,0.0,,,0,,,,,,pullback_continuation,short,True,8.25,113.25,168.5,20.42,stop
GB,GB-2026-09-01,2026-09-01,0,previous_hour,previous_hour_fail,short,five_minute_close,385.0,hour_box_15_running,0,11.75,,,0,,,,,,pullback_continuation,short,True,39.25,33.25,63.5,1.62,open
GB,GB-2026-09-03,2026-09-03,1,asia_tdo_case,asia_fade,long,at_level,-545.0,tdo,0,2.75,,,0,,,,,,sweep_and_fail,,,4.75,,6.5,1.37,target
GB,GB-2026-09-03,2026-09-03,0,asia_box,asia_fade,short,at_level,-541.0,asia_box,0,12.0,,,0,,,,,,sweep_and_fail,,,14.0,110.25,124.0,8.86,target
GB,GB-2026-09-03,2026-09-03,0,asia_tdo_case,asia_fade,short,tdo_close,-540.0,asia_box,0,12.0,,,0,,,,,,sweep_and_fail,,,29.25,95.0,108.75,3.72,target
GB,GB-2026-09-03,2026-09-03,0,asia_tdo_case,asia_fade,short,at_level,-538.0,tdo,0,18.5,,,0,,,,,,sweep_and_fail,,,20.5,,23.5,1.15,target
GB,GB-2026-09-03,2026-09-03,0,golden_pocket,pocket_continuation,long,pocket_near_limit,-493.0,golden_pocket,0,0.0,,,1,asia_box_low,,,,,sweep_and_fail,,,30.05,,118.88,3.96,stop
GB,GB-2026-09-03,2026-09-03,0,asia_box,asia_fade,long,at_level,-474.0,asia_box,0,57.75,,,0,,,,,,sweep_and_fail,,,59.75,110.25,678.75,11.36,open
GB,GB-2026-09-03,2026-09-03,0,asia_box,asia_fade,long,at_level,-469.0,asia_box,1,14.25,,,0,,,,,,sweep_and_fail,,,16.25,110.25,678.75,41.77,open
GB,GB-2026-09-03,2026-09-03,0,golden_pocket,pocket_continuation,short,pocket_near_limit,-460.0,golden_pocket,0,0.0,,,0,,,,,,sweep_and_fail,,,23.24,,90.0,3.87,stop
