bar_open_ns,known_at_ns,previous-18:00 / HLC3,previous-18:00 / close,previous-18:00 / OHLC4,previous-18:00 / native-trades,midnight-00:00 / HLC3,midnight-00:00 / close,midnight-00:00 / OHLC4,midnight-00:00 / native-trades,london-02:00 / HLC3,london-02:00 / close,london-02:00 / OHLC4,london-02:00 / native-trades,cash-09:30 / HLC3,cash-09:30 / close,cash-09:30 / OHLC4,cash-09:30 / native-trades
1771887600000000000,1771887660000000000,24789.666666666668,24789.25,24789.25,24791.609011627905,,,,,,,,,,,,
1771887660000000000,1771887720000000000,24789.504329004332,24789.534090909092,24789.09780844156,24790.787337662336,,,,,,,,,,,,
1771887720000000000,1771887780000000000,24790.79264577894,24790.310704960837,24790.302545691906,24791.999347258483,,,,,,,,,,,,
1771887780000000000,1771887840000000000,24789.81730091614,24788.824524312895,24789.793076109938,24790.715909090908,,,,,,,,,,,,
1771887840000000000,1771887900000000000,24789.33219733853,24788.444011684518,24789.296738072055,24790.12390457644,,,,,,,,,,,,
1771887900000000000,1771887960000000000,24789.63667285096,24793.299010513296,24788.84639764997,24786.503401360544,,,,,,,,,,,,
1771887960000000000,1771888020000000000,24792.29256155055,24795.93006809848,24791.355487166056,24789.474201152436,,,,,,,,,,,,
1771888020000000000,1771888080000000000,24793.02715121136,24796.622807017542,24792.132268170426,24790.27380952381,,,,,,,,,,,,
1771888080000000000,1771888140000000000,24793.6969150641,24797.06730769231,24792.867548076923,24791.107932692306,,,,,,,,,,,,
1771888140000000000,1771888200000000000,24793.999335210385,24797.239206945098,24793.205771938057,24791.45225246363,,,,,,,,,,,,
1771888200000000000,1771888260000000000,24794.363051750377,24797.58299086758,24793.592551369864,24791.84098173516,,,,,,,,,,,,
1771888260000000000,1771888320000000000,24795.232245750503,24798.342156439066,24794.522012748486,24792.84280466724,,,,,,,,,,,,
1771888320000000000,1771888380000000000,24795.580939494863,24798.48532472939,24794.949391132388,24793.276019983346,,,,,,,,,,,,
1771888380000000000,1771888440000000000,24795.72638888889,24798.52693089431,24795.11267784553,24793.48800813008,,,,,,,,,,,,
1771888440000000000,1771888500000000000,24795.759018759018,24798.438410074774,24795.178817394728,24793.60606060606,,,,,,,,,,,,
1771888500000000000,1771888560000000000,24795.782234220336,24798.429618202856,24795.22285962206,24793.66747011184,,,,,,,,,,,,
1771888560000000000,1771888620000000000,24795.9453085957,24798.558095952023,24795.37823275862,24793.884464017992,,,,,,,,,,,,
1771888620000000000,1771888680000000000,24796.02682131207,24798.523196810438,24795.518303733235,24794.00453062704,,,,,,,,,,,,
1771888680000000000,1771888740000000000,24795.989169034092,24798.42658025568,24795.510342684658,24793.991566051136,,,,,,,,,,,,
1771888740000000000,1771888800000000000,24795.675879114704,24798.02317155376,24795.255350522413,24793.72328951803,,,,,,,,,,,,
1771888800000000000,1771888860000000000,24795.566064323608,24797.864389920425,24795.16082974138,24793.649618700263,,,,,,,,,,,,
1771888860000000000,1771888920000000000,24795.4035899935,24797.640513320337,24795.009035899933,24793.526397011046,,,,,,,,,,,,
1771888920000000000,1771888980000000000,24795.269163486006,24797.42763994911,24794.872395833332,24793.450381679388,,,,,,,,,,,,
1771888980000000000,1771889040000000000,24795.178649749374,24797.29338972431,24794.779389880954,24793.40765977444,,,,,,,,,,,,
1771889040000000000,1771889100000000000,24795.113402840736,24797.194620731338,24794.69216530674,24793.438274403143,,,,,,,,,,,,
1771889100000000000,1771889160000000000,24795.062642312645,24797.13097713098,24794.65870953371,24793.401395901397,,,,,,,,,,,,
1771889160000000000,1771889220000000000,24795.053352010225,24797.11589501622,24794.6505086995,24793.4026098496,,,,,,,,,,,,
1771889220000000000,1771889280000000000,24795.055247274144,24797.10995911215,24794.655684141355,24793.418662383177,,,,,,,,,,,,
1771889280000000000,1771889340000000000,24795.23839928899,24797.300729722145,24794.82028838058,24793.655837777154,,,,,,,,,,,,
1771889340000000000,1771889400000000000,24795.558577500455,24797.616047205644,24795.128696418884,24794.011733586543,,,,,,,,,,,,
1771889400000000000,1771889460000000000,24796.11881467954,24798.215627445865,24795.663073962955,24794.603117662406,,,,,,,,,,,,
1771889460000000000,1771889520000000000,24797.742755382875,24799.705985915494,24797.208975837784,24796.35630160272,,,,,,,,,,,,
1771889520000000000,1771889580000000000,24798.38283400173,24800.3423566879,24797.86131752772,24797.017810804435,,,,,,,,,,,,
1771889580000000000,1771889640000000000,24798.841038680846,24800.7226074896,24798.33042938049,24797.52063106796,,,,,,,,,,,,
1771889640000000000,1771889700000000000,24799.158060357902,24801.01364877161,24798.65558177889,24797.848896724292,,,,,,,,,,,,
1771889700000000000,1771889760000000000,24799.563819506395,24801.396074933094,24799.063433876003,24798.27347234612,,,,,,,,,,,,
1771889760000000000,1771889820000000000,24799.800007348622,24801.60934744268,24799.305596891536,24798.526840828923,,,,,,,,,,,,
1771889820000000000,1771889880000000000,24800.490661988802,24802.217999149478,24800.01824633213,24799.266213055496,,,,,,,,,,,,
1771889880000000000,1771889940000000000,24800.90916459713,24802.592611754968,24800.45492290977,24799.69862375828,,,,,,,,,,,,
1771889940000000000,1771890000000000000,24800.972840651415,24802.647083075655,24800.519970109257,24799.768501339928,,,,,,,,,,,,
1771890000000000000,1771890060000000000,24801.160393716855,24802.819818441454,24800.710934312527,24799.96761525908,,,,,,,,,,,,
1771890060000000000,1771890120000000000,24801.258571718405,24802.913927774396,24800.809748427673,24800.071515520387,,,,,,,,,,,,
1771890120000000000,1771890180000000000,24801.37638190955,24802.997939698493,24800.94326633166,24800.194773869345,,,,,,,,,,,,
1771890180000000000,1771890240000000000,24801.48592453576,24803.079612801263,24801.07314302647,24800.325612406163,,,,,,,,,,,,
1771890240000000000,1771890300000000000,24801.758317307696,24803.33625,24801.32829326923,24800.63846153846,,,,,,,,,,,,
1771890300000000000,1771890360000000000,24802.080305006835,24803.681606410733,24801.654561125604,24800.975400670886,,,,,,,,,,,,
1771890360000000000,1771890420000000000,24802.32248962909,24803.87564055637,24801.905129026356,24801.245287335285,,,,,,,,,,,,
1771890420000000000,1771890480000000000,24802.439884135474,24803.911408199645,24802.073507130124,24801.3991087344,,,,,,,,,,,,
1771890480000000000,1771890540000000000,24802.43757703821,24803.866921993307,24802.083245289665,24801.42067265364,,,,,,,,,,,,
1771890540000000000,1771890600000000000,24802.4408770103,24803.840029503644,24802.08654763971,24801.43730475529,,,,,,,,,,,,
1771890600000000000,1771890660000000000,24802.396916652368,24803.760940449632,24802.054906040845,24801.4125622104,,,,,,,,,,,,
1771890660000000000,1771890720000000000,24802.238169069173,24803.585945357023,24801.912378478042,24801.26097888032,,,,,,,,,,,,
1771890720000000000,1771890780000000000,24802.238421369206,24803.626763451444,24801.888923064304,24801.272596784776,,,,,,,,,,,,
1771890780000000000,1771890840000000000,24802.283820521105,24803.655805878552,24801.936187822997,24801.33894541344,,,,,,,,,,,,
1771890840000000000,1771890900000000000,24802.40317447794,24803.720885276944,24802.05348548209,24801.492228183684,,,,,,,,,,,,
1771890900000000000,1771890960000000000,24802.418512740514,24803.72406396256,24802.076365054603,24801.50686427457,,,,,,,,,,,,
1771890960000000000,1771891020000000000,24802.38805414291,24803.681769147788,24802.058695484666,24801.480466944056,,,,,,,,,,,,
1771891020000000000,1771891080000000000,24802.248057027507,24803.49417108251,24801.94460635882,24801.34977289932,,,,,,,,,,,,
1771891080000000000,1771891140000000000,24802.202110308142,24803.431534176452,24801.900001881964,24801.313271604937,,,,,,,,,,,,
1771891140000000000,1771891200000000000,24801.696641556813,24802.848073301462,24801.44297769086,24800.85698247139,,,,,,,,,,,,
1771891200000000000,1771891260000000000,24801.51383303287,24802.93998751907,24801.18112952434,24800.47628622937,,,,,,,,,,,,
1771891260000000000,1771891320000000000,24801.68357294995,24803.082634451544,24801.33414869542,24800.66623402556,,,,,,,,,,,,
1771891320000000000,1771891380000000000,24801.60160705029,24802.89537973043,24801.310442586833,24800.631836443757,,,,,,,,,,,,
1771891380000000000,1771891440000000000,24801.60944136955,24802.885860471102,24801.313014866777,24800.651531728665,,,,,,,,,,,,
1771891440000000000,1771891500000000000,24801.610982381433,24802.875469689377,24801.319733216435,24800.673158817637,,,,,,,,,,,,
1771891500000000000,1771891560000000000,24801.639074555438,24802.871054585965,24801.34610564426,24800.713207080084,,,,,,,,,,,,
1771891560000000000,1771891620000000000,24801.594107459325,24802.874123972935,24801.322989668923,24800.65076727888,,,,,,,,,,,,
1771891620000000000,1771891680000000000,24801.594577831136,24802.85549219688,24801.328593937575,24800.667917166866,,,,,,,,,,,,
1771891680000000000,1771891740000000000,24801.456085344696,24802.64827851396,24801.22641830336,24800.535464978704,,,,,,,,,,,,
1771891740000000000,1771891800000000000,24801.15713014547,24802.29807915506,24800.93302431523,24800.264856081707,,,,,,,,,,,,
1771891800000000000,1771891860000000000,24801.010199061464,24802.18258969119,24800.746473376475,24800.140071525882,,,,,,,,,,,,
1771891860000000000,1771891920000000000,24800.940585641147,24802.12431326382,24800.688957562506,24800.07192510371,,,,,,,,,,,,
1771891920000000000,1771891980000000000,24800.915336732058,24802.073894491856,24800.6694904688,24800.06314418708,,,,,,,,,,,,
1771891980000000000,1771892040000000000,24800.79944505095,24801.934443231443,24800.569739355895,24799.96233624454,,,,,,,,,,,,
1771892040000000000,1771892100000000000,24800.788784352117,24801.927289536656,24800.556769360453,24799.95488905808,,,,,,,,,,,,
1771892100000000000,1771892160000000000,24800.802344199776,24801.944840241795,24800.566257825994,24799.971664507768,,,,,,,,,,,,
1771892160000000000,1771892220000000000,24800.848815883197,24802.001816239317,24800.613014155984,24800.02374465812,,,,,,,,,,,,
1771892220000000000,1771892280000000000,24801.282262776236,24802.429915455203,24801.000090215486,24800.451644499433,,,,,,,,,,,,
1771892280000000000,1771892340000000000,24801.337915939952,24802.477044218733,24801.059492664408,24800.512234533704,,,,,,,,,,,,
1771892340000000000,1771892400000000000,24801.45147572092,24802.582469248755,24801.175027955676,24800.635127579542,,,,,,,,,,,,
1771892400000000000,1771892460000000000,24801.55854265443,24802.675754060325,24801.280540704127,24800.754110763643,,,,,,,,,,,,
1771892460000000000,1771892520000000000,24801.680433989794,24802.7574348518,24801.422108116174,24800.890715138252,,,,,,,,,,,,
1771892520000000000,1771892580000000000,24801.59987190713,24802.54932386419,24801.39918766417,24800.877882089695,,,,,,,,,,,,
1771892580000000000,1771892640000000000,24801.449149414224,24802.359990370725,24801.26369764083,24800.749590755895,,,,,,,,,,,,
1771892640000000000,1771892700000000000,24801.294895595332,24802.217131568927,24801.10422815118,24800.600128522467,,,,,,,,,,,,
1771892700000000000,1771892760000000000,24801.14416682352,24802.053900809336,24800.959515575003,24800.45560417843,,,,,,,,,,,,
1771892760000000000,1771892820000000000,24800.692517884014,24801.52083908999,24800.5561216266,24800.027102330292,,,,,,,,,,,,
1771892820000000000,1771892880000000000,24800.475413819295,24801.276013667426,24800.328388382688,24799.83248291572,,,,,,,,,,,,
1771892880000000000,1771892940000000000,24800.305999578562,24801.092138535176,24800.15732525061,24799.67231102682,,,,,,,,,,,,
1771892940000000000,1771893000000000000,24800.235909895324,24801.020718977772,24800.08702083146,24799.603414919464,,,,,,,,,,,,
1771893000000000000,1771893060000000000,24800.130120751346,24800.903734347048,24799.979377236137,24799.50686493739,,,,,,,,,,,,
1771893060000000000,1771893120000000000,24799.865132735587,24800.664183368495,24799.693296193742,24799.255713783405,,,,,,,,,,,,
1771893120000000000,1771893180000000000,24799.79952293418,24800.594165791317,24799.630509234943,24799.19178921569,,,,,,,,,,,,
1771893180000000000,1771893240000000000,24799.729026772482,24800.521627278278,24799.561584328945,24799.122678119824,,,,,,,,,,,,
1771893240000000000,1771893300000000000,24799.671456521744,24800.462739130435,24799.505092391304,24799.063369565218,,,,,,,,,,,,
1771893300000000000,1771893360000000000,24799.617837017777,24800.410511486778,24799.44894343303,24799.012006935413,,,,,,,,,,,,
1771893360000000000,1771893420000000000,24799.519313489338,24800.326974363386,24799.34549208534,24798.90689521679,,,,,,,,,,,,
1771893420000000000,1771893480000000000,24799.474106147652,24800.279066277973,24799.30274693475,24798.864400240076,,,,,,,,,,,,
1771893480000000000,1771893540000000000,24799.395472759832,24800.20153039475,24799.22683626055,24798.78713019013,,,,,,,,,,,,
1771893540000000000,1771893600000000000,24799.345942751,24800.170712657266,24799.164490627376,24798.741556193527,,,,,,,,,,,,
1771893600000000000,1771893660000000000,24799.368796992487,24800.18746867168,24799.17866019215,24798.77297410192,,,,,,,,,,,,
1771893660000000000,1771893720000000000,24799.379306999315,24800.195758835758,24799.191564449065,24798.782432432432,,,,,,,,,,,,
1771893720000000000,1771893780000000000,24799.382466760657,24800.194502031678,24799.19578219587,24798.78771042375,,,,,,,,,,,,
1771893780000000000,1771893840000000000,24799.39939041172,24800.21553005284,24799.209420409512,24798.80901172391,,,,,,,,,,,,
1771893840000000000,1771893900000000000,24799.43494050062,24800.244193680755,24799.247855970454,24798.850615510877,,,,,,,,,,,,
1771893900000000000,1771893960000000000,24799.455593178856,24800.25581347911,24799.27248898499,24798.87887565274,,,,,,,,,,,,
1771893960000000000,1771894020000000000,24799.47853494406,24800.27158667099,24799.293690205934,24798.90236338576,,,,,,,,,,,,
1771894020000000000,1771894080000000000,24799.564707062604,24800.362379614766,24799.37225120385,24798.99341894061,,,,,,,,,,,,
1771894080000000000,1771894140000000000,24799.603417266193,24800.404896083135,24799.411730615506,24799.030415667465,,,,,,,,,,,,
1771894140000000000,1771894200000000000,24799.8571456662,24800.67518090294,24799.64881233286,24799.29050652824,,,,,,,,,,,,
1771894200000000000,1771894260000000000,24799.975419757913,24800.78764154627,24799.77123194065,24799.414291292465,,,,,,,,,,,,
1771894260000000000,1771894320000000000,24800.149047766514,24800.967233103664,24799.941753116047,24799.589533173337,,,,,,,,,,,,
1771894320000000000,1771894380000000000,24800.294522565448,24801.096050407254,24800.092655025357,24799.742815429538,,,,,,,,,,,,
1771894380000000000,1771894440000000000,24800.390331780112,24801.17636162249,24800.19320525552,24799.84582919563,,,,,,,,,,,,
1771894440000000000,1771894500000000000,24800.455658537827,24801.235565600546,24800.263598723694,24799.91536883689,,,,,,,,,,,,
1771894500000000000,1771894560000000000,24800.50269809001,24801.257906031173,24800.324561403508,24799.980969053533,,,,,,,,,,,,
1771894560000000000,1771894620000000000,24800.51787186213,24801.271056575497,24800.34038965905,24799.99833270888,,,,,,,,,,,,
1771894620000000000,1771894680000000000,24800.544840707313,24801.302339028574,24800.36596284414,24800.024770573753,,,,,,,,,,,,
1771894680000000000,1771894740000000000,24800.672464731524,24801.439932786765,24800.48157175567,24800.1661311766,,,,,,,,,,,,
1771894740000000000,1771894800000000000,24800.74376792412,24801.504173100962,24800.55307375542,24800.241800867712,,,,,,,,,,,,
1771894800000000000,1771894860000000000,24800.835701965367,24801.561930617303,24800.656521026165,24800.335015669407,,,,,,,,,,,,
1771894860000000000,1771894920000000000,24800.853582107415,24801.495712235377,24800.704027628275,24800.37587011123,,,,,,,,,,,,
1771894920000000000,1771894980000000000,24800.8538974176,24801.503230988932,24800.69957158158,24800.37693680828,,,,,,,,,,,,
1771894980000000000,1771895040000000000,24800.86107949157,24801.50594052362,24800.707691555206,24800.38686326124,,,,,,,,,,,,
1771895040000000000,1771895100000000000,24800.873206646353,24801.52008437921,24800.718663582218,24800.39977309792,,,,,,,,,,,,
1771895100000000000,1771895160000000000,24800.870123613473,24801.48856105471,24800.723839361253,24800.40718415116,,,,,,,,,,,,
1771895160000000000,1771895220000000000,24800.87554886025,24801.496338985427,24800.72400066564,24800.41485075673,,,,,,,,,,,,
1771895220000000000,1771895280000000000,24800.902251184845,24801.520194452187,24800.74797445637,24800.447414273767,,,,,,,,,,,,
1771895280000000000,1771895340000000000,24800.985360980998,24801.606761504547,24800.83118197162,24800.53444475062,,,,,,,,,,,,
1771895340000000000,1771895400000000000,24801.019626659367,24801.64000274179,24800.86767855919,24800.56684831037,,,,,,,,,,,,
1771895400000000000,1771895460000000000,24801.030301478964,24801.648788395905,24800.881501706484,24800.578105802048,,,,,,,,,,,,
1771895460000000000,1771895520000000000,24801.049479343914,24801.66810726196,24800.898493330158,24800.60246375825,,,,,,,,,,,,
1771895520000000000,1771895580000000000,24801.129882659137,24801.732483004645,24800.97895352359,24800.698391330683,,,,,,,,,,,,
1771895580000000000,1771895640000000000,24801.14372718928,24801.746120776515,24800.993228152078,24800.712551219185,,,,,,,,,,,,
1771895640000000000,1771895700000000000,24801.157154978016,24801.75386831,24801.00872044343,24800.727778149907,,,,,,,,,,,,
1771895700000000000,1771895760000000000,24801.18486418278,24801.794215315134,24801.039993856677,24800.75124526798,,,,,,,,,,,,
1771895760000000000,1771895820000000000,24801.184254246993,24801.771421969897,24801.047638302087,24800.75339978875,,,,,,,,,,,,
1771895820000000000,1771895880000000000,24801.188484510378,24801.790069572067,24801.04808512733,24800.75680953006,,,,,,,,,,,,
1771895880000000000,1771895940000000000,24801.22320282763,24801.818874388253,24801.081561990213,24800.80039151713,,,,,,,,,,,,
1771895940000000000,1771896000000000000,24801.246771117763,24801.834368092575,24801.107199161357,24800.829784813417,,,,,,,,,,,,
1771896000000000000,1771896060000000000,24801.368723591368,24801.961392445788,24801.21160961328,24800.9794253909,,,,,,,,,,,,
1771896060000000000,1771896120000000000,24801.41279206482,24801.999871737316,24801.256757840056,24801.026502276665,,,,,,,,,,,,
1771896120000000000,1771896180000000000,24801.54920170473,24802.150499332103,24801.386974429108,24801.15603333121,,,,,,,,,,,,
1771896180000000000,1771896240000000000,24801.789195648074,24802.414816678196,24801.622437268095,24801.3938588768,,,,,,,,,,,,
1771896240000000000,1771896300000000000,24802.096077278547,24802.67065849734,24801.94555715435,24801.755306968684,,,,,,,,,,,,
1771896300000000000,1771896360000000000,24802.225204200702,24802.792175888964,24802.07312073942,24801.88713689124,,,,,,,,,,,,
1771896360000000000,1771896420000000000,24802.312862108927,24802.871836311522,24802.166036470087,24801.978014270902,,,,,,,,,,,,
1771896420000000000,1771896480000000000,24802.381042754772,24802.94361107737,24802.231340337665,24802.046368274016,,,,,,,,,,,,
1771896480000000000,1771896540000000000,24802.476044374587,24803.03681760474,24802.323242246537,24802.146575176837,,,,,,,,,,,,
1771896540000000000,1771896600000000000,24802.54832961915,24803.103896886107,24802.39695386376,24802.22361922544,,,,,,,,,,,,
1771896600000000000,1771896660000000000,24802.737756550545,24803.272845566924,24802.622441887976,24802.387354350267,,,,,,,,,,,,
1771896660000000000,1771896720000000000,24802.7810892189,24803.338809635174,24802.67934035898,24802.40189429373,,,,,,,,,,,,
1771896720000000000,1771896780000000000,24802.80431677743,24803.358954179785,24802.70158927947,24802.427043255215,,,,,,,,,,,,
1771896780000000000,1771896840000000000,24802.82007212238,24803.378555225965,24802.715167510032,24802.4433635782,,,,,,,,,,,,
1771896840000000000,1771896900000000000,24802.909478106692,24803.48498207678,24802.79725803654,24802.52750635985,,,,,,,,,,,,
1771896900000000000,1771896960000000000,24803.03878840081,24803.609790410566,24802.926765719207,24802.662015503876,,,,,,,,,,,,
1771896960000000000,1771897020000000000,24803.10151766478,24803.670622890808,24802.993658125037,24802.720299719727,,,,,,,,,,,,
1771897020000000000,1771897080000000000,24803.200009483167,24803.77573257468,24803.087916073968,24802.821778093883,,,,,,,,,,,,
1771897080000000000,1771897140000000000,24803.252804100703,24803.826051183114,24803.141299721956,24802.876610111784,,,,,,,,,,,,
1771897140000000000,1771897200000000000,24803.345820404327,24803.919125528915,24803.237595204515,24802.973737658675,,,,,,,,,,,,
1771897200000000000,1771897260000000000,24803.436435148942,24804.00982831898,24803.339220305334,24803.068700369087,,,,,,,,,,,,
1771897260000000000,1771897320000000000,24803.531256952174,24804.121510011122,24803.425601362625,24803.16099833148,,,,,,,,,,,,
1771897320000000000,1771897380000000000,24803.965946631626,24804.588375403822,24803.836424738543,24803.58402234025,,,,,,,,,,,,
1771897380000000000,1771897440000000000,24804.099334350427,24804.716667574783,24803.97453413611,24803.722552171308,,,,,,,,,,,,
1771897440000000000,1771897500000000000,24804.17617237009,24804.78798207496,24804.054338674632,24803.800611080933,,,,,,,,,,,,
1771897500000000000,1771897560000000000,24804.221641008964,24804.832190481353,24804.101088193842,24803.846677146572,,,,,,,,,,,,
1771897560000000000,1771897620000000000,24804.24971130598,24804.857407708132,24804.13050097434,24803.875230053047,,,,,,,,,,,,
1771897620000000000,1771897680000000000,24804.32970624147,24804.933244451626,24804.213800904978,24803.956609566903,,,,,,,,,,,,
1771897680000000000,1771897740000000000,24804.403339222932,24805.00473844836,24804.293050945013,24804.027841730473,,,,,,,,,,,,
1771897740000000000,1771897800000000000,24804.486835092208,24805.094193049783,24804.371572193795,24804.107198059908,,,,,,,,,,,,
1771897800000000000,1771897860000000000,24804.535999149208,24805.140766244815,24804.4223219983,24804.157276932892,,,,,,,,,,,,
1771897860000000000,1771897920000000000,24804.581052408234,24805.188003925312,24804.468567658605,24804.20121207299,,,,,,,,,,,,
1771897920000000000,1771897980000000000,24804.612111264076,24805.214669596528,24804.501029201525,24804.236431748384,,,,,,,,,,,,
1771897980000000000,1771898040000000000,24804.638777325654,24805.238691010938,24804.528645695715,24804.263502087408,,,,,,,,,,,,
1771898040000000000,1771898100000000000,24804.66274111586,24805.260682069948,24804.552470723214,24804.288191697,,,,,,,,,,,,
1771898100000000000,1771898160000000000,24804.69401788062,24805.29420194583,24804.584338022614,24804.319169077044,,,,,,,,,,,,
1771898160000000000,1771898220000000000,24804.707501575962,24805.307115465435,24804.59768990334,24804.333223891572,,,,,,,,,,,,
1771898220000000000,1771898280000000000,24804.776422232684,24805.375241905956,24804.66618285475,24804.405408232647,,,,,,,,,,,,
1771898280000000000,1771898340000000000,24804.825564308572,24805.42540953673,24804.713689482473,24804.4561769616,,,,,,,,,,,,
1771898340000000000,1771898400000000000,24804.85195266375,24805.44958585122,24804.740909564494,24804.483342883934,,,,,,,,,,,,
1771898400000000000,1771898460000000000,24805.001901878593,24805.610942917767,24804.882277596647,24804.631967085857,,,,,,,,,,,,
1771898460000000000,1771898520000000000,24805.107721692853,24805.717035797064,24804.991823332475,24804.735951583825,,,,,,,,,,,,
1771898520000000000,1771898580000000000,24805.135661008233,24805.743441358023,24805.020286779836,24804.764210390946,,,,,,,,,,,,
1771898580000000000,1771898640000000000,24805.17153287796,24805.77887627754,24805.055380437574,24804.80114015716,,,,,,,,,,,,
1771898640000000000,1771898700000000000,24805.246633771374,24805.840312931432,24805.137588203714,24804.872398629646,,,,,,,,,,,,
1771898700000000000,1771898760000000000,24805.28583205848,24805.881960734318,24805.17674337073,24804.91064507904,,,,,,,,,,,,
1771898760000000000,1771898820000000000,24805.328678029342,24805.922297125413,24805.21869435258,24804.95566013737,,,,,,,,,,,,
1771898820000000000,1771898880000000000,24805.342980003392,24805.936845449924,24805.232826004067,24804.97023385867,,,,,,,,,,,,
1771898880000000000,1771898940000000000,24805.362270811114,24805.955000253947,24805.251841129564,24804.99017217736,,,,,,,,,,,,
1771898940000000000,1771899000000000000,24805.40364279802,24806.000810824506,24805.293923883848,24805.028087467694,,,,,,,,,,,,
1771899000000000000,1771899060000000000,24805.4649657113,24806.05830763787,24805.35368119092,24805.0922382854,,,,,,,,,,,,
1771899060000000000,1771899120000000000,24805.501245036678,24806.0951822128,24805.38893410559,24805.128457500505,,,,,,,,,,,,
1771899120000000000,1771899180000000000,24805.533353496656,24806.12487397923,24805.42176315657,24805.161772860167,,,,,,,,,,,,
1771899180000000000,1771899240000000000,24805.652709442045,24806.255911738128,24805.536295687318,24805.28017371222,,,,,,,,,,,,
1771899240000000000,1771899300000000000,24805.820856638704,24806.414689872152,24805.706161980623,24805.454454654413,,,,,,,,,,,,
1771899300000000000,1771899360000000000,24805.914903151923,24806.50674699995,24805.799382562367,24805.549718667527,,,,,,,,,,,,
1771899360000000000,1771899420000000000,24806.001075695898,24806.588744911132,24805.887663216166,24805.637064343166,,,,,,,,,,,,
1771899420000000000,1771899480000000000,24806.070018160808,24806.659262010897,24805.95672672115,24805.70492818227,,,,,,,,,,,,
1771899480000000000,1771899540000000000,24806.164106743057,24806.754049782696,24806.04940920091,24805.800770446465,,,,,,,,,,,,
1771899540000000000,1771899600000000000,24806.334959609372,24806.927985056285,24806.219630216783,24805.97135378263,,,,,,,,,,,,
1771899600000000000,1771899660000000000,24806.8414813736,24807.43026021944,24806.715973638216,24806.48272890572,,,,,,,,,,,,
1771899660000000000,1771899720000000000,24807.286706873634,24807.87965543755,24807.15486688452,24806.93093132779,,,,,,,,,,,,
1771899720000000000,1771899780000000000,24807.37683227034,24807.96747470388,24807.24566609121,24807.02225099506,,,,,,,,,,,,
1771899780000000000,1771899840000000000,24807.494838992512,24808.086142993783,24807.364598278335,24807.13976566236,,,,,,,,,,,,
1771899840000000000,1771899900000000000,24807.960130331758,24808.578376777252,24807.81267772512,24807.58901658768,,,,,,,,,,,,
1771899900000000000,1771899960000000000,24808.39172348931,24809.010345638373,24808.245253350575,24808.02285445568,,,,,,,,,,,,
1771899960000000000,1771900020000000000,24808.58639921264,24809.204339879085,24808.439298519006,24808.218165627783,,,,,,,,,,,,
1771900020000000000,1771900080000000000,24808.7862535413,24809.403170822825,24808.641554590457,24808.418196039973,,,,,,,,,,,,
1771900080000000000,1771900140000000000,24808.919221212833,24809.532296762172,24808.77516305614,24808.553447472626,,,,,,,,,,,,
1771900140000000000,1771900200000000000,24809.137308804657,24809.748561685148,24808.99502969424,24808.773117431447,,,,,,,,,,,,
1771900200000000000,1771900260000000000,24809.278511714718,24809.888795058072,24809.13745314886,24808.9155175605,,,,,,,,,,,,
1771900260000000000,1771900320000000000,24809.461253534984,24810.066707395796,24809.32269284858,24809.100435724824,,,,,,,,,,,,
1771900320000000000,1771900380000000000,24809.54006107761,24810.14408866995,24809.401109525345,24809.179837484466,,,,,,,,,,,,
1771900380000000000,1771900440000000000,24810.52838678505,24811.187024370356,24810.35548786012,24810.17831581808,,,,,,,,,,,,
1771900440000000000,1771900500000000000,24810.80971921597,24811.46801722583,24810.639666756855,24810.459607233042,,,,,,,,,,,,
1771900500000000000,1771900560000000000,24810.98652577938,24811.6479653777,24810.81642311151,24810.633644334528,,,,,,,,,,,,
1771900560000000000,1771900620000000000,24811.708205493058,24812.357708212905,24811.536064853928,24811.369847480993,,,,,,,,,,,,
1771900620000000000,1771900680000000000,24811.938220046082,24812.59011653669,24811.76456708614,24811.597671481744,,,,,,,,,,,,
1771900680000000000,1771900740000000000,24812.05876824414,24812.709763379036,24811.88516696152,24811.71876382132,,,,,,,,,,,,
1771900740000000000,1771900800000000000,24812.244388340096,24812.891063238665,24812.07268698183,24811.90580349268,,,,,,,,,,,,
1771900800000000000,1771900860000000000,24812.835853846602,24813.47415109986,24812.678367231147,24812.508314420393,,,,,,,,,,,,
1771900860000000000,1771900920000000000,24813.050608828005,24813.689910850186,24812.891359534682,24812.723026744945,,,,,,,,,,,,
1771900920000000000,1771900980000000000,24813.131861212438,24813.769172311968,24812.973646213304,24812.80478113601,,,,,,,,,,,,
1771900980000000000,1771901040000000000,24813.340015281265,24813.970331286222,24813.185661923708,24813.01166637834,,,,,,,,,,,,
1771901040000000000,1771901100000000000,24813.444101568122,24814.07449287872,24813.29002481657,24813.11518126888,,,,,,,,,,,,
1771901100000000000,1771901160000000000,24813.646117200376,24814.283462282398,24813.493009886093,24813.314592735867,,,,,,,,,,,,
1771901160000000000,1771901220000000000,24814.28715977002,24814.93547667601,24814.119397357463,24813.955391282183,,,,,,,,,,,,
1771901220000000000,1771901280000000000,24814.49592343391,24815.137425415767,24814.33242880115,24814.16395835978,,,,,,,,,,,,
1771901280000000000,1771901340000000000,24814.552555377075,24815.193819749747,24814.38874915455,24814.221476580995,,,,,,,,,,,,
1771901340000000000,1771901400000000000,24814.595716297084,24815.23619852165,24814.4320749736,24814.265174234424,,,,,,,,,,,,
1771901400000000000,1771901460000000000,24814.821631832016,24815.453845830354,24814.659799613102,24814.494101938682,,,,,,,,,,,,
1771901460000000000,1771901520000000000,24814.857896285095,24815.489063287947,24814.696298747687,24814.53082450832,,,,,,,,,,,,
1771901520000000000,1771901580000000000,24814.909208261623,24815.5397128584,24814.747977100036,24814.582427270052,,,,,,,,,,,,
1771901580000000000,1771901640000000000,24815.05146535483,24815.68362989324,24814.88815417626,24814.727370734767,,,,,,,,,,,,
1771901640000000000,1771901700000000000,24815.121862413074,24815.753961617258,24814.958964857633,24814.797936614123,,,,,,,,,,,,
1771901700000000000,1771901760000000000,24815.291329748812,24815.918847949317,24815.12770402634,24814.969489829946,,,,,,,,,,,,
1771901760000000000,1771901820000000000,24815.32835603316,24815.95554791953,24815.16491992586,24815.00664334208,,,,,,,,,,,,
1771901820000000000,1771901880000000000,24815.397566555745,24816.024916805323,24815.233615848585,24815.07649750416,,,,,,,,,,,,
1771901880000000000,1771901940000000000,24815.486107650144,24816.113256915025,24815.32182386411,24815.16515076003,,,,,,,,,,,,
1771901940000000000,1771902000000000000,24815.615307588196,24816.237714427778,24815.451888414686,24815.29778528217,,,,,,,,,,,,
1771902000000000000,1771902060000000000,24815.764255609276,24816.383785793976,24815.60151956531,24815.448152968886,,,,,,,,,,,,
1771902060000000000,1771902120000000000,24815.840833127015,24816.46088140629,24815.677637822893,24815.52536725262,,,,,,,,,,,,
1771902120000000000,1771902180000000000,24816.262239647316,24816.87687331095,24816.103026983867,24815.95199000901,,,,,,,,,,,,
1771902180000000000,1771902240000000000,24816.3404782348,24816.953961893858,24816.182266538555,24816.030511489083,,,,,,,,,,,,
1771902240000000000,1771902300000000000,24816.549890015893,24817.161717381565,24816.38940740967,24816.244103629477,,,,,,,,,,,,
1771902300000000000,1771902360000000000,24816.64451515398,24817.25192135654,24816.485333136792,24816.340852716326,,,,,,,,,,,,
1771902360000000000,1771902420000000000,24816.814956693288,24817.41968665126,24816.65490595484,24816.511563095384,,,,,,,,,,,,
1771902420000000000,1771902480000000000,24816.924067106313,24817.529079176275,24816.763841687905,24816.620453534004,,,,,,,,,,,,
1771902480000000000,1771902540000000000,24816.944265820057,24817.548997007198,24816.784106305106,24816.640863867997,,,,,,,,,,,,
1771902540000000000,1771902600000000000,24816.9951984592,24817.599832316457,24816.835362034828,24816.692179482,,,,,,,,,,,,
1771902600000000000,1771902660000000000,24817.0722879008,24817.673831907683,24816.913353877502,24816.771989993544,,,,,,,,,,,,
1771902660000000000,1771902720000000000,24817.12618231896,24817.725261991134,24816.967873337366,24816.827408303103,,,,,,,,,,,,
1771902720000000000,1771902780000000000,24817.17561645123,24817.7752989973,24817.016875226513,24816.876917810976,,,,,,,,,,,,
1771902780000000000,1771902840000000000,24817.245207453583,24817.843474763726,24817.086831389504,24816.94691333199,,,,,,,,,,,,
1771902840000000000,1771902900000000000,24817.31035256153,24817.908311239655,24817.151675604564,24817.01263356632,,,,,,,,,,,,
1771902900000000000,1771902960000000000,24817.386200141736,24817.983553291346,24817.22815546151,24817.0885615147,,,,,,,,,,,,
1771902960000000000,1771903020000000000,24817.410361534352,24818.00726744186,24817.25236818364,24817.112961106654,,,,,,,,,,,,
1771903020000000000,1771903080000000000,24818.181044148103,24818.799602310948,24818.01120355348,24817.887301650113,,,,,,,,,,,,
1771903080000000000,1771903140000000000,24818.55599895158,24819.160359740516,24818.391551995282,24818.262011008446,,,,,,,,,,,,
1771903140000000000,1771903200000000000,24818.682927307676,24819.289072613865,24818.51838393943,24818.387460280097,,,,,,,,,,,,
1771903200000000000,1771903260000000000,24818.855405387785,24819.461723517445,24818.6903800266,24818.562754263807,,,,,,,,,,,,
1771903260000000000,1771903320000000000,24818.9905090876,24819.596961476913,24818.82608260802,24818.698148003594,,,,,,,,,,,,
1771903320000000000,1771903380000000000,24819.355800447534,24819.96308835513,24819.190148325637,24819.062667339254,,,,,,,,,,,,
1771903380000000000,1771903440000000000,24819.647384649055,24820.248329599875,24819.483382898194,24819.35828634327,,,,,,,,,,,,
1771903440000000000,1771903500000000000,24820.076768432224,24820.666599547425,24819.914339067233,24819.795065776856,,,,,,,,,,,,
1771903500000000000,1771903560000000000,24820.186117810703,24820.775630718577,24820.02463774358,24819.90448298304,,,,,,,,,,,,
1771903560000000000,1771903620000000000,24820.305885611677,24820.895554748986,24820.145323126002,24820.02422251089,,,,,,,,,,,,
1771903620000000000,1771903680000000000,24820.553130310178,24821.146323137793,24820.393695788633,24820.27180818687,,,,,,,,,,,,
1771903680000000000,1771903740000000000,24820.702361527467,24821.294046218645,24820.543332353052,24820.423139680486,,,,,,,,,,,,
1771903740000000000,1771903800000000000,24820.821915906137,24821.41051615102,24820.663126727763,24820.54457151513,,,,,,,,,,,,
1771903800000000000,1771903860000000000,24820.97795043174,24821.562995619664,24820.821263027716,24820.70078732724,,,,,,,,,,,,
1771903860000000000,1771903920000000000,24821.029136957535,24821.614101935338,24820.872538386087,24820.751980608893,,,,,,,,,,,,
1771903920000000000,1771903980000000000,24821.09752942211,24821.682090508308,24820.940818229774,24820.82040581785,,,,,,,,,,,,
1771903980000000000,1771904040000000000,24821.150846383578,24821.73579844903,24820.993870934348,24820.87335303418,,,,,,,,,,,,
1771904040000000000,1771904100000000000,24821.21978782866,24821.802607338897,24821.063945127455,24820.943210015794,,,,,,,,,,,,
1771904100000000000,1771904160000000000,24821.353983075216,24821.93313833577,24821.199298290023,24821.079705253684,,,,,,,,,,,,
1771904160000000000,1771904220000000000,24821.431474963807,24822.010764564926,24821.277187546802,24821.157003519544,,,,,,,,,,,,
1771904220000000000,1771904280000000000,24821.499545069302,24822.078054890815,24821.34571773108,24821.225312219565,,,,,,,,,,,,
1771904280000000000,1771904340000000000,24821.565675803522,24822.144297557697,24821.411779259095,24821.29090111285,,,,,,,,,,,,
1771904340000000000,1771904400000000000,24821.671661075914,24822.250130450986,24821.517336004472,24821.397717107717,,,,,,,,,,,,
1771904400000000000,1771904460000000000,24821.843211573956,24822.421695589164,24821.687720634684,24821.570380141948,,,,,,,,,,,,
1771904460000000000,1771904520000000000,24821.991716393022,24822.567834772617,24821.837061265334,24821.721415069864,,,,,,,,,,,,
1771904520000000000,1771904580000000000,24822.033819735076,24822.610005184993,24821.87921743639,24821.763388393025,,,,,,,,,,,,
1771904580000000000,1771904640000000000,24822.08420286638,24822.65893028935,24821.930263912527,24821.814040183526,,,,,,,,,,,,
1771904640000000000,1771904700000000000,24822.14259930022,24822.716135053222,24821.989038937758,24821.87266225606,,,,,,,,,,,,
1771904700000000000,1771904760000000000,24822.2310407596,24822.80445170098,24822.077528872407,24821.961358940294,,,,,,,,,,,,
1771904760000000000,1771904820000000000,24822.264067627868,24822.837014639183,24822.110508315203,24821.994487259853,,,,,,,,,,,,
1771904820000000000,1771904880000000000,24822.329356018763,24822.901027472933,24822.176504842748,24822.060101642484,,,,,,,,,,,,
1771904880000000000,1771904940000000000,24822.422700874813,24822.995350290377,24822.2707789642,24822.152107990885,,,,,,,,,,,,
1771904940000000000,1771905000000000000,24822.479237039217,24823.050980320164,24822.3270005691,24822.20917168453,,,,,,,,,,,,
1771905000000000000,1771905060000000000,24822.512383503345,24823.083308872094,24822.36038517282,24822.24270749248,,,,,,,,,,,,
1771905060000000000,1771905120000000000,24822.61962729736,24823.19021380977,24822.468740847184,24822.349564325985,,,,,,,,,,,,
1771905120000000000,1771905180000000000,24822.65418480714,24823.22483810778,24822.50334531519,24822.384178465592,,,,,,,,,,,,
1771905180000000000,1771905240000000000,24822.799278904622,24823.37261053553,24822.648694002626,24822.524569531593,,,,,,,,,,,,
1771905240000000000,1771905300000000000,24822.925261421264,24823.494814033045,24822.77503821239,24822.65200342092,,,,,,,,,,,,
1771905300000000000,1771905360000000000,24822.96672242222,24823.535589614923,24822.816781662485,24822.69392931166,,,,,,,,,,,,
1771905360000000000,1771905420000000000,24823.01845932169,24823.58640887791,24822.868586308985,24822.746412873697,,,,,,,,,,,,
1771905420000000000,1771905480000000000,24823.046449922556,24823.61399941911,24822.896533727853,24822.774506244557,,,,,,,,,,,,
1771905480000000000,1771905540000000000,24823.072038972357,24823.638834458234,24822.922368277814,24822.800593294145,,,,,,,,,,,,
1771905540000000000,1771905600000000000,24823.090452094224,24823.656830383054,24822.940782791644,24822.81912906268,,,,,,,,,,,,
1771905600000000000,1771905660000000000,24823.128315028946,24823.69400848164,24822.97898165936,24822.857053535827,,,,,,,,,,,,
1771905660000000000,1771905720000000000,24823.181469814383,24823.74735679629,24823.031833858353,24822.91051126077,,,,,,,,,,,,
1771905720000000000,1771905780000000000,24823.216177588023,24823.781904692984,24823.066658826934,24822.945200274997,,,,,,,,,,,,
1771905780000000000,1771905840000000000,24823.27205014217,24823.83873066358,24823.122395456845,24823.00005421425,,,,,,,,,,,,
1771905840000000000,1771905900000000000,24823.33357399854,24823.89967871196,24823.183750135373,24823.061992346848,,,,,,,,,,,,
1771905900000000000,1771905960000000000,24823.394868096882,24823.960176672073,24823.24566206959,24823.123372994407,,,,,,,,,,,,
1771905960000000000,1771906020000000000,24823.42086201306,24823.98630581282,24823.271521045805,24823.14932069624,,,,,,,,,,,,
1771906020000000000,1771906080000000000,24823.4567817872,24824.022066767502,24823.307642790263,24823.185465283776,,,,,,,,,,,,
1771906080000000000,1771906140000000000,24823.603703504185,24824.168812627948,24823.45378775635,24823.33323456524,,,,,,,,,,,,
1771906140000000000,1771906200000000000,24823.76487668912,24824.32931349377,24823.614368464405,24823.494690946853,,,,,,,,,,,,
1771906200000000000,1771906260000000000,24823.84226179834,24824.40660873297,24823.691963487465,24823.5718181168,,,,,,,,,,,,
1771906260000000000,1771906320000000000,24823.90752580635,24824.470478979893,24823.758067828698,24823.637041468726,,,,,,,,,,,,
1771906320000000000,1771906380000000000,24823.943588782615,24824.506273201026,24823.79417564963,24823.67320459737,,,,,,,,,,,,
1771906380000000000,1771906440000000000,24824.007085308913,24824.569275605147,24823.85822252326,24823.737077109552,,,,,,,,,,,,
1771906440000000000,1771906500000000000,24824.097223704983,24824.658561972883,24823.949107683,24823.827746343544,,,,,,,,,,,,
1771906500000000000,1771906560000000000,24824.15867867976,24824.719318666477,24824.010980149986,24823.889563193065,,,,,,,,,,,,
1771906560000000000,1771906620000000000,24824.218432729867,24824.778798367057,24824.070937610933,24823.9498313809,,,,,,,,,,,,
1771906620000000000,1771906680000000000,24824.31952217343,24824.87536306319,24824.173723522952,24824.052821266647,,,,,,,,,,,,
1771906680000000000,1771906740000000000,24824.43746467431,24824.994498021762,24824.292393051433,24824.169422071496,,,,,,,,,,,,
1771906740000000000,1771906800000000000,24824.559514999895,24825.1227799704,24824.41130673409,24824.29109697653,,,,,,,,,,,,
1771906800000000000,1771906860000000000,24824.681266554166,24825.243451585684,24824.532454205048,24824.413525771743,,,,,,,,,,,,
1771906860000000000,1771906920000000000,24824.81332935827,24825.377178983552,24824.664877152678,24824.544623127917,,,,,,,,,,,,
1771906920000000000,1771906980000000000,24824.878764523863,24825.441942546855,24824.730489139954,24824.610492205287,,,,,,,,,,,,
1771906980000000000,1771907040000000000,24824.94819402168,24825.510347783493,24824.800341573075,24824.68090689619,,,,,,,,,,,,
1771907040000000000,1771907100000000000,24824.99557785081,24825.55753163672,24824.847818202474,24824.728535971477,,,,,,,,,,,,
1771907100000000000,1771907160000000000,24825.042224046203,24825.603759910588,24824.894666183507,24824.775426984736,,,,,,,,,,,,
1771907160000000000,1771907220000000000,24825.137174749278,24825.695577519786,24824.989922166442,24824.87111703797,,,,,,,,,,,,
1771907220000000000,1771907280000000000,24825.23425500569,24825.79240620867,24825.086117491475,24824.969957193567,,,,,,,,,,,,
1771907280000000000,1771907340000000000,24825.289640046827,24825.84680839968,24825.141735910718,24825.025649271636,,,,,,,,,,,,
1771907340000000000,1771907400000000000,24825.351972427692,24825.90749904504,24825.204882453032,24825.087951869984,,,,,,,,,,,,
1771907400000000000,1771907460000000000,24825.47864913558,24826.03176211759,24825.330323424452,24825.217813463605,,,,,,,,,,,,
1771907460000000000,1771907520000000000,24825.673071392423,24826.218827650468,24825.529386388735,24825.411512976258,,,,,,,,,,,,
1771907520000000000,1771907580000000000,24825.736802348296,24826.28173467981,24825.592787102778,24825.47567553595,,,,,,,,,,,,
1771907580000000000,1771907640000000000,24825.76734580234,24826.31132026729,24825.62338109672,24825.506820060626,,,,,,,,,,,,
1771907640000000000,1771907700000000000,24825.80622189336,24826.3494717098,24825.66241051762,24825.546083425113,,,,,,,,,,,,
1771907700000000000,1771907760000000000,24825.889130310323,24826.42951734799,24825.746397286155,24825.629517347992,,,,,,,,,,,,
1771907760000000000,1771907820000000000,24825.964818879103,24826.504843798222,24825.822371917973,24825.70496553616,,,,,,,,,,,,
1771907820000000000,1771907880000000000,24825.989697935594,24826.529792302157,24825.84714629674,24825.72970147719,,,,,,,,,,,,
1771907880000000000,1771907940000000000,24826.03317068996,24826.571948296525,24825.891035353536,24825.773711693204,,,,,,,,,,,,
1771907940000000000,1771908000000000000,24826.07077488882,24826.60887786521,24825.92881457407,24825.81142661649,,,,,,,,,,,,
1771908000000000000,1771908060000000000,24826.08594106248,24826.623888508893,24825.943993673052,24825.826641586867,,,,,,,,,,,,
1771908060000000000,1771908120000000000,24826.170890937028,24826.708610684418,24826.029053592763,24825.9109489674,,,,,,,,,,,,
1771908120000000000,1771908180000000000,24826.253402171948,24826.7925896265,24826.110618865867,24825.993150218103,,,,,,,,,,,,
1771908180000000000,1771908240000000000,24826.302336533452,24826.839526451964,24826.160422482466,24826.043124872336,,,,,,,,,,,,
1771908240000000000,1771908300000000000,24826.381765558814,24826.918006185006,24826.240764969756,24826.122153877524,,,,,,,,,,,,
1771908300000000000,1771908360000000000,24826.43277379862,24826.967386876677,24826.29202450864,24826.17407243966,,,,,,,,,,,,
1771908360000000000,1771908420000000000,24826.47526227137,24827.009996269415,24826.334164942684,24826.216255171945,,,,,,,,,,,,
1771908420000000000,1771908480000000000,24826.559513733733,24827.094479991876,24826.41785792877,24826.301010562664,,,,,,,,,,,,
1771908480000000000,1771908540000000000,24826.59568955797,24827.130505751014,24826.45406165426,24826.33718707713,,,,,,,,,,,,
1771908540000000000,1771908600000000000,24826.66481143656,24827.19819431776,24826.523119995945,24826.40713151583,,,,,,,,,,,,
1771908600000000000,1771908660000000000,24826.780128874965,24827.313993662992,24826.637779350793,24826.523679509217,,,,,,,,,,,,
1771908660000000000,1771908720000000000,24826.832292262978,24827.365954473516,24826.69048641277,24826.575681045226,,,,,,,,,,,,
1771908720000000000,1771908780000000000,24826.85068275662,24827.383962232394,24826.70906826444,24826.59420863067,,,,,,,,,,,,
1771908780000000000,1771908840000000000,24826.872727476653,24827.40588304566,24826.731147589246,24826.616306651864,,,,,,,,,,,,
1771908840000000000,1771908900000000000,24826.918375465026,24827.451349670566,24826.77705644077,24826.662153758236,,,,,,,,,,,,
1771908900000000000,1771908960000000000,24826.94966852562,24827.482219646576,24826.80825858362,24826.693643754617,,,,,,,,,,,,
1771908960000000000,1771909020000000000,24827.010731941937,24827.54263975572,24826.869794812428,24826.75499966445,,,,,,,,,,,,
1771909020000000000,1771909080000000000,24827.03970622758,24827.571833394817,24826.898659411785,24826.783510513433,,,,,,,,,,,,
1771909080000000000,1771909140000000000,24827.062276526336,24827.59413549209,24826.92136380397,24826.80622318316,,,,,,,,,,,,
1771909140000000000,1771909200000000000,24827.086996459733,24827.618462492042,24826.946311605858,24826.83133983315,,,,,,,,,,,,
1771909200000000000,1771909260000000000,24827.156666443643,24827.68784082165,24827.01677135258,24826.90128299488,24874.41666666667,24874.75,24874.8125,24874.34659090909,,,,,,,,
1771909260000000000,1771909320000000000,24827.277921435176,24827.80945747556,24827.140179256614,24827.021971238864,24873.233870967742,24873.782258064515,24873.80443548387,24872.90725806452,,,,,,,,
1771909320000000000,1771909380000000000,24827.336146472062,24827.8670271261,24827.198111753532,24827.08141995468,24873.524844720498,24873.947204968943,24873.87810559006,24873.442546583847,,,,,,,,
1771909380000000000,1771909440000000000,24827.376932596377,24827.907510072255,24827.238787333932,24827.12239037059,24873.902329749104,24874.290322580644,24874.171706989247,24873.826612903224,,,,,,,,
1771909440000000000,1771909500000000000,24827.74049784983,24828.29096923586,24827.593206252066,24827.486263645384,24878.66753698869,24880.69908616188,24878.005385117493,24878.52415143603,,,,,,,,
1771909500000000000,1771909560000000000,24828.01171309102,24828.564286184643,24827.866571183986,24827.754502502303,24880.583174603176,24882.335714285713,24880.184642857144,24880.237619047617,,,,,,,,
1771909560000000000,1771909620000000000,24828.11231526825,24828.663136359155,24827.96882908272,24827.855120452226,24880.875574712645,24882.422413793105,24880.587931034483,24880.539224137927,,,,,,,,
1771909620000000000,1771909680000000000,24828.204718467,24828.754921905762,24828.060726063133,24827.948065691035,24881.24231584526,24882.681637519872,24880.941375198727,24880.93839427663,,,,,,,,
1771909680000000000,1771909740000000000,24828.24354034824,24828.792963242286,24828.099761861824,24827.98704790635,24881.35025641026,24882.724230769232,24881.064423076925,24881.055384615385,,,,,,,,
1771909740000000000,1771909800000000000,24828.391016417045,24828.93986689777,24828.247673981296,24828.133478317744,24881.634632922938,24882.893296853625,24881.382780437758,24881.300273597808,,,,,,,,
1771909800000000000,1771909860000000000,24828.429924180542,24828.978512369686,24828.286665822412,24828.172423935423,24881.730939716315,24882.959109042553,24881.48553856383,24881.400265957447,,,,,,,,
1771909860000000000,1771909920000000000,24828.43716574629,24828.985638662874,24828.293947897266,24828.179720942393,24881.742063492064,24882.961970899472,24881.49884259259,24881.41402116402,,,,,,,,
1771909920000000000,1771909980000000000,24828.46847648597,24829.01687622469,24828.325187785762,24828.210932397127,24881.81004743424,24883.01228978008,24881.566219275548,24881.479624838288,,,,,,,,
1771909980000000000,1771910040000000000,24828.52897758785,24829.075800084822,24828.386269288487,24828.272167487685,24881.927005789912,24883.042493796525,24881.709367245658,24881.627481389576,,,,,,,,
1771910040000000000,1771910100000000000,24828.566041272752,24829.11203299211,24828.423658880485,24828.30964334616,24881.945787988716,24883.016021765416,24881.742140266022,24881.662636033856,,,,,,,,
1771910100000000000,1771910160000000000,24828.75071449451,24829.285448670067,24828.61417703225,24828.501014906957,24881.353460451977,24881.991525423728,24881.348053495763,24881.29210805085,,,,,,,,
1771910160000000000,1771910220000000000,24828.83215289034,24829.362358184764,24828.697390599675,24828.585534846028,24880.764041209706,24881.256729810568,24880.80552093719,24880.78639082752,,,,,,,,
1771910220000000000,1771910280000000000,24828.97455333119,24829.49560058121,24828.84434937036,24828.731336777528,24879.141881864056,24879.386019590384,24879.290238201247,24879.22929652716,,,,,,,,
1771910280000000000,1771910340000000000,24829.041473305413,24829.56086851434,24828.912568482116,24828.79863841444,24878.3527754297,24878.567624683008,24878.521079881655,24878.433431952664,,,,,,,,
1771910340000000000,1771910400000000000,24829.119155148408,24829.633357441337,24828.99283188685,24828.875859852134,24877.14278173661,24877.249010292955,24877.355849168645,24877.191607284243,,,,,,,,
1771910400000000000,1771910460000000000,24829.202717141616,24829.715950251626,24829.07529369811,24828.960292656346,24875.978950617286,24876.089074074072,24876.144722222223,24876.029074074075,,,,,,,,
1771910460000000000,1771910520000000000,24829.234957891716,24829.748262832625,24829.10743019309,24828.99248294854,24875.624397009167,24875.74547756874,24875.781023878437,24875.666606367584,,,,,,,,
1771910520000000000,1771910580000000000,24829.313481926183,24829.824666304765,24829.18839211585,24829.071249521006,24874.55099841162,24874.650102110278,24874.742767188563,24874.58151803948,,,,,,,,
1771910580000000000,1771910640000000000,24829.360250278984,24829.87102662203,24829.234574764865,24829.118994101704,24874.057092665793,24874.161067193676,24874.226531620552,24874.098978919632,,,,,,,,
1771910640000000000,1771910700000000000,24829.399853521856,24829.910616481975,24829.274178846645,24829.158268055024,24873.73629843717,24873.850192678226,24873.898362235068,24873.76445086705,,,,,,,,
1771910700000000000,1771910760000000000,24829.445785239604,24829.955459633056,24829.320379821296,24829.205078062892,24873.392582188935,24873.49625468165,24873.551849250936,24873.430399500623,,,,,,,,
1771910760000000000,1771910820000000000,24829.492983458753,24830.002008127758,24829.368277137506,24829.252166873037,24873.015101010104,24873.118181818183,24873.179431818182,24873.04272727273,,,,,,,,
1771910820000000000,1771910880000000000,24829.526040675682,24830.03280586034,24829.402311790447,24829.28597704065,24872.67847263387,24872.748221695318,24872.85473473622,24872.714285714283,,,,,,,,
1771910880000000000,1771910940000000000,24829.578130606395,24830.088726017857,24829.45247894637,24829.338013676945,24872.334243818288,24872.48663024727,24872.466611558368,24872.360839562967,,,,,,,,
1771910940000000000,1771911000000000000,24829.64739863087,24830.15628751975,24829.52233807267,24829.408696682465,24872.032492142727,24872.167637271214,24872.16607737105,24872.07445923461,,,,,,,,
1771911000000000000,1771911060000000000,24829.722379767052,24830.22370576929,24829.60074597473,24829.484922960582,24871.34052028219,24871.36587301587,24871.51974206349,24871.39047619048,,,,,,,,
1771911060000000000,1771911120000000000,24829.764369081713,24830.264251108943,24829.642566143393,24829.527125869063,24870.955884879728,24870.969845360825,24871.124581185566,24871.00193298969,,,,,,,,
1771911120000000000,1771911180000000000,24829.79818277037,24830.29706991359,24829.675903377847,24829.56170463472,24870.70858611392,24870.71587462083,24870.864035642062,24870.761501516685,,,,,,,,
1771911180000000000,1771911240000000000,24829.84309066768,24830.33765918073,24829.722854980868,24829.60863496644,24870.26625716626,24870.219656019657,24870.445945945947,24870.342751842752,,,,,,,,
1771911240000000000,1771911300000000000,24829.904729511367,24830.39789040753,24829.78608122478,24829.669134895066,24869.462997804956,24869.41839134525,24869.653721777988,24869.50905456256,,,,,,,,
1771911300000000000,1771911360000000000,24829.951871782883,24830.439081266573,24829.835392294495,24829.718179691157,24868.678291062803,24868.567255434784,24868.889011548912,24868.741508152172,,,,,,,,
1771911360000000000,1771911420000000000,24830.023461375113,24830.517986449948,24829.90497482674,24829.783999440595,24867.639198855508,24867.66051502146,24867.805069742488,24867.6071888412,,,,,,,,
1771911420000000000,1771911480000000000,24830.06691116419,24830.556841795118,24829.94892302205,24829.830149179663,24867.187743461327,24867.160267111853,24867.352488522538,24867.18635225376,,,,,,,,
1771911480000000000,1771911540000000000,24830.078657635604,24830.56908924641,24829.960356024676,24829.84181933724,24867.098604201215,24867.08126036484,24867.257281301823,24867.09463101161,,,,,,,,
1771911540000000000,1771911600000000000,24830.09470670839,24830.58557909736,24829.976787318403,24829.858059969643,24866.946565407772,24866.940065681443,24867.107579022988,24866.942836617403,,,,,,,,
1771911600000000000,1771911660000000000,24830.120786285133,24830.610479505027,24830.00385924207,24829.884802784225,24866.662160344364,24866.648708635996,24866.831391242937,24866.66313559322,,,,,,,,
1771911660000000000,1771911720000000000,24830.131729738652,24830.621722730644,24830.014981526714,24829.895761192183,24866.52586437058,24866.520124148978,24866.69523428114,24866.52523027633,,,,,,,,
1771911720000000000,1771911780000000000,24830.15194519082,24830.640507736494,24830.035503335494,24829.91671299299,24866.28129936809,24866.264119273303,24866.45063191153,24866.286828594,,,,,,,,
1771911780000000000,1771911840000000000,24830.16931551661,24830.659301320826,24830.052063402665,24829.933966485616,24866.148187980707,24866.153989049668,24866.304458349627,24866.149882675007,,,,,,,,
1771911840000000000,1771911900000000000,24830.22165075455,24830.71030181706,24830.103535956267,24829.987134277795,24865.89074215275,24865.892203583684,24866.029451010294,24865.896778497903,,,,,,,,
1771911900000000000,1771911960000000000,24830.267251444027,24830.74754209168,24830.152265500183,24830.036830219982,24865.410187584843,24865.324972232505,24865.57918363569,24865.45862643465,,,,,,,,
1771911960000000000,1771912020000000000,24830.31576932501,24830.79612274899,24830.202742175057,24830.083976479236,24864.671984551394,24864.608467023172,24864.85325311943,24864.694117647057,,,,,,,,
1771912020000000000,1771912080000000000,24830.350456725635,24830.831889835947,24830.238740338496,24830.11778633184,24864.101149226146,24864.06514206514,24864.289024601523,24864.1062023562,,,,,,,,
1771912080000000000,1771912140000000000,24830.389950368437,24830.86314779855,24830.28109394982,24830.163936422876,24863.305898720086,24863.198414023373,24863.51423205342,24863.37529215359,,,,,,,,
1771912140000000000,1771912200000000000,24830.41953248092,24830.883453520786,24830.315914358867,24830.195438431703,24861.92609016999,24861.751425403865,24862.172909407665,24862.00039594552,,,,,,,,
1771912200000000000,1771912260000000000,24830.442769306203,24830.914780572733,24830.340309254367,24830.2021372396,24859.332227670417,24859.292399769252,24859.558840496105,24859.2209402942,,,,,,,,
1771912260000000000,1771912320000000000,24830.44926060171,24830.91909055507,24830.348131908457,24830.209852320044,24858.82977469834,24858.77934106335,24859.06253535068,24858.727516968323,,,,,,,,
1771912320000000000,1771912380000000000,24830.456689498405,24830.928558609758,24830.354715027068,24830.21609637185,24858.503323108383,24858.479155047407,24858.723542944786,24858.388106525377,,,,,,,,
1771912380000000000,1771912440000000000,24830.472307600496,24830.945018053775,24830.37076445048,24830.230648145385,24858.04910389374,24858.043190502183,24858.266409661574,24857.921465611355,,,,,,,,
1771912440000000000,1771912500000000000,24830.487697715296,24830.959861189716,24830.386298814454,24830.24704357928,24857.74353293949,24857.74040010741,24857.9570018797,24857.623120300752,,,,,,,,
1771912500000000000,1771912560000000000,24830.497967358762,24830.969004699862,24830.397117987388,24830.25762984116,24857.495381419605,24857.488133121187,24857.709824980113,24857.37629276054,,,,,,,,
1771912560000000000,1771912620000000000,24830.502637679445,24830.97312539008,24830.40200092133,24830.262549410047,24857.330701754385,24857.322236842105,24857.544621710527,24857.21289473684,,,,,,,,
1771912620000000000,1771912680000000000,24830.51015536095,24830.98077037257,24830.40895057147,24830.270172183464,24857.131057842624,24857.128452318917,24857.336877931215,24857.012962480458,,,,,,,,
1771912680000000000,1771912740000000000,24830.513790391982,24830.984340227293,24830.412613869026,24830.273960713326,24857.052326587094,24857.051115723923,24857.25711922678,24856.935067462375,,,,,,,,
1771912740000000000,1771912800000000000,24830.526440170695,24830.99769602323,24830.42473182007,24830.2859894506,24856.855518509015,24856.865863041807,24857.052176840214,24856.731469607592,,,,,,,,
1771912800000000000,1771912860000000000,24830.54753351075,24831.01739355411,24830.446230041394,24830.30748817268,24856.544676566824,24856.55172413793,24856.73922413793,24856.42191039517,,,,,,,,
1771912860000000000,1771912920000000000,24830.556875689203,24831.025084180055,24830.455790701795,24830.317595108692,24856.39012222499,24856.387378398602,24856.583858194062,24856.272761287102,,,,,,,,
1771912920000000000,1771912980000000000,24830.57381513679,24831.04132164432,24830.473644467365,24830.33570797112,24856.03151500326,24856.032045009786,24856.227143468688,24855.921538649705,,,,,,,,
1771912980000000000,1771913040000000000,24830.577157766595,24831.04460104268,24830.476896851345,24830.338907543224,24855.959917153992,24855.961744639375,24856.153645833332,24855.84825779727,,,,,,,,
1771913040000000000,1771913100000000000,24830.584005257693,24831.05163027485,24830.483987846506,24830.34585221588,24855.825896815797,24855.832708585247,24856.01942261185,24855.714087061668,,,,,,,,
1771913100000000000,1771913160000000000,24830.594029594795,24831.062494487727,24830.49346244304,24830.35560047038,24855.707853486878,24855.725167946257,24855.894568738004,24855.5927903071,,,,,,,,
1771913160000000000,1771913220000000000,24830.614645086196,24831.080134413336,24830.514468509715,24830.378066854493,24855.523499723993,24855.523125147858,24855.709353560444,24855.42163472912,,,,,,,,
1771913220000000000,1771913280000000000,24830.638901911385,24831.106192680712,24830.537913138385,24830.401154443436,24855.396893974776,24855.416861279777,24855.572600420364,24855.283979448854,,,,,,,,
1771913280000000000,1771913340000000000,24830.73252594148,24831.204770024484,24830.62999883409,24830.487138568264,24855.123496226555,24855.19950683703,24855.27626933423,24854.94681685721,,,,,,,,
1771913340000000000,1771913400000000000,24830.76803571256,24831.242616463467,24830.66529119504,24830.520135595198,24855.075110619466,24855.174059734512,24855.222898230088,24854.878429203534,,,,,,,,
1771913400000000000,1771913460000000000,24830.805849184464,24831.279657325395,24830.70396580514,24830.558508784663,24854.998655913972,24855.09737358326,24855.149193548386,24854.8054163034,,,,,,,,
1771913460000000000,1771913520000000000,24830.827810327668,24831.2997215535,24830.726406372363,24830.582011195867,24854.94272858171,24855.030723542117,24855.094546436285,24854.760475161987,,,,,,,,
1771913520000000000,1771913580000000000,24830.858187980302,24831.322018454775,24830.76079842932,24830.61619565532,24854.685189105272,24854.72168712955,24854.86134631668,24854.529530059273,,,,,,,,
1771913580000000000,1771913640000000000,24830.87174990378,24831.334822459583,24830.775218316976,24830.630636547343,24854.440190555666,24854.47736282078,24854.618610473608,24854.289641143332,,,,,,,,
1771913640000000000,1771913700000000000,24830.882401110415,24831.344944095443,24830.786228099245,24830.641000518703,24854.215345005145,24854.254170957774,24854.39281668383,24854.06158599382,,,,,,,,
1771913700000000000,1771913760000000000,24830.89206043351,24831.353189439476,24830.796202295016,24830.65227488424,24853.95659017059,24853.991368805848,24854.132450751422,24853.813007717305,,,,,,,,
1771913760000000000,1771913820000000000,24830.897724009195,24831.35972860425,24830.80211803561,24830.65712234348,24853.768985856957,24853.814096119044,24853.943934747636,24853.618741202492,,,,,,,,
1771913820000000000,1771913880000000000,24830.926247708005,24831.393758595004,24830.827261918406,24830.682887348157,24853.585953463844,24853.67599367214,24853.733080383627,24853.415167095118,,,,,,,,
1771913880000000000,1771913940000000000,24830.95689992089,24831.428343675827,24830.856278060568,24830.71366067088,24853.507663022254,24853.629344006247,24853.64049687622,24853.336782506834,,,,,,,,
1771913940000000000,1771914000000000000,24830.98016496279,24831.45013278885,24830.88035438917,24830.737970472328,24853.451524527813,24853.566524850125,24853.58764020499,24853.287033455807,,,,,,,,
1771914000000000000,1771914060000000000,24830.991291012848,24831.45976462197,24830.892161198288,24830.750099857345,24853.388269588053,24853.495387276573,24853.527520180665,24853.23005958101,,,,,,,,
1771914060000000000,1771914120000000000,24830.998145990805,24831.453791839518,24830.906923055067,24830.76029294766,24852.830216320675,24852.86263325229,24853.015090237517,24852.69174303348,,,,,,,,
1771914120000000000,1771914180000000000,24830.99868868728,24831.453352707682,24830.90658491636,24830.762397221435,24852.527782899986,24852.559745528306,24852.70305873133,24852.398073022312,,,,,,,,
1771914180000000000,1771914240000000000,24830.996763822808,24831.450749206888,24830.90504971108,24830.760537049624,24852.381192352324,24852.41139820414,24852.55732316291,24852.25123694337,,,,,,,,
1771914240000000000,1771914300000000000,24830.996121726832,24831.449886765746,24830.904177282377,24830.760205237086,24852.295074236332,24852.325483753193,24852.468692953633,24852.16671230376,,,,,,,,
1771914300000000000,1771914360000000000,24830.99447586728,24831.44597709276,24830.902849264705,24830.758929581447,24852.14929862748,24852.16787592962,24852.323269998185,24852.02262833303,,,,,,,,
1771914360000000000,1771914420000000000,24830.986583874314,24831.43472339825,24830.895632232572,24830.750585661866,24851.833975162688,24851.836646964,24852.00889978506,24851.703071825184,,,,,,,,
1771914420000000000,1771914480000000000,24830.981641204886,24831.430752860928,24830.89053075145,24830.74452477592,24851.62512579174,24851.637719765582,24851.796783431007,24851.486281299945,,,,,,,,
1771914480000000000,1771914540000000000,24830.97873644176,24831.426954500635,24830.8879490069,24830.742238343428,24851.544735599615,24851.553027620397,24851.717632347732,24851.40948123229,,,,,,,,
1771914540000000000,1771914600000000000,24830.97616069338,24831.42992972593,24830.88187631764,24830.74175685172,24851.241503724385,24851.290415502794,24851.388999214385,24851.117842178766,,,,,,,,
1771914600000000000,1771914660000000000,24830.98488818519,24831.43472564735,24830.890064524716,24830.75474302208,24850.916423962073,24850.948860716122,24851.056107589517,24850.816729484322,,,,,,,,
1771914660000000000,1771914720000000000,24830.98275741369,24831.43061661673,24830.88873001316,24830.753605331687,24850.811675761703,24850.833987039565,24850.955128751706,24850.71742837653,,,,,,,,
1771914720000000000,1771914780000000000,24830.97867664197,24831.428240805482,24830.884329114808,24830.74800727171,24850.639302640484,24850.67510155721,24850.77904959377,24850.534867975624,,,,,,,,
1771914780000000000,1771914840000000000,24830.977460676677,24831.427255329254,24830.883191196604,24830.74651468164,24850.50633479089,24850.546165489406,24850.645055499495,24850.399428187015,,,,,,,,
1771914840000000000,1771914900000000000,24830.97855227883,24831.42875195487,24830.884104110813,24830.74747263181,24850.463750489285,24850.507045797684,24850.600811524913,24850.355728904546,,,,,,,,
1771914900000000000,1771914960000000000,24830.983823229242,24831.428164838835,24830.89228553137,24830.752971385624,24850.11667215002,24850.133245599605,24850.26643979273,24850.00760815924,,,,,,,,
1771914960000000000,1771915020000000000,24830.977287041424,24831.422601350412,24830.886675442496,24830.74569312845,24849.882123086936,24849.908783783783,24850.034842070985,24849.767461738847,,,,,,,,
1771915020000000000,1771915080000000000,24830.978397633542,24831.424089659195,24830.887472918923,24830.746784990137,24849.845624864625,24849.875446718648,24849.99595922677,24849.730588044185,,,,,,,,
1771915080000000000,1771915140000000000,24830.98091015073,24831.426471812807,24830.8900876426,24830.74950037472,24849.78700107874,24849.817677993527,24849.93699433657,24849.67269417476,,,,,,,,
1771915140000000000,1771915200000000000,24830.984170689313,24831.430068523554,24830.89311053931,24830.75292681573,24849.748319621438,24849.782222939182,24849.896192934346,24849.63461848685,,,,,,,,
1771915200000000000,1771915260000000000,24830.985484333258,24831.43114997365,24830.894478268106,24830.754306160372,24849.73478622837,24849.76780534966,24849.882704237836,24849.62133419272,,,,,,,,
1771915260000000000,1771915320000000000,24830.991173020808,24831.436086944475,24830.90033282999,24830.760293139756,24849.650573792358,24849.681825460368,24849.797958366693,24849.538110488393,,,,,,,,
1771915320000000000,1771915380000000000,24830.992774900056,24831.437723331765,24830.901884643084,24830.76180022714,24849.632968233655,24849.66501439079,24849.779720978575,24849.519787336103,,,,,,,,
1771915380000000000,1771915440000000000,24831.003560327263,24831.448303771547,24830.912437048617,24830.77311906804,24849.58234000847,24849.61570247934,24849.72631913541,24849.471511443106,,,,,,,,
1771915440000000000,1771915500000000000,24831.022536267912,24831.464535236937,24830.932016665745,24830.794011653597,24849.47721916731,24849.49968578162,24849.62193637078,24849.375923016494,,,,,,,,
1771915500000000000,1771915560000000000,24831.03290936318,24831.472542994157,24830.944057642486,24830.80517583508,24849.329268292673,24849.34309460929,24849.48075578686,24849.231008233648,,,,,,,,
1771915560000000000,1771915620000000000,24831.036484302553,24831.47653645905,24830.947361987273,24830.80833861326,24849.30118272905,24849.318484660675,24849.45051518438,24849.20026340254,,,,,,,,
1771915620000000000,1771915680000000000,24831.04079703362,24831.480994272813,24830.95162866898,24830.81275813646,24849.277404316686,24849.296631123474,24849.425851877608,24849.1767501159,,,,,,,,
1771915680000000000,1771915740000000000,24831.045438075063,24831.485448716183,24830.95639258882,24830.81756198916,24849.24999999999,24849.26941448382,24849.39843990755,24849.1498844376,,,,,,,,
1771915740000000000,1771915800000000000,24831.058347994218,24831.49842624663,24830.968909780637,24830.83012397603,24849.207625172246,24849.230056652887,24849.352386694227,24849.10476956056,,,,,,,,
1771915800000000000,1771915860000000000,24831.063215469723,24831.503097697674,24830.974181273697,24830.835052750153,24849.179260163834,24849.201877575942,24849.32555144253,24849.07636238742,,,,,,,,
1771915860000000000,1771915920000000000,24831.065391833756,24831.5051565504,24830.97641444658,24830.83731804449,24849.158210168105,24849.180938595153,24849.30438633247,24849.055576717965,,,,,,,,
1771915920000000000,1771915980000000000,24831.06761623651,24831.50707715541,24830.97861751785,24830.839600494237,24849.143009280382,24849.164688878747,24849.288709493383,24849.040506617985,,,,,,,,
1771915980000000000,1771916040000000000,24831.070650732243,24831.50909003595,24830.981835364015,24830.843438709144,24849.10221413405,24849.11957840461,24849.248180163784,24849.00375341219,,,,,,,,
1771916040000000000,1771916100000000000,24831.07322083003,24831.51105612371,24830.984702725305,24830.846249280286,24849.029278599446,24849.045351645036,24849.17574705705,24848.9315197706,,,,,,,,
1771916100000000000,1771916160000000000,24831.074822898987,24831.51300870899,24830.98661472312,24830.84797611875,24848.92762861856,24848.948215089247,24849.07434940753,24848.829758512074,,,,,,,,
1771916160000000000,1771916220000000000,24831.08080953163,24831.518713066318,24830.99215159225,24830.85473435106,24848.859085259744,24848.880499627143,24849.002022744222,24848.764690529453,,,,,,,,
1771916220000000000,1771916280000000000,24831.084142306332,24831.522190926742,24830.995380308457,24830.858124367634,24848.832254785273,24848.855511752456,24848.97404046415,24848.73783844094,,,,,,,,
1771916280000000000,1771916340000000000,24831.094430331344,24831.531727170914,24831.00542387118,24830.868959818625,24848.782966084975,24848.804606625257,24848.922064477963,24848.690734989646,,,,,,,,
1771916340000000000,1771916400000000000,24831.097293140017,24831.534104251426,24831.008408308986,24830.87204079404,24848.761892463586,24848.781766528926,24848.901176948053,24848.670565230223,,,,,,,,
1771916400000000000,1771916460000000000,24831.10573339878,24831.541357637565,24831.01708805966,24830.880896547966,24848.675272203494,24848.691885161857,24848.81413871393,24848.58517650505,24837.166666666668,24836.75,24837.25,24837.240196078434,,,,
1771916460000000000,1771916520000000000,24831.127809230886,24831.56782302186,24831.03640885707,24830.903903209124,24848.627248984318,24848.67121300058,24848.74928358967,24848.54084445734,24840.762212643676,24842.213362068964,24839.87661637931,24840.963362068964,,,,
1771916520000000000,1771916580000000000,24831.180863627727,24831.625071267612,24831.086878614286,24830.956187386313,24848.671509686024,24848.74291440023,24848.77704516175,24848.579194102487,24845.75515873016,24847.489285714284,24844.771726190476,24845.63095238095,,,,
1771916580000000000,1771916640000000000,24831.223677793434,24831.66596672808,24831.13039178498,24831.000494472744,24848.709519425942,24848.774854836425,24848.816589364113,24848.62360147288,24847.46432748538,24848.610526315788,24846.80548245614,24847.507017543856,,,,
1771916640000000000,1771916700000000000,24831.256306269774,24831.691242869118,24831.16642333793,24831.036816989756,24848.685072362263,24848.71649159664,24848.80755427171,24848.616771708683,24847.25503663004,24847.501373626375,24847.06473214286,24847.615384615383,,,,
1771916700000000000,1771916760000000000,24831.29985436108,24831.74108635849,24831.206817384973,24831.07857085064,24848.6890356336,24848.757813580418,24848.792672175357,24848.6096321394,24847.60402930403,24848.4010989011,24847.176785714284,24847.7021978022,,,,
1771916760000000000,1771916820000000000,24831.496778321787,24831.945146748,24831.39565274099,24831.27253391123,24848.976029216457,24849.095019920318,24849.031706507303,24848.87629482072,24850.900419982318,24851.910145888593,24850.20474137931,24850.725132625998,,,,
1771916820000000000,1771916880000000000,24831.537497328776,24831.983451757667,24831.436498290415,24831.313167806387,24849.04100232792,24849.150645671365,24849.096084793782,24848.939880089605,24851.367261172614,24852.225092250923,24850.720556580567,24851.184501845015,,,,
1771916880000000000,1771916940000000000,24831.570785208107,24832.015637920456,24831.470518018617,24831.346888420605,24849.08290805198,24849.189479193927,24849.140498233446,24848.983054174296,24851.594688221714,24852.379618937644,24851.013062933027,24851.428117782907,,,,
1771916940000000000,1771917000000000000,24831.611850806417,24832.05906984795,24831.511363938967,24831.38652704178,24849.13758759407,24849.25849987023,24849.192796197767,24849.029749545807,24851.874910394272,24852.731989247313,24851.31754032258,24851.64677419355,,,,
1771917000000000000,1771917060000000000,24831.64000230515,24832.085917759396,24831.540169428412,24831.41492672288,24849.174655913965,24849.291096774192,24849.232153225807,24849.06735483871,24852.046201232035,24852.834445585217,24851.534715092403,24851.82777207392,,,,
1771917060000000000,1771917120000000000,24831.664381620438,24832.109662291423,24831.56467378308,24831.43904772027,24849.204658278755,24849.31968160226,24849.261972011813,24849.09551932212,24852.16633761106,24852.917818361304,24851.675345508393,24851.938055281345,,,,
1771917120000000000,1771917180000000000,24831.723545990266,24832.170399427498,24831.623519043707,24831.497919372367,24849.28090374692,24849.407352194874,24849.33483728749,24849.16899264146,24852.460669077762,24853.24005424955,24851.991693037973,24852.222649186257,,,,
1771917180000000000,1771917240000000000,24831.7452579549,24832.190493843507,24831.645505097313,24831.52065404475,24849.304632903917,24849.424823187674,24849.359173718112,24849.197082596613,24852.524956217167,24853.24036777583,24852.07667469352,24852.321147110328,,,,
1771917240000000000,1771917300000000000,24831.76802469136,24832.21416005291,24831.667534722223,24831.543353174606,24849.33556519551,24849.46146108387,24849.38592355086,24849.22717842324,24852.638204474657,24853.374468988954,24852.176614273576,24852.4316057774,,,,
1771917300000000000,1771917360000000000,24831.80128476075,24832.246308184076,24831.702067482962,24831.576880910867,24849.37432871236,24849.497127513427,24849.42968652429,24849.26642312976,24852.745464392097,24853.434809098293,24852.338850528027,24852.546303818035,,,,
1771917360000000000,1771917420000000000,24831.828043514586,24832.272491623353,24831.729520090757,24831.603355934887,24849.393340367413,24849.51539225422,24849.451022529793,24849.283391261168,24852.736067708338,24853.3990234375,24852.361767578124,24852.5275390625,,,,
1771917420000000000,1771917480000000000,24831.83906833663,24832.28277521424,24831.740553724456,24831.61494396836,24849.39726211107,24849.51671205744,24849.454560225302,24849.28964471404,24852.703917050694,24853.34158986175,24852.33453341014,24852.511520737327,,,,
1771917480000000000,1771917540000000000,24831.853581528518,24832.297649786582,24831.754791985033,24831.62898508721,24849.402399161205,24849.524700875787,24849.457852781547,24849.29215492784,24852.663160530934,24853.30691209617,24852.291838842975,24852.456611570247,,,,
1771917540000000000,1771917600000000000,24831.867544321572,24832.310966298053,24831.7686940495,24831.642956819374,24849.41150252058,24849.531814828475,24849.466179454077,24849.30093446453,24852.655244411697,24853.277081798085,24852.287444731024,24852.448599852614,,,,
1771917600000000000,1771917660000000000,24831.883759525754,24832.32620820289,24831.7851937597,24831.659361763697,24849.42038216559,24849.53738975992,24849.47580077168,24849.310264576186,24852.63502641691,24853.226224783863,24852.281024855907,24852.433177233426,,,,
1771917660000000000,1771917720000000000,24831.912008335963,24832.353045865293,24831.81387090207,24831.687230744985,24849.42960102176,24849.542330616714,24849.485935409317,24849.316932246686,24852.560668973474,24853.108823529412,24852.22802768166,24852.347923875433,,,,
1771917720000000000,1771917780000000000,24831.921029599678,24832.36174053458,24831.82279085491,24831.696732395103,24849.433031921337,24849.544969049643,24849.488560504917,24849.32233887608,24852.54146730463,24853.07980177717,24852.209073820915,24852.341079972655,,,,
1771917780000000000,1771917840000000000,24831.940526766673,24832.38151028008,24831.842833774783,24831.7162947131,24849.42553812109,24849.54055522028,24849.482724803864,24849.314514182257,24852.405566600402,24852.94781312127,24852.09410205434,24852.206096752816,,,,
1771917840000000000,1771917900000000000,24831.96077493997,24832.40248199083,24831.862652259333,24831.736437459072,24849.428073967323,24849.5480907781,24849.482491294428,24849.315982228625,24852.33660867698,24852.893846649484,24852.020497744845,24852.13385953608,,,,
1771917900000000000,1771917960000000000,24831.967827529024,24832.409393820373,24831.869751571092,24831.743571615607,24849.428952415183,24849.548903272203,24849.48330936114,24849.3170322426,24852.3134439481,24852.866145500957,24852.000558391832,24852.11247606892,,,,
1771917960000000000,1771918020000000000,24831.977225537412,24832.418740839614,24831.878999489636,24831.753029470266,24849.434308097105,24849.554718335126,24849.487650998686,24849.32241956704,24852.308937960046,24852.859148264983,24851.994873817035,24852.109148264983,,,,
1771918020000000000,1771918080000000000,24832.011136813126,24832.45450743616,24831.911819767898,24831.785795499098,24849.482703281014,24849.613498573468,24849.530165240132,24849.36492510699,24852.468164221682,24853.058374083128,24852.135314792176,24852.240831295843,,,,
1771918080000000000,1771918140000000000,24832.076868415563,24832.5195968499,24831.977008253365,24831.8522608741,24849.59630239578,24849.727473238443,24849.639777673216,24849.480708151983,24852.87396135266,24853.442318840578,24852.54108695652,24852.66304347826,,,,
1771918140000000000,1771918200000000000,24832.119187408873,24832.562135492604,24832.01951579098,24831.894514163716,24849.66337655257,24849.79771638827,24849.706693143326,24849.54672351361,24853.085480859012,24853.654341736696,24852.764495798318,24852.872689075633,,,,
1771918200000000000,1771918260000000000,24832.143992802638,24832.58664151925,24832.044213384495,24831.9196475026,24849.709007331534,24849.843157220996,24849.751309205167,24849.59341906203,24853.241010823705,24853.801320858558,24852.921642817833,24853.034947716013,,,,
1771918260000000000,1771918320000000000,24832.181896126167,24832.62536049261,24832.08242939541,24831.9565005586,24849.7782245622,24849.91775630641,24849.821113457532,24849.657342050446,24853.468828152912,24854.042872454447,24853.161676045016,24853.240621650588,,,,
1771918320000000000,1771918380000000000,24832.232404596987,24832.676330194307,24832.13186499598,24832.0075621968,24849.88470306512,24850.0283045977,24849.921889367815,24849.765574712645,24853.839050589053,24854.4183991684,24853.51666450104,24853.622011434512,,,,
1771918380000000000,1771918440000000000,24832.266724538535,24832.707768650722,24832.167487237955,24832.04357233552,24849.947344845972,24850.079740393412,24849.98958571592,24849.835144098808,24854.028963414636,24854.548780487807,24853.73707444106,24853.84489329268,,,,
1771918440000000000,1771918500000000000,24832.29792933868,24832.73685777145,24832.199184677105,24832.075365601137,24849.996007813672,24850.12064747383,24850.039706133364,24849.885838643604,24854.152253147782,24854.62972166998,24853.874037027832,24853.978628230616,,,,
1771918500000000000,1771918560000000000,24832.336929278314,24832.775251285497,24832.239667579648,24832.115326477353,24850.034551238597,24850.158882990738,24850.083669810254,24849.927744522247,24854.18447224896,24854.649422521656,24853.9395753128,24854.02718960539,,,,
1771918560000000000,1771918620000000000,24832.348716094657,24832.78617359192,24832.251675360898,24832.12739844537,24850.042107931487,24850.16344637224,24850.091827681386,24849.936260703016,24854.172936507937,24854.621666666666,24853.933660714287,24854.02023809524,,,,
1771918620000000000,1771918680000000000,24832.36481017993,24832.801256579627,24832.267798856952,24832.14400995975,24850.046582107967,24850.16469300707,24850.095886182513,24849.94255808733,24854.127715268012,24854.557899671825,24853.89117440225,24853.983356774497,,,,
1771918680000000000,1771918740000000000,24832.381253437135,24832.817913487317,24832.284428812643,24832.16016188905,24850.046730016755,24850.16704863052,24850.096254891,24849.9409726104,24854.060588596898,24854.49469801752,24853.82970262794,24853.909751037343,,,,
1771918740000000000,1771918800000000000,24832.394228209818,24832.830001803148,24832.297569292394,24832.173424177636,24850.045771116547,24850.163277245374,24850.095539893024,24849.940884778247,24854.00371549894,24854.42220200182,24853.77752502275,24853.857029117375,,,,
1771918800000000000,1771918860000000000,24832.407287296563,24832.842290170644,24832.31086241732,24832.18671016395,24850.039390406382,24850.15470242061,24850.08964856762,24849.935071063734,24853.9211509716,24854.326457399104,24853.700896860988,24853.777354260088,,,,
1771918860000000000,1771918920000000000,24832.420316692816,24832.855546410843,24832.323556171395,24832.199654072683,24850.040818020796,24850.1580971884,24850.089176998008,24849.93577042285,24853.878727487456,24854.288308237377,24853.654229406555,24853.73250664305,,,,
1771918920000000000,1771918980000000000,24832.429576650215,24832.86405639523,24832.333193566214,24832.20947074851,24850.03584704279,24850.150712156345,24850.08545876118,24849.93289720658,24853.820290808126,24854.217338886454,24853.603518193773,24853.682814555017,,,,
1771918980000000000,1771919040000000000,24832.466124851864,24832.88817556334,24832.37875348492,24832.247889863673,24849.82297297296,24849.89197297297,24849.90762837838,24849.725486486488,24852.72914982485,24852.93270008084,24852.664182497978,24852.614793856104,,,,
1771919040000000000,1771919100000000000,24832.471079407213,24832.893299219028,24832.385253432698,24832.25329870859,24849.685725763244,24849.758650241027,24849.775301285485,24849.58904659882,24852.13195258565,24852.345349745996,24852.089903282533,24852.021101992967,,,,
1771919100000000000,1771919160000000000,24832.47565173471,24832.89407135763,24832.390507614535,24832.258977003592,24849.549451521572,24849.609686836517,24849.640286624202,24849.45628980892,24851.567795007566,24851.731467473524,24851.53446482602,24851.46993192133,,,,
1771919160000000000,1771919220000000000,24832.477925520634,24832.896640793995,24832.392456101286,24832.2613436824,24849.508308636738,24849.570835097376,24849.597269263337,24849.41516723116,24851.401166417167,24851.571856287424,24851.362509356288,24851.3034244012,,,,
1771919220000000000,1771919280000000000,24832.48124772244,24832.89818981517,24832.39636405817,24832.26569928559,24849.45386183146,24849.510462787264,24849.544552498417,24849.364510858104,24851.184040590408,24851.332472324724,24851.15322878229,24851.09963099631,,,,
1771919280000000000,1771919340000000000,24832.482255497136,24832.898511519215,24832.397544705225,24832.266650156213,24849.393859833355,24849.448986557447,24849.484601449276,24849.30379647133,24850.953295702842,24851.09541150765,24850.924253459576,24850.86635105608,,,,
1771919340000000000,1771919400000000000,24832.485578509255,24832.902266324898,24832.400383536788,24832.270169784024,24849.34739081902,24849.405582879866,24849.435511720385,24849.25769150272,24850.77449040767,24850.92607913669,24850.737904676258,24850.688758992805,,,,
1771919400000000000,1771919460000000000,24832.496562898745,24832.915760387354,24832.409975726925,24832.27987552919,24849.315243055546,24849.385390625,24849.396848958335,24849.219713541665,24850.642970963174,24850.833746458924,24850.58618094901,24850.53735835694,,,,
1771919460000000000,1771919520000000000,24832.511983715143,24832.930198709026,24832.42662479433,24832.29474750032,24849.277317595075,24849.345542555395,24849.362937461174,24849.178815489748,24850.48915683553,24850.671061762663,24850.448603400415,24850.373785565575,,,,
1771919520000000000,1771919580000000000,24832.516447396163,24832.934914611007,24832.431184376976,24832.29922833649,24849.260901012593,24849.330879313908,24849.346559206446,24849.16222359992,24850.42605674248,24850.613025499657,24850.38650068918,24850.31021709166,,,,
1771919580000000000,1771919640000000000,24832.523986802516,24832.941685839254,24832.43853342351,24832.307650494276,24849.243320282974,24849.311173500926,24849.327709664125,24849.14789820729,24850.356683731516,24850.535494880547,24850.31412116041,24850.251791808874,,,,
1771919640000000000,1771919700000000000,24832.531542852812,24832.947876935512,24832.446489239435,24832.315820051022,24849.21224252377,24849.27584171628,24849.29762882365,24849.118866762474,24850.241093504163,24850.404585300068,24850.203346257586,24850.143037761292,,,,
1771919700000000000,1771919760000000000,24832.53524928883,24832.951118517398,24832.450187471597,24832.319736908546,24849.19822727737,24849.260554360077,24849.283283379445,24849.10549236602,24850.189378701532,24850.34813945692,24850.15125293329,24850.093446195104,,,,
1771919760000000000,1771919820000000000,24832.53965360648,24832.954285137625,24832.455114539447,24832.324866917275,24849.16329588014,24849.221731358528,24849.24992977528,24849.073110316647,24850.06572107941,24850.210849369607,24850.033987226278,24849.97810218978,,,,
1771919820000000000,1771919880000000000,24832.547285717887,24832.96147836387,24832.46204226417,24832.33241765165,24849.12308448602,24849.18127034174,24849.20614447722,24849.032038242476,24849.923947425832,24850.067081151832,24849.882342113873,24849.833524214657,,,,
1771919880000000000,1771919940000000000,24832.549070599198,24832.96180389391,24832.464483162483,24832.334647255877,24849.089911390678,24849.143085430194,24849.175204190342,24849.00035511364,24849.811553030308,24849.93798701299,24849.778064123377,24849.725892857143,,,,
1771919940000000000,1771920000000000000,24832.553553333502,24832.962527950156,24832.46959714092,24832.33908248122,24848.941693451172,24848.983452189634,24849.027803585777,24848.850693049415,24849.324816561846,24849.41320754717,24849.297621855345,24849.234512578616,,,,
1771920000000000000,1771920060000000000,24832.36205649129,24832.684679879938,24832.331611390866,24832.189709274924,24847.405503535247,24847.13254825148,24847.68944080833,24847.470738582077,24844.91474706414,24844.10406504065,24845.464312330623,24845.2674796748,,,,
1771920060000000000,1771920120000000000,24832.203258395577,24832.50038208396,24832.178482510415,24832.039496388687,24846.448134328348,24846.092793843283,24846.74607625933,24846.540228544774,24842.472975828263,24841.472996957404,24843.043499619675,24842.88019776876,,,,
1771920120000000000,1771920180000000000,24832.08834020551,24832.37874288239,24832.06014229089,24831.92838822894,24845.78707442414,24845.417201982196,24846.066979443884,24845.88925851152,24840.89569683734,24839.88497937394,24841.406818733318,24841.31606406212,,,,
1771920180000000000,1771920240000000000,24832.01062984425,24832.297721215677,24831.976538240542,24831.857172547006,24845.30738026299,24844.93451411509,24845.56115408976,24845.429922186027,24839.83315793577,24838.837932647333,24840.268358278765,24840.29460944808,,,,
1771920240000000000,1771920300000000000,24831.692188104917,24831.993599980644,24831.67704855062,24831.495965205188,24843.664242371444,24843.36758557617,24843.97548122986,24843.62252852539,24836.322759475737,24835.57024442083,24836.88164187035,24836.352497343247,,,,
1771920300000000000,1771920360000000000,24831.58262257559,24831.905137935188,24831.564082640645,24831.37982170823,24843.092397209348,24842.879953679876,24843.386574669756,24843.02491851089,24835.223388638537,24834.68849856616,24835.732550696437,24835.189010651367,,,,
1771920360000000000,1771920420000000000,24831.51407173401,24831.8334694662,24831.49776581944,24831.31224475088,24842.731909896134,24842.513944307666,24843.03076980219,24842.66648272349,24834.56497768006,24834.02488506896,24835.079964521286,24834.534629222464,,,,
1771920420000000000,1771920480000000000,24831.40705304644,24831.732994662645,24831.39436286829,24831.20065340705,24842.211538461528,24842.023462376404,24842.518963675215,24842.12833081951,24833.606420447202,24833.14516285382,24834.13473003102,24833.533879410625,,,,
1771920480000000000,1771920540000000000,24831.30654712194,24831.620039848243,24831.298095277863,24831.10626595719,24841.747678660246,24841.521804012602,24842.066432805506,24841.68442215221,24832.756321730358,24832.215427544455,24833.30513384412,24832.729048429814,,,,
1771920540000000000,1771920600000000000,24831.157390691562,24831.491549479786,24831.143832545487,24830.94278231745,24841.07405517916,24840.927516121134,24841.370214676353,24840.959452289608,24831.559391172,24831.206894977167,24832.049703196346,24831.41598173516,,,,
1771920600000000000,1771920660000000000,24830.943281492146,24831.2352500413,24830.938464647297,24830.75296769169,24840.1320519985,24839.853345042313,24840.45098195753,24840.09743733035,24829.96234782609,24829.331782608697,24830.49297826087,24829.994565217392,,,,
1771920660000000000,1771920720000000000,24830.76608070316,24831.055433479825,24830.764857171394,24830.57529787784,24839.40978563181,24839.130313287154,24839.73621497166,24839.37141845088,24828.719860548816,24828.098220310392,24829.26020580297,24828.742029352223,,,,
1771920720000000000,1771920780000000000,24830.595182681514,24830.904723755615,24830.587304395118,24830.391847165043,24838.709001678923,24838.505269275476,24839.00828167377,24838.626675707088,24827.59489041171,24827.143946810247,24828.071055637134,24827.522515907975,,,,
1771920780000000000,1771920840000000000,24830.4764595323,24830.779608098976,24830.46707169319,24830.2761888674,24838.21554340064,24837.99737989596,24838.505943046206,24838.14173424113,24826.865152477767,24826.39080368488,24827.318188135323,24826.810196950442,,,,
1771920840000000000,1771920900000000000,24830.35781934575,24830.654980028794,24830.353236322047,24830.154962612047,24837.745201160287,24837.513166855846,24838.048013620886,24837.66159667045,24826.151925764876,24825.654798881813,24826.62682481752,24826.076448206244,,,,
1771920900000000000,1771920960000000000,24830.21994816855,24830.509168845594,24830.215456301918,24830.01855751209,24837.213905509838,24836.96234106208,24837.51344895288,24837.133657442035,24825.347184308976,24824.81668941462,24825.811409993934,24825.278321201087,,,,
1771920960000000000,1771921020000000000,24829.844824426782,24830.20168014293,24829.82840953341,24829.59942277298,24835.805207579037,24835.78468501086,24836.05737237509,24835.581969587252,24823.323760780975,24823.26432328689,24823.684665553028,24822.973450383848,,,,
1771921020000000000,1771921080000000000,24829.683871874975,24830.011943310605,24829.67609684628,24829.457659681208,24835.21785306296,24835.112487505354,24835.49331090247,24835.0543874054,24822.524296911026,24822.3015560166,24822.92737724758,24822.293222683264,,,,
1771921080000000000,1771921140000000000,24829.297110874842,24829.614577206714,24829.300377776774,24829.064555716417,24833.891113587284,24833.763754439726,24834.19360244446,24833.70657775611,24820.602916611726,24820.343993142556,24821.05124126335,24820.33509165238,,,,
1771921140000000000,1771921200000000000,24829.206408057,24829.529090765445,24829.20725547956,24828.97099952597,24833.582918223317,24833.474470734745,24833.876024802823,24833.389321295144,24820.187147260578,24819.965453243032,24820.61600514457,24819.903295128937,,,,
1771921200000000000,1771921260000000000,24828.995318162757,24829.303160661337,24829.000387501124,24828.766162728007,24832.878178471594,24832.731014384077,24833.179813722818,24832.702944986024,24819.242292748855,24818.951729380464,24819.68330324338,24818.995027239325,,,,
1771921260000000000,1771921320000000000,24828.888827272523,24829.205109677132,24828.889911160404,24828.657418610383,24832.526492604607,24832.408346861474,24832.813789400705,24832.344037472943,24818.7888465701,24818.553914835164,24819.201384552947,24818.529283216783,,,,
1771921320000000000,1771921380000000000,24828.772934654084,24829.100355844097,24828.764554469803,24828.544463779755,24832.132990562666,24832.05375267094,24832.388292100695,24831.95870058761,24818.3918394309,24818.230701219512,24818.743010670732,24818.14899390244,,,,
1771921380000000000,1771921440000000000,24828.720047449584,24829.052819172597,24828.70794734208,24828.487238656584,24831.9451961887,24831.885562098854,24832.187040958117,24831.757510090647,24818.277218024075,24818.152962696415,24818.60241993523,24818.01121506537,,,,
1771921440000000000,1771921500000000000,24828.681681198646,24829.009440241385,24828.669350276217,24828.451933530047,24831.807686413576,24831.73612570603,24832.046963253644,24831.6287271772,24818.212218934917,24818.067337278106,24818.531678994084,24817.96298816568,,,,
1771921500000000000,1771921560000000000,24828.65507936508,24828.983416389812,24828.64369324474,24828.424728682166,24831.71347121478,24831.64562504084,24831.954269587663,24831.532477292036,24818.165904382164,24818.02835111997,24818.487370998006,24817.91365662015,,,,
1771921560000000000,1771921620000000000,24828.55028643825,24828.860526605706,24828.54618679079,24828.315159193568,24831.361125412957,24831.246412022138,24831.619392778994,24831.16543313168,24817.90442631059,24817.685631134445,24818.254707829263,24817.628024423648,,,,
1771921620000000000,1771921680000000000,24828.484718987565,24828.795733181,24828.48122143736,24828.25153249549,24831.147502180793,24831.03853641412,24831.40535839663,24830.957123252698,24817.72324073033,24817.516083680126,24818.071462715106,24817.457372624,,,,
1771921680000000000,1771921740000000000,24828.42274400666,24828.731187272646,24828.420296544242,24828.19145264496,24830.948116593812,24830.834911636157,24831.20702160005,24830.76289035282,24817.552694854443,24817.339418488515,24817.901550882256,24817.296859394075,,,,
1771921740000000000,1771921800000000000,24828.335629899768,24828.656601445637,24828.333769626362,24828.100817810584,24830.6727653748,24830.599742882227,24830.930750658474,24830.476969145868,24817.306143220652,24817.16447655398,24817.651840239912,24817.033151581243,,,,
1771921800000000000,1771921860000000000,24828.29212388417,24828.618849335948,24828.286727084695,24828.057130415847,24830.528611991947,24830.475377728035,24830.774284182055,24830.331965429334,24817.253796425633,24817.147335338992,24817.576924626625,24816.980471687977,,,,
1771921860000000000,1771921920000000000,24828.264348030698,24828.586908123372,24828.25871524761,24828.03292245873,24830.434446983254,24830.371950842957,24830.677742697462,24830.247684184524,24817.246938161486,24817.125172560263,24817.565075130085,24816.991504725494,,,,
1771921920000000000,1771921980000000000,24828.241262609827,24828.559957696063,24828.237376613517,24828.011590194164,24830.36160860823,24830.289451009354,24830.609017263665,24830.179668266865,24817.198567708336,24817.06057326858,24817.52332532728,24816.951805320943,,,,
1771921980000000000,1771922040000000000,24828.158188424604,24828.466000519074,24828.157173252443,24827.932211912797,24830.109000955916,24830.0095033254,24830.362346695954,24829.937076697785,24816.96097298797,24816.77733277853,24817.294718090085,24816.732237594922,,,,
1771922040000000000,1771922100000000000,24828.082491873076,24828.385734012256,24828.08278809226,24827.859157892464,24829.88314344584,24829.77357432883,24830.13844615478,24829.71827465002,24816.729168808917,24816.52940874036,24817.065308483292,24816.513059125966,,,,
1771922100000000000,1771922160000000000,24827.92628260246,24828.21145743766,24827.933895367583,24827.712467755802,24829.428722085595,24829.27300125952,24829.701808312842,24829.289809872247,24816.192229968685,24815.91628776397,24816.556923815297,24816.020738607654,,,,
1771922160000000000,1771922220000000000,24827.811279764454,24828.10189949404,24827.815936937226,24827.597702812796,24829.098276477933,24828.960930523306,24829.36119545157,24828.959471929513,24815.802132189074,24815.558477197883,24816.148650334297,24815.631224428696,,,,
1771922220000000000,1771922280000000000,24827.739308741297,24828.034769770627,24827.74223430546,24827.524328141048,24828.89210432825,24828.770486707323,24829.148824678785,24828.749008230207,24815.578776492308,24815.36235538416,24815.914182240682,24815.400993770396,,,,
1771922280000000000,1771922340000000000,24827.681887773266,24827.975432599873,24827.68582968383,24827.47044969024,24828.728620134007,24828.60353416259,24828.987037964984,24828.59498614632,24815.403259055664,24815.181751251595,24815.740919799744,24815.241484244623,,,,
1771922340000000000,1771922400000000000,24827.62850673264,24827.92400716632,24827.630416062366,24827.416734206367,24828.577063403554,24828.459225893537,24828.82875315453,24828.442162098716,24815.250316671543,24815.041557049597,24815.57622040339,24815.08664620481,,,,
1771922400000000000,1771922460000000000,24827.576171209534,24827.870943356047,24827.57909524063,24827.364336669503,24828.42934708505,24828.311298428096,24828.682741190907,24828.293943201075,24815.101173777053,24814.89271548805,24815.429367804973,24814.93687723711,,,,
1771922460000000000,1771922520000000000,24827.51474308552,24827.809859903486,24827.519236697208,24827.301882480493,24828.257353226294,24828.14214460214,24828.51389090856,24828.11879071661,24814.91837877625,24814.7152937788,24815.25119407642,24814.74908794163,,,,
1771922520000000000,1771922580000000000,24827.454454751944,24827.74661939839,24827.460746279747,24827.24240558728,24828.089885090754,24827.96823580533,24828.350336761298,24827.953244495944,24814.729190512535,24814.51607210988,24815.067954740556,24814.563263067528,,,,
1771922580000000000,1771922640000000000,24827.357729949577,24827.654350082616,24827.365275335764,24827.14265665381,24827.823228104524,24827.7160550723,24828.085640013825,24827.67793363673,24814.41678478063,24814.22826703203,24814.758031749032,24814.23693659643,,,,
1771922640000000000,1771922700000000000,24827.314672168723,24827.61271294043,24827.32199370437,24827.09892603957,24827.70503504135,24827.60285500919,24827.966121897978,24827.55771771599,24814.28505141711,24814.105083709557,24814.623765519187,24814.102050413843,,,,
1771922700000000000,1771922760000000000,24827.278206510626,24827.576426623255,24827.28546604436,24827.06286339514,24827.60525787964,24827.50452722063,24827.86556590258,24827.45886819484,24814.17473924178,24813.997447067642,24814.51187464868,24813.993395165824,,,,
1771922760000000000,1771922820000000000,24827.214554392034,24827.50894101254,24827.22204614069,24827.001108389984,24827.431873965394,24827.32235001998,24827.691813174268,24827.29034191449,24813.97825715971,24813.78711719259,24814.314297682213,24813.805059108257,,,,
1771922820000000000,1771922880000000000,24826.975633292695,24827.25468664621,24826.990656918584,24826.76552057501,24826.788215393277,24826.642472511983,24827.06528756696,24826.654750493373,24813.20179000518,24812.953645405603,24813.5640569395,24813.04227119263,,,,
1771922880000000000,1771922940000000000,24826.656174013606,24826.9191574525,24826.674979882115,24826.458003260665,24825.941639808832,24825.759335407867,24826.224966659258,24825.838811402533,24812.15999702912,24811.855592691623,24812.530314171123,24812.0502228164,,,,
1771922940000000000,1771923000000000000,24826.427990073575,24826.682632236567,24826.448569606415,24826.231039150356,24825.345650140305,24825.145641886316,24825.631087327354,24825.245116381444,24811.423700681473,24811.092963060455,24811.79603185049,24811.317693252608,,,,
1771923000000000000,1771923060000000000,24826.28196671929,24826.537601794913,24826.301241534402,24826.085196111017,24824.968186706024,24824.77367543332,24825.248510033354,24824.867515993217,24810.96435189207,24810.643663684532,24811.327683922522,24810.858182055068,,,,
1771923060000000000,1771923120000000000,24826.15182908711,24826.402469993158,24826.17181896391,24825.956767345924,24824.634215963448,24824.429126794257,24824.914952832754,24824.537489125705,24810.559738005057,24810.223420282367,24810.922988765495,24810.45986139807,,,,
1771923120000000000,1771923180000000000,24826.020648021728,24826.27270799719,24826.040018255346,24825.82531752927,24824.29978823104,24824.100946201677,24824.577453365775,24824.20181130035,24810.155644679584,24809.83033961942,24810.513322382456,24810.053822851776,,,,
1771923180000000000,1771923240000000000,24825.897294061786,24826.15118991104,24825.914320987016,24825.702279716814,24823.98841074435,24823.796943877,24824.258486990646,24823.890697236857,24809.793829979146,24809.48127008287,24810.138846609167,24809.69245729748,,,,
1771923240000000000,1771923300000000000,24825.780270105104,24826.037075943892,24825.798377669984,24825.58424478362,24823.6948321035,24823.513300716502,24823.966360549675,24823.593973906532,24809.45247079211,24809.156506791882,24809.799136340767,24809.346197383868,,,,
1771923300000000000,1771923360000000000,24825.640246949057,24825.910556251412,24825.65134057822,24825.438266154695,24823.349956684684,24823.206839397477,24823.601324652594,24823.23294791556,24809.09335154827,24808.8587928465,24809.407600596125,24808.961934923,,,,
1771923360000000000,1771923420000000000,24825.549065596035,24825.821944324955,24825.55882315287,24825.34819947152,24823.12957252792,24822.995638309087,24823.376008064515,24823.01490354206,24808.888460697497,24808.66907182683,24809.19442850115,24808.760823220728,,,,
1771923420000000000,1771923480000000000,24825.51051385932,24825.783638893437,24825.520667509005,24825.30994229825,24823.03727989486,24822.905111695138,24823.284073587383,24822.923127463862,24808.806732522386,24808.590456363785,24809.11299902033,24808.679953465587,,,,
1771923480000000000,1771923540000000000,24825.419566030665,24825.692628303234,24825.429183246608,24825.219033772064,24822.821810731795,24822.692295646728,24823.06558944044,24822.70715888924,24808.626204705757,24808.41493700533,24808.92716746083,24808.498788564044,,,,
1771923540000000000,1771923600000000000,24825.35271487529,24825.622815949173,24825.36119822425,24825.154777420277,24822.664979143934,24822.530024923413,24822.90463874033,24822.556493068172,24808.499098774333,24808.280100937274,24808.793243811582,24808.381298566048,,,,
1771923600000000000,1771923660000000000,24825.227832420725,24825.49716081931,24825.232229770838,24825.035322449807,24822.376757608436,24822.244091352823,24822.60364216719,24822.281084622104,24808.284720580123,24808.070584062425,24808.558391463703,24808.186726570504,,,,
1771923660000000000,1771923720000000000,24825.13824888672,24825.420319731602,24825.139856050042,24824.936250732637,24822.175521257795,24822.07843062347,24822.39345838427,24822.05510136512,24808.162667237088,24808.003928126946,24808.422059738645,24808.026913503425,,,,
1771923720000000000,1771923780000000000,24825.094886084953,24825.384747949127,24825.09255008768,24824.887982988326,24822.086765152268,24822.01180056663,24822.293338308205,24821.95348072448,24808.172164485502,24808.047729022324,24808.41383756736,24808.016993841415,,,,
1771923780000000000,1771923840000000000,24825.054755299105,24825.33743792847,24825.05435531051,24824.850209083048,24822.005780637362,24821.915213129585,24822.215850256358,24821.877915451892,24808.1851209534,24808.037505717333,24808.431754078367,24808.03838237536,,,,
1771923840000000000,1771923900000000000,24825.016396101713,24825.296218445237,24825.017046594694,24824.81335032307,24821.924325811764,24821.828363436234,24822.136035297943,24821.799844899186,24808.15917921934,24808.003803648473,24808.40803591704,24808.01769358868,,,,
1771923900000000000,1771923960000000000,24824.961009342664,24825.235730730732,24824.96272272272,24824.759934934933,24821.8045482432,24821.698079888574,24822.017680818783,24821.684512261847,24808.09831544984,24807.927609364448,24808.348995460343,24807.963682749305,,,,
1771923960000000000,1771924020000000000,24824.9290157391,24825.20542639533,24824.92995612106,24824.726846113863,24821.73680428209,24821.635922089506,24821.94724500669,24821.61375576151,24808.072003333087,24807.91006268189,24808.318423065444,24807.932915454072,,,,
1771924020000000000,1771924080000000000,24824.886524893427,24825.167504538473,24824.887334919305,24824.68261615497,24821.64799063115,24821.560318047337,24821.857045118344,24821.52024161736,24808.04285150079,24807.901214454978,24808.28691498815,24807.896826866116,,,,
1771924080000000000,1771924140000000000,24824.86595603373,24825.148779637377,24824.866608139073,24824.66204423192,24821.607272771947,24821.525291254977,24821.815292729687,24821.47928034213,24808.044974324956,24807.9121213238,24808.287324021523,24807.898669565857,,,,
1771924140000000000,1771924200000000000,24824.830192675538,24825.11686622585,24824.82758856059,24824.62630309168,24821.54663888075,24821.47714975139,24821.74493638491,24821.41806814858,24808.12324695492,24808.0096811763,24808.350651477653,24807.976306594846,,,,
1771924200000000000,1771924260000000000,24824.812161394315,24825.09997125981,24824.80963713034,24824.60799373662,24821.516990212716,24821.451856345546,24821.71459597185,24821.387405969424,24808.16740183672,24808.06061537349,24808.39358413479,24808.019072239495,,,,
1771924260000000000,1771924320000000000,24824.80215839205,24825.092243051706,24824.799663720405,24824.59667234144,24821.502745657734,24821.44426435725,24821.69980405438,24821.369708258742,24808.20770651887,24808.111009141296,24808.432942848918,24808.05432591953,,,,
1771924320000000000,1771924380000000000,24824.79580881287,24825.091418499942,24824.792015136853,24824.589147478175,24821.506641495504,24821.463662161514,24821.699365109904,24821.37031648309,24808.329218694256,24808.255850874062,24808.54777916518,24808.17113806636,,,,
1771924380000000000,1771924440000000000,24824.796251114945,24825.09748839131,24824.79254756611,24824.58710943649,24821.536877691426,24821.51053534824,24821.728077179767,24821.393919530918,24808.54647560031,24808.498081121048,24808.7624463066,24808.378881768887,,,,
1771924440000000000,1771924500000000000,24824.847004074967,24825.170508557458,24824.83424572127,24824.630161369198,24821.704929974607,24821.736723376256,24821.87161622333,24821.542532192874,24809.062675263183,24809.100037925804,24809.24216487381,24808.867070059303,,,,
1771924500000000000,1771924560000000000,24824.86445153857,24825.18664089347,24824.852863363012,24824.648908544204,24821.76012759916,24821.790011231224,24821.928854298283,24821.600613037575,24809.222338335734,24809.256869732064,24809.404736003562,24809.031162201052,,,,
1771924560000000000,1771924620000000000,24824.89724413282,24825.221345798032,24824.883067971565,24824.681507449604,24821.857075852004,24821.893280770306,24822.018539515302,24821.696762489533,24809.473769415392,24809.51749083005,24809.645441346285,24809.281704252135,,,,
1771924620000000000,1771924680000000000,24824.90582911638,24825.229539704163,24824.89187548657,24824.690132347216,24821.882502051103,24821.91824176845,24822.0442112107,24821.722193842008,24809.540240789684,24809.583265568883,24809.712246730367,24809.34825845361,,,,
1771924680000000000,1771924740000000000,24824.925877712787,24825.246867046182,24824.912488585363,24824.712307408343,24821.94267027409,24821.97311765794,24822.10500011562,24821.78719591157,24809.701861331898,24809.737134581705,24809.874709517717,24809.517108985583,,,,
1771924740000000000,1771924800000000000,24824.934341964883,24825.251459606246,24824.922747551158,24824.722117156434,24821.97459078065,24821.996994195688,24822.1404868021,24821.822081721024,24809.818767300654,24809.842318510582,24809.996739385213,24809.63849450844,,,,
1771924800000000000,1771924860000000000,24824.945369581485,24825.26524378437,24824.932897577648,24824.730549531407,24822.012803749738,24822.042941689222,24822.17589576547,24821.85390191311,24809.94624192797,24809.981009919447,24810.120073563678,24809.75685706677,,,,
1771924860000000000,1771924920000000000,24824.95285721651,24825.27298567202,24824.94110858132,24824.73787149293,24822.040298734933,24822.07200502972,24822.204515317786,24821.880818472797,24810.044438187364,24810.081456207765,24810.219847290315,24809.854362660655,,,,
1771924920000000000,1771924980000000000,24824.957472418537,24825.27495365543,24824.946683225196,24824.744066929285,24822.060352948312,24822.086717717306,24822.226280824103,24821.90442818725,24810.128041944212,24810.157307261095,24810.30587614588,24809.943250016488,,,,
1771924980000000000,1771925040000000000,24824.960119276635,24825.272061369757,24824.950381156214,24824.750437668332,24822.091962981358,24822.10787060046,24822.25881037365,24821.944280034335,24810.32433635042,24810.338493846455,24810.50334537996,24810.15178745849,,,,
1771925040000000000,1771925100000000000,24824.959050539896,24825.273801993484,24824.94623706153,24824.750809852405,24822.113877316355,24822.138870223534,24822.272034448775,24821.969034179994,24810.49961407346,24810.526837975172,24810.6659966553,24810.33144658133,,,,
1771925100000000000,1771925160000000000,24824.963506280576,24825.28112859084,24824.95000215307,24824.753406633365,24822.134555585297,24822.16729155508,24822.29048384217,24821.985147741478,24810.589454824676,24810.627767468646,24810.752599500895,24810.414864346043,,,,
1771925160000000000,1771925220000000000,24824.96816159339,24825.279962189208,24824.955876666158,24824.763262422184,24822.159827997086,24822.180480927218,24822.31772614237,24822.022203472625,24810.709939867458,24810.730928031506,24810.875849583943,24810.55238836308,,,,
1771925220000000000,1771925280000000000,24824.971015252613,24825.280714966633,24824.95794923737,24824.7660343184,24822.176886548972,24822.193746405344,24822.332339733664,24822.03882228023,24810.795070659846,24810.810640045493,24810.957446136348,24810.636996904024,,,,
1771925280000000000,1771925340000000000,24824.971068757484,24825.283888709157,24824.957911488764,24824.763102555808,24822.18895007341,24822.21428414097,24822.343471916298,24822.04368942731,24810.881599053842,24810.909256468225,24811.042604716153,24810.713388595832,,,,
1771925340000000000,1771925400000000000,24824.971887302363,24825.283812136862,24824.960266110964,24824.76281187104,24822.2053478826,24822.23011525483,24822.362540536396,24822.057200140236,24810.988795736463,24811.015629869726,24811.153552172287,24810.8166490058,,,,
1771925400000000000,1771925460000000000,24824.96591784784,24825.27370101569,24824.955826479953,24824.758612521793,24822.20439840057,24822.220959651037,24822.364332061068,24822.0600436205,24811.061071893,24811.076243111027,24811.229669793796,24810.89446714967,,,,
1771925460000000000,1771925520000000000,24824.945428801817,24825.248024985354,24824.93738896449,24824.740257224395,24822.17403746096,24822.18045438779,24822.337652835588,24822.034198317724,24811.113176367064,24811.113994965617,24811.28691367878,24810.953155697443,,,,
1771925520000000000,1771925580000000000,24824.876065523415,24825.16777763153,24824.87369316686,24824.67481478696,24822.0481394186,24822.033190486392,24822.22267784444,24821.916477394472,24811.116779394895,24811.087580771786,24811.305743855304,24810.96861223504,,,,
1771925580000000000,1771925640000000000,24824.85007882438,24825.140922057693,24824.846684214477,24824.650132312367,24822.001244524083,24821.98564174774,24822.172696385904,24821.87224782386,24811.117081832734,24811.08704981993,24811.30161689676,24810.97276410564,,,,
1771925640000000000,1771925700000000000,24824.829954638317,24825.117860690923,24824.827852911956,24824.631281748487,24821.963563384663,24821.942153859247,24822.13745904604,24821.837258531188,24811.10708378174,24811.06894953964,24811.295001046274,24810.96660887241,,,,
1771925700000000000,1771925760000000000,24824.710189953716,24824.97789782057,24824.716977347365,24824.51618711748,24821.72259072084,24821.658759738893,24821.914747841653,24821.60608549168,24810.925354077044,24810.828098296894,24811.13862410867,24810.798794861217,,,,
1771925760000000000,1771925820000000000,24824.60122600817,24824.906668273332,24824.585800489414,24824.393422564975,24821.522048142757,24821.547509856817,24821.661784083833,24821.373521477482,24810.864551456012,24810.892199318667,24811.004464027945,24810.693645707022,,,,
1771925820000000000,1771925880000000000,24824.589487136735,24824.89313959734,24824.574264692263,24824.382383174972,24821.502046747282,24821.524074304176,24821.641921906063,24821.3549639662,24810.86681444803,24810.889682174115,24811.006920054122,24810.69797904192,,,,
1771925880000000000,1771925940000000000,24824.5822149618,24824.887032135055,24824.56690561253,24824.374481692645,24821.489755256796,24821.51474663909,24821.629237331956,24821.34118924509,24810.8686849819,24810.895669291338,24811.008244008277,24810.697827461347,,,,
1771925940000000000,1771926000000000000,24824.571497655958,24824.879174444177,24824.55473904526,24824.362924836903,24821.47694268127,24821.509314978157,24821.612637560796,24821.32629214409,24810.90375157269,24810.940967059363,24811.038055444355,24810.73011266156,,,,
1771926000000000000,1771926060000000000,24824.57194846931,24824.88389927368,24824.55286449692,24824.361436787964,24821.49532084647,24821.538741341858,24821.62498975368,24821.34003442764,24811.01139136356,24811.063865403165,24811.137363105034,24810.831512795776,,,,
1771926060000000000,1771926120000000000,24824.572823693226,24824.886665194426,24824.554378531073,24824.3611816559,24821.508945097707,24821.557580026132,24821.639466458437,24821.350941123634,24811.085261910142,24811.144897268005,24811.212431559044,24810.90175547528,,,,
1771926120000000000,1771926180000000000,24824.576334453148,24824.89124887559,24824.55793466488,24824.364965212124,24821.533382739097,24821.585834077803,24821.663193880453,24821.375690327295,24811.19722689076,24811.262044817926,24811.32344187675,24811.014341736693,,,,
1771926180000000000,1771926240000000000,24824.58127092957,24824.896210676834,24824.56249541688,24824.369394844907,24821.55352347407,24821.606827658798,24821.68205487632,24821.394548803688,24811.268228730827,24811.334170153415,24811.39269525802,24811.083682008368,,,,
1771926240000000000,1771926300000000000,24824.58415294541,24824.89957691533,24824.565589571237,24824.372163409585,24821.566119236144,24821.621030623788,24821.69481506545,24821.40678531028,24811.314753004008,24811.382871606587,24811.43945747107,24811.129784156652,,,,
1771926300000000000,1771926360000000000,24824.586458619317,24824.90046673378,24824.568223208567,24824.375771025894,24821.575584288083,24821.627753348395,24821.704789111667,24821.419043488782,24811.348267821457,24811.412586053742,24811.47368074062,24811.167194092828,,,,
1771926360000000000,1771926420000000000,24824.587694285514,24824.901277669123,24824.569483540185,24824.37680728948,24821.58726503632,24821.639278819082,24821.716085290805,24821.430124286057,24811.406170518636,24811.47022558885,24811.531070302997,24811.22437244277,,,,
1771926420000000000,1771926480000000000,24824.59032230564,24824.90484280521,24824.571635063297,24824.379144516904,24821.59690085963,24821.651311561018,24821.72448431349,24821.43905157869,24811.437391912285,24811.504719063916,24811.560599265922,24811.254663870182,,,,
1771926480000000000,1771926540000000000,24824.603084538983,24824.919331885936,24824.583197259675,24824.391417781106,24821.633315307365,24821.692246835442,24821.757853809486,24821.474242909793,24811.526473499012,24811.599956014954,24811.645518336267,24811.342162414778,,,,
1771926540000000000,1771926600000000000,24824.614738261876,24824.931002114317,24824.594769566564,24824.403643554968,24821.665164354894,24821.724677219492,24821.789218331534,24821.507235080146,24811.599519397696,24811.67375692122,24811.717915684447,24811.416849405185,,,,
1771926600000000000,1771926660000000000,24824.63662164539,24824.953018912573,24824.615655205052,24824.426524928556,24821.72166201673,24821.782214029492,24821.843112295734,24821.56576325229,24811.717042517565,24811.79264497106,24811.831894315823,24811.537252921265,,,,
1771926660000000000,1771926720000000000,24824.652829799863,24824.96887614095,24824.63271846249,24824.44234335794,24821.764174386695,24821.82457953958,24821.88714911932,24821.607291956585,24811.808444444447,24811.883795918366,24811.925404761903,24811.627387755103,,,,
1771926720000000000,1771926780000000000,24824.667729066772,24824.98119915008,24824.648590730787,24824.458416569807,24821.804268945543,24821.85971765079,24821.928993833524,24821.649809652215,24811.898902807152,24811.967423133236,24812.018277886233,24811.721246136327,,,,
1771926780000000000,1771926840000000000,24824.689914681738,24825.004345973968,24824.670041329806,24824.480105499762,24821.864143528564,24821.922726016037,24821.986687369168,24821.708381057702,24812.03514354024,24812.107870894677,24812.15156999946,24811.855835086015,,,,
1771926840000000000,1771926900000000000,24824.698017440234,24825.01231475778,24824.677986521252,24824.48835555636,24821.885352977522,24821.94396670743,24822.007373969467,24821.72984300422,24812.081022880215,24812.153768506058,24812.19674629879,24811.90209959623,,,,
1771926900000000000,1771926960000000000,24824.7372816528,24825.05077249729,24824.71650027105,24824.52881279364,24821.986254396623,24822.044541638883,24822.105855038637,24821.833032597184,24812.292835390286,24812.365029117915,24812.405310012287,24812.117206283056,,,,
1771926960000000000,1771927020000000000,24824.778080330834,24825.09435297724,24824.754986114618,24824.571027337974,24822.08685450592,24822.152302104892,24822.200821552702,24821.93645292303,24812.48831713664,24812.570163560085,24812.59317415432,24812.31665870108,,,,
1771927020000000000,1771927080000000000,24824.79960306736,24825.1160577564,24824.776407879803,24824.592777747752,24822.139177902467,24822.205556854493,24822.252632783882,24821.989147377444,24812.587366303083,24812.670430477603,24812.691553928835,24812.416273959545,,,,
1771927080000000000,1771927140000000000,24824.82050578311,24825.136729717084,24824.79760163955,24824.613378266506,24822.190029941274,24822.256445153012,24822.303821402184,24822.03922502625,24812.68414638439,24812.767211340477,24812.78881790824,24812.51206377699,,,,
1771927140000000000,1771927200000000000,24824.83669178385,24825.152865697946,24824.813710525843,24824.629109268782,24822.22925967622,24822.2959742226,24822.342661788112,24822.0773807213,24812.758411034436,24812.8418453353,24812.862574408682,24812.5849180846,,,,
1771927200000000000,1771927260000000000,24824.860653504347,24825.177974094568,24824.837479115766,24824.652612101178,24822.286781319795,24822.356528643915,24822.39946062672,24822.133787814233,24812.865251299827,24812.95274670448,24812.96846279082,24812.690313008767,,,,
1771927260000000000,1771927320000000000,24824.926275616886,24825.2475846926,24824.900236377485,24824.715446316543,24822.44040139279,24822.51992830436,24822.546260070154,24822.281145202945,24813.135115041478,24813.235730682944,24813.229156884227,24812.95184431575,,,,
1771927320000000000,1771927380000000000,24824.99550774146,24825.314137647332,24824.969299422297,24824.78478295863,24822.600454650084,24822.675356813997,24822.705338301872,24822.441183241248,24813.409771187613,24813.50400508088,24813.50256960286,24813.226630547488,,,,
1771927380000000000,1771927440000000000,24825.083551876487,24825.40897454195,24825.0551932992,24824.868374574064,24822.80175341524,24822.892505533084,24822.901327463176,24822.63267953904,24813.74843884028,24813.863908903757,24813.834164307773,24813.55225167267,,,,
1771927440000000000,1771927500000000000,24825.126984692688,24825.453271735838,24825.098539658215,24824.91112318905,24822.90009199339,24822.993262276363,24822.999169680243,24822.729444232966,24813.910681919224,24814.029329537294,24813.995783959166,24813.712462809068,,,,
1771927500000000000,1771927560000000000,24825.25193998046,24825.570340939357,24825.226524904556,24825.040495427504,24823.18261359628,24823.260748828776,24823.287184052442,24823.02102538915,24814.380806080306,24814.478988929513,24814.473431469632,24814.19504113345,,,,
1771927560000000000,1771927620000000000,24825.323530714177,24825.63947144679,24825.300416474776,24825.112255561853,24823.34547208337,24823.419660641135,24823.454235409074,24823.18397910481,24814.66188087195,24814.75462612817,24814.76021655826,24814.476415570007,,,,
1771927620000000000,1771927680000000000,24825.38647724863,24825.69488800961,24825.366928610543,24825.18243481947,24823.490142599156,24823.549813188867,24823.605679058473,24823.343657762,24814.923362015776,24814.9965230877,24815.03084821652,24814.758179498724,,,,
1771927680000000000,1771927740000000000,24825.4107600781,24825.720383244523,24825.390799793557,24825.20583953841,24823.5458244803,24823.60863122973,24823.660179110597,24823.397351548807,24815.024350406467,24815.101665752332,24815.130280285273,24814.85656575732,,,,
1771927740000000000,1771927800000000000,24825.470122437717,24825.776215283888,24825.450159940512,24825.266236051957,24823.68083620678,24823.737523636497,24823.79446905936,24823.53424048052,24815.265424610054,24815.334463976233,24815.370450606584,24815.10028472394,,,,
1771927800000000000,1771927860000000000,24825.503580214365,24825.80648392198,24825.48469403444,24825.299863820062,24823.75727623199,24823.80810516203,24823.87271828696,24823.61084321768,24815.40555938943,24815.466727460935,24815.513037906047,24815.24072065855,,,,
1771927860000000000,1771927920000000000,24825.526188219315,24825.83050430936,24825.506458556407,24825.32191630536,24823.80856254454,24823.86290649657,24823.921940675467,24823.66083806504,24815.49814459845,24815.563968347586,24815.60289491792,24815.331637668336,,,,
1771927920000000000,1771927980000000000,24825.548025100536,24825.851404671717,24825.528455124157,24825.344561062007,24823.857857747345,24823.910742539647,24823.97130156014,24823.71171394929,24815.5862171789,24815.650066173228,24815.691078255968,24815.42186657517,,,,
1771927980000000000,1771928040000000000,24825.5633228776,24825.866969824412,24825.544073966987,24825.359491641255,24823.89253830044,24823.94637018259,24824.006449998164,24823.745536206327,24815.64938691321,24815.71447439221,24815.754888592674,24815.483930929902,,,,
1771928040000000000,1771928100000000000,24825.57017090573,24825.873379694505,24825.551114069505,24825.366456172927,24823.90823880669,24823.961354208728,24824.022445486582,24823.761434969347,24815.679147324703,24815.743268995848,24815.78505069631,24815.513975079404,,,,
1771928100000000000,1771928160000000000,24825.60682786684,24825.904930315413,24825.591415173425,24825.407030458624,24823.995117531882,24824.03911750757,24824.11610986465,24823.856143519024,24815.862349567888,24815.914271868187,24815.977335231404,24815.70772958565,,,,
1771928160000000000,1771928220000000000,24825.62063205456,24825.91877322447,24825.60464096928,24825.42108040683,24824.027613986545,24824.07227742593,24824.14708679115,24823.88901324889,24815.93023883145,24815.98301768287,24816.04322579476,24815.77616194801,,,,
1771928220000000000,1771928280000000000,24825.628694760206,24825.927518481065,24825.61258630309,24825.428673547667,24824.046451464357,24824.092860518376,24824.165507197646,24823.906794140097,24815.96890223316,24816.023983504558,24816.081346766026,24815.813449573143,,,,
1771928280000000000,1771928340000000000,24825.64684122229,24825.945417261675,24825.63048787921,24825.447276305247,24824.088026594127,24824.134524025387,24824.20624886673,24823.949174977333,24816.049653829516,24816.10482475119,24816.161014351652,24815.895319486517,,,,
1771928340000000000,1771928400000000000,24825.664532331117,24825.96343500426,24825.647398561065,24825.46453117116,24824.127708800876,24824.175351118512,24824.24405903859,24823.987837544344,24816.121894484415,24816.17856115108,24816.230791366906,24815.9662470024,,,,
1771928400000000000,1771928460000000000,24825.683101284518,24825.980106377432,24825.666404851298,24825.484260659472,24824.169517290364,24824.213742595002,24824.286496712903,24824.03193180176,24816.199461131306,24816.251578343217,24816.309211784963,24816.046883967854,,,,
1771928460000000000,1771928520000000000,24825.694877205773,24825.991063984995,24825.67858460991,24825.496673961366,24824.196424922153,24824.239361318476,24824.314025929532,24824.060063471454,24816.252187435373,24816.30258196917,24816.36277621343,24816.101262349064,,,,
1771928520000000000,1771928580000000000,24825.708807656258,24826.005171276855,24825.691986906953,24825.5106071912,24824.22801996711,24824.271779041723,24824.34428435149,24824.09155297167,24816.31288784142,24816.364352711516,24816.42172546779,24816.161857829837,,,,
1771928580000000000,1771928640000000000,24825.716981486614,24826.013399361687,24825.700046182264,24825.51904530632,24824.246352574464,24824.290460348857,24824.36225499011,24824.110375831686,24816.34691378573,24816.398830186885,24816.455281991537,24816.196550002376,,,,
1771928640000000000,1771928700000000000,24825.735119408582,24826.029485402407,24825.719134973577,24825.536719223768,24824.287241041086,24824.327669728722,24824.404812419263,24824.1501632697,24816.424532998295,24816.47156504836,24816.535128840318,24816.27275744358,,,,
1771928700000000000,1771928760000000000,24825.76946139704,24826.066453726595,24825.75269488771,24825.5702313238,24824.364715057978,24824.41171322426,24824.48006938987,24824.22564656712,24816.573440003773,24816.629100292204,24816.681152205674,24816.419125271,,,,
1771928760000000000,1771928820000000000,24825.782425242272,24826.0789166825,24825.765953495604,24825.582907215783,24824.393782691383,24824.44015691869,24824.509528798146,24824.254021041368,24816.628625062705,24816.683443848757,24816.736870414785,24816.47342927013,,,,
1771928820000000000,1771928880000000000,24825.789819978465,24826.085641154026,24825.77354149761,24825.590471175263,24824.410622684518,24824.455899116558,24824.526616824594,24824.271142063262,24816.662491391184,24816.71585039444,24816.77107496713,24816.507689237413,,,,
1771928880000000000,1771928940000000000,24825.8065085221,24826.10126107644,24825.790660664414,24825.60727338551,24824.4492613374,24824.4931105508,24824.56573386839,24824.30982989453,24816.744898595458,24816.796345227518,24816.854142309312,24816.590223542065,,,,
1771928940000000000,1771929000000000000,24825.826040303877,24826.121836913862,24825.80966075363,24825.625494904634,24824.493565232777,24824.540325721366,24824.60854133475,24824.35125685962,24816.83404754142,24816.889293865574,24816.941351483536,24816.675648609624,,,,
1771929000000000000,1771929060000000000,24825.841730288637,24826.136834548455,24825.825758520186,24825.64131817869,24824.52881003685,24824.57471122258,24824.644326892507,24824.38664382352,24816.90314865555,24816.957240050157,24817.011186318672,24816.744984442485,,,,
1771929060000000000,1771929120000000000,24825.8461094399,24826.14070906747,24825.830081650194,24825.645904598197,24824.538683752227,24824.58371575826,24824.653997370093,24824.39690412313,24816.922849387527,24816.975791109875,24817.03062650798,24816.765207405344,,,,
1771929120000000000,1771929180000000000,24825.85360522834,24826.14770873053,24825.83801806908,24825.65358289964,24824.55618406522,24824.60060266441,24824.672188887715,24824.414684217943,24816.962060530295,24817.014179553662,24817.070761760348,24816.804819890727,,,,
1771929180000000000,1771929240000000000,24825.862169094296,24826.155467771543,24825.84747242095,24825.66207730712,24824.576746366612,24824.62009493671,24824.694270833334,24824.43496835443,24817.01218996184,24817.062880816102,24817.122908396417,24816.854632108567,,,,
1771929240000000000,1771929300000000000,24825.870627003296,24826.16296001097,24825.855481136765,24825.671170360463,24824.596499847914,24824.638344914718,24824.7128540219,24824.455911770896,24817.05691515486,24817.105615157932,24817.166115088865,24816.900957730915,,,,
1771929300000000000,1771929360000000000,24825.894026125883,24826.190446650126,24825.876324120818,24825.695024386067,24824.648518026206,24824.699541765774,24824.75921496782,24824.50866622359,24817.157585274155,24817.21828580598,24817.259401361636,24817.00265908674,,,,
1771929360000000000,1771929420000000000,24825.911486736746,24826.205893666127,24825.894016582613,24825.71283870416,24824.68677860001,24824.734204831053,24824.79768003002,24824.547525132642,24817.228248445495,24817.284210406,24817.330356734637,24817.074147311632,,,,
1771929420000000000,1771929480000000000,24825.918768117168,24826.211917616307,24825.901923766894,24825.720596777774,24824.70317366243,24824.748344024545,24824.81519096012,24824.56481836564,24817.26197051305,24817.314964853023,24817.36555424959,24817.10906974621,,,,
1771929480000000000,1771929540000000000,24825.922811361557,24826.21503159153,24825.906367400956,24825.72488046448,24824.712647581226,24824.756173161983,24824.825351321702,24824.574722251244,24817.2842078072,24817.33503897525,24817.38870116698,24817.131889045904,,,,
1771929540000000000,1771929600000000000,24825.93095428983,24826.221785817852,24825.914326501545,24825.73346638691,24824.731885946614,24824.773126911314,24824.843932443702,24824.59473172088,24817.330643939385,24817.378465909092,24817.434301136364,24817.179375,,,,
1771929600000000000,1771929660000000000,24825.935597602194,24826.225564646724,24825.918907142248,24825.73860478991,24824.743085918515,24824.782930807134,24824.854817301686,24824.606851620516,24817.359389650053,24817.405373831774,24817.46265084838,24817.209350331184,,,,
1771929660000000000,1771929720000000000,24825.945832908426,24826.235192392673,24825.930906684454,24825.751244943745,24824.77097490025,24824.811079300474,24824.885520506363,24824.639258735468,24817.45328606797,24817.49956110736,24817.560285842897,24817.309250506412,,,,
1771929720000000000,1771929780000000000,24825.95827533328,24826.250954878793,24825.941831966797,24825.763334351872,24824.79902618629,24824.846460892604,24824.91018461168,24824.66644299921,24817.512852441843,24817.568667264975,24817.61545882881,24817.36772492708,,,,
1771929780000000000,1771929840000000000,24825.973523643177,24826.2663419473,24825.957215255876,24825.778889849764,24824.832526521775,24824.880797885126,24824.94366910427,24824.700424005216,24817.57802410033,24817.634904478546,24817.680635094628,24817.433560019683,,,,
1771929840000000000,1771929900000000000,24825.995182130693,24826.289139896024,24825.978378858952,24825.800007620528,24824.87932874491,24824.93054889741,24824.98913462197,24824.74596801808,24817.66387254027,24817.72456304619,24817.764772271268,24817.517812555732,,,,
1771929900000000000,1771929960000000000,24826.003160968172,24826.296974441437,24825.986519338185,24825.80814996615,24824.896560964196,24824.947730304793,24825.006567919816,24824.763469366808,24817.695622003524,24817.75623413635,24817.796794985974,24817.549928752727,,,,
1771929960000000000,1771930020000000000,24826.00984588316,24826.30311194194,24825.993639085787,24825.814831418855,24824.911236217413,24824.961556861672,24825.021987339394,24824.778072033896,24817.724645736977,24817.784140430453,24817.826799292958,24817.578875400213,,,,
1771930020000000000,1771930080000000000,24826.015530872955,24826.30713343815,24826.000025358826,24825.820886375546,24824.92421114295,24824.971505596506,24825.03620452839,24824.79170932296,24817.754283558228,24817.809825550426,24817.85806829279,24817.6093971946,,,,
1771930080000000000,1771930140000000000,24826.0185660492,24826.30942993195,24826.00394074737,24825.82424731092,24824.932931050127,24824.979318444883,24825.046395196434,24824.800937904267,24817.787827831362,24817.842165235863,24817.89354976104,24817.643641030176,,,,
1771930140000000000,1771930200000000000,24826.0211314546,24826.31152969963,24826.006200430307,24825.826852008096,24824.93953920601,24824.98531261687,24825.052217556862,24824.807542583207,24817.80872391806,24817.86224985643,24817.913438176438,24817.664553606926,,,,
1771930200000000000,1771930260000000000,24826.02588793553,24826.314119312916,24826.01097276773,24825.832434300355,24824.95142375717,24824.993359003936,24825.063861276973,24824.820956032025,24817.84394640234,24817.89246696035,24817.948370044054,24817.701795154186,,,,
1771930260000000000,1771930320000000000,24826.029713390802,24826.31764869325,24826.01507034723,24825.83640374512,24824.961333807307,24825.00318244913,24825.074055422014,24824.831025493448,24817.87585489799,24817.924245419796,24817.98066868767,24817.733941830324,,,,
1771930320000000000,1771930380000000000,24826.03208548648,24826.320460704606,24826.017115462302,24825.83896800148,24824.967004374976,24825.00994519992,24825.078961166364,24824.837028956088,24817.89098569296,24817.940786008952,24817.994815895727,24817.749517247434,,,,
1771930380000000000,1771930440000000000,24826.03513243714,24826.3234895772,24826.020375565724,24825.841912445107,24824.97413258983,24825.017269347754,24825.086397431565,24824.843891517405,24817.908915578144,24817.958961602526,24818.013155299377,24817.767116682735,,,,
1771930440000000000,1771930500000000000,24826.04329124423,24826.332519293173,24826.02775968021,24825.850026060492,24824.99194228821,24825.037158285522,24825.102480593992,24824.861525480927,24817.944371517737,24817.99710116391,24818.04638684694,24817.80236501269,,,,
1771930500000000000,1771930560000000000,24826.05254609404,24826.342622152028,24826.03716122555,24825.859109315144,24825.011889514295,24825.059127372006,24825.12255637197,24824.8810458728,24817.982228920035,24818.03756606823,24818.0844253702,24817.8396889879,,,,
1771930560000000000,1771930620000000000,24826.06299598177,24826.352397501763,24826.048089595715,24825.86945116013,24825.03444668797,24825.080708396432,24825.145877502946,24824.903289584385,24818.02554601333,24818.07960242382,24818.12874907363,24817.882623479665,,,,
1771930620000000000,1771930680000000000,24826.067074535335,24826.35673402934,24826.052105013594,24825.873254389204,24825.04317323107,24825.09008274192,24825.154409538864,24824.911430829772,24818.04173382704,24818.09662382923,24818.144690699195,24817.898061424527,,,,
1771930680000000000,1771930740000000000,24826.072421334044,24826.36173193731,24826.05743586194,24825.878754320613,24825.054572395315,24825.10094618668,24825.165691909515,24824.923095022015,24818.06258977148,24818.116779107724,24818.165402611536,24817.91927094668,,,,
1771930740000000000,1771930800000000000,24826.078363132172,24826.368026902823,24826.063274672102,24825.884367347626,24825.06729079204,24825.11456759026,24825.17810243493,24824.93510495382,24818.086351580492,24818.14170181312,24818.188774511935,24817.942127918603,,,,
1771930800000000000,1771930860000000000,24826.130988607983,24826.41586409845,24826.115558328318,24825.938645331727,24825.17861831491,24825.21784152732,24825.287966022497,24825.049347485063,24818.286219538484,24818.331097692473,24818.386817985767,24818.145859391847,,,,
1771930860000000000,1771930920000000000,24826.146990392852,24826.429324049026,24826.132909820324,24825.955035400595,24825.212992554112,24825.247786211257,24825.324707047504,24825.08433203502,24818.353716201684,24818.392855607617,24818.45740016335,24818.21418131797,,,,
1771930920000000000,1771930980000000000,24826.15921348189,24826.442337203094,24826.14507960535,24825.967486489193,24825.239381608804,24825.276291313734,24825.35071416708,24825.11103637269,24818.40717561832,24818.449033391917,24818.510389429466,24818.268078357407,,,,
1771930980000000000,1771931040000000000,24826.200823538544,24826.491792361736,24826.18240664436,24826.009934904934,24825.32555952656,24825.378991693968,24825.427905456832,24825.19864158311,24818.55148658447,24818.614618436208,24818.643155739454,24818.41428144862,,,,
1771931040000000000,1771931100000000000,24826.223925504604,24826.51275590813,24826.206510169803,24826.034600608687,24825.37325253725,24825.422932765337,24825.477335958654,24825.249306518723,24818.631083553126,24818.68935590913,24818.72501967583,24818.49773462095,,,,
1771931100000000000,1771931160000000000,24826.252338763687,24826.542695584303,24826.23534467011,24826.06183054619,24825.43205465919,24825.485454395784,24825.536621254527,24825.305572933816,24818.731919838367,24818.7949478681,24818.826515745528,24818.59534203611,,,,
1771931160000000000,1771931220000000000,24826.278176294643,24826.56848224504,24826.26120362231,24826.087539183653,24825.48526900084,24825.5391594955,24825.589574574657,24825.35837219996,24818.821880721014,24818.88550908323,24818.91617289818,24818.684801436415,,,,
1771931220000000000,1771931280000000000,24826.29422789019,24826.58520194236,24826.27715697973,24826.103444704087,24825.518228825036,24825.57379804539,24825.62215704119,24825.39094680572,24818.877182071166,24818.942949907236,24818.971008496374,24818.73962725586,,,,
1771931280000000000,1771931340000000000,24826.30400917613,24826.59355848544,24826.28757619174,24826.11333521052,24825.538463218345,24825.591484587414,24825.643514347954,24825.41132440135,24818.912975594,24818.97545366511,24819.008260178518,24818.77561997389,,,,
1771931340000000000,1771931400000000000,24826.324438001135,24826.604133624107,24826.31244630584,24826.136329467357,24825.582608128803,24825.617377204133,24825.695811332746,24825.46021153157,24819.01231611238,24819.051307257894,24819.118126437985,24818.88111273792,,,,
1771931400000000000,1771931460000000000,24826.336073160943,24826.616939138745,24826.32348918077,24826.14583711004,24825.60913985469,24825.64741177997,24825.720564267645,24825.48223436689,24819.087563047327,24819.131017209842,24819.191139944298,24818.95063601596,,,,
1771931460000000000,1771931520000000000,24826.344151122517,24826.62422004906,24826.331069623484,24826.15364827711,24825.626480870065,24825.663672557777,24825.736678238492,24825.49892373924,24819.12654103435,24819.168598142467,24819.22856631976,24818.98880504188,,,,
1771931520000000000,1771931580000000000,24826.347121207127,24826.627089778187,24826.334248296913,24826.15647831238,24825.633036917265,24825.67027485853,24825.74352061439,24825.5051414713,24819.143280605123,24819.185390699407,24819.245683051056,24819.005124435796,,,,
1771931580000000000,1771931640000000000,24826.348944540387,24826.628460399705,24826.33627354223,24826.15857389588,24825.63714941191,24825.67367842833,24825.747938073542,24825.50974214812,24819.154721027076,24819.195918831705,24819.25752161592,24819.017199652488,,,,
1771931640000000000,1771931700000000000,24826.3487528661,24826.624337169407,24826.338043603173,24826.158582732747,24825.63947724199,24825.669220369535,24825.75364345265,24825.512223974765,24819.1891896528,24819.22168587896,24819.296348806092,24819.051914368047,,,,
1771931700000000000,1771931760000000000,24826.34786198125,24826.629128526747,24826.336860764055,24826.152728880446,24825.641278585605,24825.683364294408,24825.75424980783,24825.50400358721,24819.232652240305,24819.280894624888,24819.338329890372,24819.082641331916,,,,
1771931760000000000,1771931820000000000,24826.35134538677,24826.633962433792,24826.34060824397,24826.155933270125,24825.650404362852,24825.695913806863,24825.763483639264,24825.51239425379,24819.27118552011,24819.323770825697,24819.377031650984,24819.12029003218,,,,
1771931820000000000,1771931880000000000,24826.355611073002,24826.63895284282,24826.34493382809,24826.15956778028,24825.660288262454,24825.707740086,24825.773208313425,24825.520918936138,24819.301928050143,24819.356970226247,24819.40759169747,24819.149335878792,,,,
1771931880000000000,1771931940000000000,24826.35758361603,24826.639650476252,24826.347679695657,24826.161285718943,24825.66567879654,24825.71117114254,24825.779830764342,24825.52568727157,24819.32682571185,24819.37934910284,24819.434079954637,24819.173478067158,,,,
1771931940000000000,1771932000000000000,24826.356366421656,24826.63894004335,24826.34685304998,24826.160240217727,24825.664384612126,24825.71123151615,24825.779104128324,24825.52463984261,24819.33773277279,24819.391967822783,24819.44572368421,24819.18472592772,,,,
1771932000000000000,1771932060000000000,24826.353883081487,24826.635905138726,24826.344863309234,24826.157104826103,24825.660758972404,24825.70694352054,24825.776222322533,24825.519647438945,24819.34715107759,24819.400526358248,24819.456104041463,24819.19243334812,,,,
1771932060000000000,1771932120000000000,24826.34878485774,24826.630476678376,24826.339702462268,24826.15211911267,24825.652428810718,24825.698508264595,24825.76748720015,24825.51140924749,24819.354832763587,24819.408053488838,24819.463289262014,24819.200271465917,,,,
1771932120000000000,1771932180000000000,24826.340846950145,24826.620809375305,24826.332224766917,24826.144726797254,24825.638733881897,24825.682036003658,24825.75438026104,24825.498636463948,24819.35711087947,24819.40677745259,24819.4663357455,24819.20376458325,,,,
1771932180000000000,1771932240000000000,24826.330665617414,24826.610238999223,24826.322632723262,24826.13452021677,24825.620449897746,24825.66348906717,24825.73698088721,24825.480187195215,24819.350450504484,24819.39976608421,24819.46081660602,24819.19692910552,,,,
1771932240000000000,1771932300000000000,24826.321559189437,24826.600619094697,24826.312840340015,24826.126655105913,24825.604394253303,24825.646966034656,24825.7193189666,24825.46641135108,24819.347807017544,24819.396511164276,24819.45615031898,24819.19721889952,,,,
1771932300000000000,1771932360000000000,24826.315208066928,24826.596604243885,24826.305232628718,24826.1193451273,24825.59390395374,24825.641587863225,24825.706087957165,24825.453923471945,24819.354385267623,24819.40955882353,24819.459270667725,24819.20130166932,,,,
1771932360000000000,1771932420000000000,24826.312106752917,24826.592972098664,24826.30235038415,24826.116138293568,24825.588855358892,24825.635819938707,24825.70130245794,24825.448597473263,24819.358377641987,24819.412625982066,24819.463609038965,24819.204963891756,,,,
1771932420000000000,1771932480000000000,24826.31006548628,24826.590759155955,24826.300413331715,24826.114095723176,24825.585362105965,24825.632141071317,24825.69793424589,24825.445066879176,24819.35888642191,24819.41289350567,24819.464282174293,24819.205435730713,,,,
1771932480000000000,1771932540000000000,24826.30341210739,24826.583657744683,24826.29372789022,24826.107378810153,24825.57391609482,24825.62028228322,24825.686189956334,24825.433390517777,24819.35964114328,24819.413107103308,24819.464676277486,24819.205930628064,,,,
1771932540000000000,1771932600000000000,24826.297684550205,24826.57890278338,24826.28743949173,24826.10147236789,24825.564411624335,24825.613148966633,24825.67534549303,24825.423423493525,24819.364264489326,24819.420716314296,24819.467620897758,24819.210003155567,,,,
1771932600000000000,1771932660000000000,24826.29586034161,24826.577634718953,24826.28533349189,24826.099019639456,24825.561875084182,24825.61199527525,24825.672103758043,24825.41960150446,24819.371549517622,24819.42974010632,24819.4740253987,24819.215682220907,,,,
1771932660000000000,1771932720000000000,24826.295450517922,24826.57645836354,24826.28469302273,24826.09914133359,24825.562338381016,24825.611377459194,24825.671916697698,24825.420995469496,24819.385514079895,24819.44231827112,24819.487183202356,24819.230854616893,,,,
1771932720000000000,1771932780000000000,24826.295032206104,24826.576316425122,24826.284324677938,24826.098671497584,24825.562146673692,24825.611912070195,24825.671720460112,24825.420658543393,24819.391817456268,24819.44953291204,24819.493489225577,24819.236988263925,,,,
1771932780000000000,1771932840000000000,24826.293030478566,24826.57406826301,24826.282696284317,24826.09654903286,24825.559248077618,24825.60884037777,24825.669383805543,24825.417456262578,24819.398304531267,24819.455787844352,24819.50070045848,24819.243112974647,,,,
1771932840000000000,1771932900000000000,24826.28314801721,24826.559607783278,24826.274528608843,24826.086730348998,24825.542388362304,24825.583855629997,24825.655469449506,24825.40056037544,24819.39959525762,24819.446775075157,24819.50574415336,24819.244407137,,,,
1771932900000000000,1771932960000000000,24826.24242909532,24826.523773681598,24826.236117339013,24826.04210640104,24825.469088742993,24825.521406000735,24825.585817661675,24825.319433366058,24819.356306480764,24819.417137877615,24819.467116092175,24819.19134391944,,,,
1771932960000000000,1771933020000000000,24826.2344125755,24826.517588341623,24826.22717474765,24826.033732983535,24825.455404702137,24825.51171707586,24825.570097731586,24825.30495775424,24819.355568430543,24819.421417535727,24819.463825318657,24819.189648512936,,,,
1771933020000000000,1771933080000000000,24826.220646071135,24826.501484792847,24826.214436816477,24826.021018599826,24825.432005103496,24825.484697145297,24825.548209329634,24825.28338111504,24819.354682454257,24819.41592341996,24819.4648743849,24819.191132938646,,,,
1771933080000000000,1771933140000000000,24826.2110079794,24826.49226512288,24826.2045795257,24826.01180166818,24825.41524379109,24825.46920653762,24825.53077634222,24825.26731799367,24819.349412065443,24819.41223159509,24819.45877348543,24819.18678105828,,,,
1771933140000000000,1771933200000000000,24826.19439400695,24826.47324557212,24826.18915647299,24825.99750732671,24825.38553146917,24825.435467711086,24825.503034201658,24825.24190120533,24819.33078501077,24819.388507702304,24819.442646018884,24819.173607660257,,,,
1771933200000000000,1771933260000000000,24826.182634666988,24826.46113171213,24826.177318410413,24825.986078397047,24825.36435818151,24825.41396610786,24825.48152491891,24825.22127656349,24819.3156880699,24819.37298271718,24819.427136984472,24819.15922704208,,,,
1771933260000000000,1771933320000000000,24826.168219149033,24826.44728580512,24826.16245628676,24825.971729454777,24825.338810251138,24825.39002812812,24825.454845673412,24825.19573238968,24819.301042340325,24819.360339711646,24819.41108485183,24819.144624719444,,,,
1771933320000000000,1771933380000000000,24826.156902292718,24826.435112836883,24826.151220083535,24825.96102720473,24825.318722322867,24825.368704710145,24825.43470146437,24825.176721014486,24819.288851351357,24819.34657796842,24819.39883607273,24819.133816049198,,,,
1771933380000000000,1771933440000000000,24826.15066686769,24826.42927260896,24826.144627099005,24825.954881281148,24825.30786010837,24825.35886184746,24825.423016752615,24825.16596549956,24819.28411287572,24819.343109199104,24819.39307271728,24819.129230944167,,,,
1771933440000000000,1771933500000000000,24826.141493358253,24826.419851472594,24826.134536584977,24825.945851694512,24825.292477711926,24825.343557267064,24825.405602229308,24825.150726556156,24819.283002053187,24819.342071949515,24819.389428163853,24819.12833956845,,,,
1771933500000000000,1771933560000000000,24826.140929452155,24826.423928011776,24826.13155202843,24825.943290279687,24825.29372687269,24825.35422292229,24825.40193519352,24825.14804230423,24819.305164319256,24819.37602621074,24819.405442682833,24819.145608947805,,,,
1771933560000000000,1771933620000000000,24826.142034313707,24826.423256641367,24826.133164334282,24825.945611954456,24825.29741762246,24825.354969604407,24825.40636510646,24825.153939448388,24819.3239690173,24819.391112822632,24819.425193485367,24819.16721456212,,,,
1771933620000000000,1771933680000000000,24826.141032024512,24826.421768304248,24826.13237880153,24825.94475926277,24825.29612672193,24825.352919172878,24825.405399946136,24825.15289373672,24819.327731066158,24819.39391351676,24819.429371082166,24819.17129612252,,,,
1771933680000000000,1771933740000000000,24826.135780490098,24826.41728904819,24826.127203664815,24825.93936319712,24825.287910009458,24825.34661788861,24825.39708824847,24825.144295953407,24819.332625082687,24819.40118499382,24819.43416544985,24819.175746003217,,,,
1771933740000000000,1771933800000000000,24826.13196789872,24826.412593510307,24826.123829148386,24825.935552855022,24825.28146103735,24825.33869908996,24825.391362076683,24825.13780396837,24819.331223431447,24819.397929989904,24819.433678335015,24819.174305321812,,,,
1771933800000000000,1771933860000000000,24826.125064385556,24826.40764348786,24826.11639959792,24825.927538631346,24825.26988949454,24825.331203645786,24825.378592916928,24825.124043129897,24819.329604682123,24819.4013975445,24819.43057525096,24819.169972384967,,,,
1771933860000000000,1771933920000000000,24826.115975646237,24826.397162143003,24826.108420235974,24825.918625257953,24825.25428633724,24825.313373372184,24825.364870740916,24825.108677231372,24819.323556606356,24819.39253667436,24819.4269002718,24819.164252736613,,,,
1771933920000000000,1771933980000000000,24826.109810387232,24826.389675444258,24826.10193718225,24825.91283663608,24825.24398860061,24825.300926200794,24825.353791263435,24825.09900997447,24819.322126223222,24819.388396506874,24819.42450529543,24819.163638052767,,,,
1771933980000000000,1771934040000000000,24826.10619542127,24826.385646290615,24826.09846196208,24825.90949964597,24825.23773782683,24825.294039990506,24825.347727171593,24825.093249377,24819.319140180214,24819.384607530075,24819.42175896703,24819.161276548344,,,,
1771934040000000000,1771934100000000000,24826.10055980122,24826.379583765764,24826.09265221562,24825.904232317516,24825.22812151204,24825.28387708537,24825.337646679705,24825.08426674964,24819.31566620939,24819.380436394647,24819.417714860407,24819.158614808497,,,,
1771934100000000000,1771934160000000000,24826.095303187405,24826.37539279766,24826.08706163781,24825.898281117432,24825.219565174513,24825.27767093701,24825.32828079233,24825.074321725493,24819.31634163491,24819.384033971062,24819.417392128926,24819.15757872923,,,,
1771934160000000000,1771934220000000000,24826.093048447343,24826.374065904736,24826.084439464346,24825.895334233413,24825.216667651377,24825.27686035863,24825.324512200525,24825.07004224395,24819.324056632817,24819.39433979686,24819.424032779316,24819.163591874425,,,,
1771934220000000000,1771934280000000000,24826.088036803394,24826.377431952293,24826.080076382477,24825.886611936327,24825.212179072914,24825.289333764173,24825.32058743611,24825.058302978676,24819.359730678018,24819.451120443042,24819.46046587325,24819.19031027653,,,,
1771934280000000000,1771934340000000000,24826.09907491231,24826.38536821403,24826.089006844504,24825.89885040427,24825.237375434703,24825.30982056752,24825.341235863118,24825.0855007452,24819.428895043067,24819.51432059177,24819.524008854718,24819.262070473345,,,,
1771934340000000000,1771934400000000000,24826.103679903485,24826.390320366845,24826.093245040083,24825.90377686621,24825.247198470835,24825.320592698514,24825.350213032947,24825.095857530567,24819.45128102531,24819.53786693827,24819.54535575279,24819.285147866573,,,,
1771934400000000000,1771934460000000000,24826.457849156148,24826.797533567064,24826.38851581518,24826.25522069293,24825.928439526364,24826.106745136734,24825.919146461798,24825.77043276008,24820.536389721434,24820.75210845473,24820.49201052485,24820.362636788177,,,,
1771934460000000000,1771934520000000000,24826.623693936195,24826.983688461012,24826.54849260848,24826.415792155247,24826.238550486483,24826.456000724153,24826.21778562277,24826.070347315064,24820.998981506917,24821.262393573194,24820.94098461961,24820.81289480912,,,,
1771934520000000000,1771934580000000000,24826.884564162196,24827.278439473128,24826.794688982205,24826.656022476665,24826.71836977949,24826.999284830148,24826.67020870582,24826.512089121166,24821.668607796077,24822.009322492308,24821.577506423477,24821.43599344129,,,,
1771934580000000000,1771934640000000000,24827.180695000956,24827.567710443775,24827.087088979933,24826.957701139076,24827.256719041667,24827.526531832762,24827.201311300494,24827.060226716683,24822.401035765863,24822.727282572476,24822.301668193937,24822.18079806731,,,,
1771934640000000000,1771934700000000000,24827.511321007485,24827.912721805405,24827.42537606437,24827.27010018459,24827.85059649781,24828.148001553753,24827.80841972729,24827.620918052988,24823.21291962601,24823.57187510228,24823.130498641705,24822.952557850287,,,,
1771934700000000000,1771934760000000000,24827.81878283387,24828.246844247133,24827.72067517573,24827.56905290418,24828.397706389598,24828.74396336938,24828.333281978903,24828.152665129342,24823.93958656415,24824.35729516671,24823.830566280045,24823.66089428793,,,,
1771934760000000000,1771934820000000000,24828.612848846256,24829.01516092727,24828.490850093545,24828.38912681244,24829.79364472331,24830.096009748762,24829.686106393736,24829.594635588168,24825.75096719404,24826.113539143837,24825.590823844872,24825.529007957728,,,,
1771934820000000000,1771934880000000000,24828.888010113777,24829.276992334657,24828.772899666914,24828.669968436825,24830.26974090068,24830.549410086365,24830.174251041026,24830.08055726917,24826.369628257806,24826.704089890438,24826.224622992406,24826.159806088148,,,,
1771934880000000000,1771934940000000000,24829.063928148615,24829.450742915127,24828.950904182067,24828.844429948535,24830.571554499464,24830.84805687567,24830.47962498084,24830.37963104911,24826.762836557282,24827.093072121625,24826.622495133182,24826.549850132873,,,,
1771934940000000000,1771935000000000000,24829.36610040518,24829.742377434035,24829.25742543064,24829.15015770826,24831.084539598334,24831.34380447139,24831.0,24830.898541114057,24827.43365895537,24827.742364899874,24827.302893260996,24827.228108141055,,,,
1771935000000000000,1771935060000000000,24829.482218153957,24829.846385239427,24829.37859053055,24829.273698757985,24831.278544147946,24831.51724332881,24831.202708050656,24831.10537589829,24827.69102164214,24827.97462297862,24827.571043546726,24827.50105989946,,,,
1771935060000000000,1771935120000000000,24829.570613620508,24829.930380517286,24829.466876593247,24829.364266175922,24831.42480010339,24831.656382100602,24831.34864710223,24831.255265264263,24827.886681926335,24828.161468843176,24827.766562885885,24827.70118663976,,,,
1771935120000000000,1771935180000000000,24829.676139313135,24830.047238216343,24829.56626209084,24829.465038362076,24831.601162896906,24831.85302909526,24831.51419109954,24831.42318901953,24828.116353991853,24828.41533055622,24827.983436600935,24827.92078488372,,,,
1771935180000000000,1771935240000000000,24829.847081423035,24830.226987641312,24829.73794476322,24829.6364225304,24831.886853030268,24832.15475276698,24831.80103127244,24831.70944858494,24828.484833834165,24828.802735711524,24828.35363050787,24828.29007616554,,,,
1771935240000000000,1771935300000000000,24829.942433563967,24830.31475824441,24829.837049416747,24829.73334777852,24832.045019818754,24832.30016159274,24831.965629163173,24831.870226229832,24828.689562474083,24828.991927839328,24828.56627873393,24828.498015285262,,,,
1771935300000000000,1771935360000000000,24830.054999952765,24830.42016672805,24829.95332818653,24829.849325013456,24832.229049582384,24832.472402876287,24832.155954732865,24832.05998601124,24828.931338494604,24829.219267904977,24828.815881560742,24828.746769303227,,,,
1771935360000000000,1771935420000000000,24830.126607749207,24830.48113440807,24830.029562039927,24829.925886940673,24832.343154980048,24832.568653799168,24832.27793183484,24832.18249450281,24829.085751302926,24829.352045148444,24828.979954763716,24828.91133542191,,,,
1771935420000000000,1771935480000000000,24830.176256828272,24830.528470792317,24830.07851592249,24829.977248046707,24832.421931448243,24832.643841788646,24832.35540776687,24832.264101658588,24829.192354811425,24829.454197415627,24829.08515335589,24829.02138085932,,,,
1771935480000000000,1771935540000000000,24830.23194338931,24830.58906263189,24830.135888832618,24830.029757885255,24832.508340406614,24832.739262762218,24832.444590457137,24832.344858736513,24829.31225030713,24829.584673089757,24829.208575771205,24829.13458022577,,,,
1771935540000000000,1771935600000000000,24830.25703968074,24830.61402947954,24830.161931977855,24830.054051680527,24832.54682647242,24832.777788533676,24832.484640074053,24832.381882093847,24829.36624209968,24829.638609060647,24829.264537197858,24829.18685772181,,,,
1771935600000000000,1771935660000000000,24830.283423604174,24830.63713920889,24830.18870848359,24830.082078661933,24832.58674955738,24832.81237928537,24832.525159946887,24832.424541284403,24829.4230626756,24829.6889360351,24829.322184216602,24829.24699082092,,,,
1771935660000000000,1771935720000000000,24830.307552999184,24830.66231136768,24830.213449642,24830.10578822738,24832.622565547583,24832.85030224941,24832.561946076778,24832.459539521216,24829.47515061686,24829.743423703447,24829.375546825533,24829.2981422322,,,,
1771935720000000000,1771935780000000000,24830.32534610914,24830.681908534792,24830.231034862885,24830.12261853101,24832.649342790737,24832.880385910074,24832.588311493146,24832.48459966338,24829.513287279067,24829.78543114839,24829.413267650943,24829.33425489745,,,,
1771935780000000000,1771935840000000000,24830.38226530857,24830.714507161967,24830.299150561532,24830.183281546088,24832.728437616788,24832.918835428543,24832.68631175306,24832.56980391689,24829.637167449142,24829.860442452697,24829.560065443166,24829.465556978237,,,,
1771935840000000000,1771935900000000000,24830.404063192324,24830.7416954031,24830.319774778218,24830.203141077334,24832.75733482288,24832.95745287728,24832.713056499728,24832.595243754604,24829.68474996459,24829.919471596542,24829.605230910893,24829.50907352316,,,,
1771935900000000000,1771935960000000000,24830.443270106243,24830.773384312473,24830.358632541145,24830.247147155475,24832.812922836732,24833.000875242466,24832.767856720442,24832.658832852343,24829.768519822715,24829.98855569328,24829.688264127555,24829.60244943377,,,,
1771935960000000000,1771936020000000000,24830.462114077836,24830.79383863284,24830.37649914137,24830.265251080207,24832.84017728571,24833.031166639124,24832.793363884233,24832.68473950096,24829.808407100372,24830.031979766754,24829.72615743993,24829.640761556835,,,,
1771936020000000000,1771936080000000000,24830.499470124207,24830.830414408934,24830.413154511778,24830.305270651326,24832.89615933674,24833.086270795586,24832.848028978515,24832.745123185166,24829.886551328353,24830.108955516363,24829.802869810475,24829.72418885249,,,,
1771936080000000000,1771936140000000000,24830.524681477378,24830.85591969091,24830.44058058507,24830.328615289083,24832.931940110582,24833.122967646577,24832.887462461582,24832.77760246815,24829.939674170786,24830.163054090997,24829.86046077775,24829.773425949166,,,,
1771936140000000000,1771936200000000000,24830.533103055193,24830.862877649233,24830.449456881455,24830.33813653976,24832.943374966802,24833.132082767024,24832.899622721096,24832.79085625908,24829.957518524712,24830.17809487994,24829.879216808735,24829.793449495795,,,,
1771936200000000000,1771936260000000000,24830.567735180764,24830.899349131945,24830.483110592584,24830.37185047217,24832.989291486025,24833.181867978183,24832.94366812736,24832.83499021025,24830.03089187843,24830.255861429443,24829.950586142942,24829.864778829648,,,,
1771936260000000000,1771936320000000000,24830.585958482592,24830.915909434065,24830.501335737717,24830.389675099166,24833.01430614333,24833.204401711388,24832.96859159187,24832.8592289448,24830.069077192016,24830.29100883246,24829.988762765664,24829.902077008002,,,,
1771936320000000000,1771936380000000000,24830.60379612119,24830.937035819014,24830.51931832196,24830.40568047905,24833.037449862048,24833.233515336997,24832.991867798104,24832.87915304537,24830.106661165362,24830.335565946913,24830.026622885434,24829.93588227204,,,,
1771936380000000000,1771936440000000000,24830.624994303616,24830.9589998086,24830.54181106964,24830.426038334288,24833.063817871083,24833.26170927735,24833.02027183076,24832.90394697337,24830.1514023127,24830.382320729404,24830.073936286724,24829.97881471949,,,,
1771936440000000000,1771936500000000000,24830.635411127307,24830.959765609023,24830.556668348356,24830.441218178596,24833.07056086943,24833.25278212085,24833.034326715257,24832.91854823876,24830.174699041294,24830.38688174093,24830.106072625014,24830.011486817737,,,,
1771936500000000000,1771936560000000000,24830.637830888478,24830.97496579935,24830.558781102278,24830.431077218975,24833.047492913767,24833.25275112546,24833.010269826293,24832.873925696877,24830.18556818793,24830.424588776004,24830.116199336127,24829.997023329568,,,,
1771936560000000000,1771936620000000000,24830.62982291398,24830.961976274437,24830.55490589491,24830.42601299772,24833.024034325048,24833.221493909343,24832.99356263868,24832.855261966215,24830.171942141395,24830.4015846483,24830.110706405456,24829.9891347954,,,,
1771936620000000000,1771936680000000000,24830.613740315806,24830.949530042282,24830.538166390616,24830.409627400284,24832.98372171564,24833.188016435888,24832.951902510413,24832.814246313184,24830.14324016756,24830.380735407423,24830.080617843196,24829.959696059937,,,,
1771936680000000000,1771936740000000000,24830.610244222724,24830.946646587425,24830.534319871727,24830.4057676276,24832.972026951153,24833.1776698484,24832.9395143178,24832.801858506456,24830.1377232951,24830.37671196588,24830.07437283107,24829.953402739146,,,,
1771936740000000000,1771936800000000000,24830.589373519273,24830.918244602388,24830.517135744936,24830.38652943543,24832.926771459875,24833.120435793662,24832.900213536657,24832.759173132392,24830.099175604573,24830.323872769917,24830.04300405829,24829.917957941336,,,,
1771936800000000000,1771936860000000000,24830.462789468293,24830.761607606913,24830.406560263604,24830.25410131002,24832.692426421774,24832.83758574906,24832.691978313786,24832.514759902635,24829.857868658997,24830.025127557663,24829.83277255688,24829.66497240589,,,,
1771936860000000000,1771936920000000000,24830.355066074415,24830.6409407319,24830.29436157518,24830.15242641209,24832.495413951245,24832.62044412262,24832.487090766463,24832.327496544007,24829.654429895785,24829.797825862825,24829.62032663608,24829.47313580947,,,,
1771936920000000000,1771936980000000000,24830.27026423085,24830.565382938814,24830.208849598435,24830.058897152063,24832.34216150206,24832.48344854657,24832.332341572714,24832.159621213774,24829.495251315646,24829.657589365677,24829.459579143317,24829.296896189964,,,,
1771936980000000000,1771937040000000000,24830.227945442068,24830.52500791077,24830.168205969992,24830.01456899507,24832.2659876664,24832.41095458597,24832.258770571098,24832.080045218372,24829.416224749086,24829.582802182395,24829.38369865895,24829.213936975757,,,,
1771937040000000000,1771937100000000000,24830.18269306591,24830.489942566503,24830.118372805173,24829.967485017347,24832.18086041969,24832.34338573993,24832.16583091845,24831.99176055881,24829.333956248152,24829.520974281008,24829.29243158495,24829.128069175214,,,,
1771937100000000000,1771937160000000000,24830.14364410297,24830.450552620194,24830.081854817563,24829.92989983349,24832.108744740737,24832.271286563562,24832.097676948262,24831.921945676993,24829.262799495587,24829.44972257251,24829.226037200504,24829.05968474149,,,,
1771937160000000000,1771937220000000000,24830.089225930467,24830.385684487224,24830.02959076583,24829.880479559542,24832.011350879828,24832.157350007506,24832.003606362214,24831.832637980224,24829.162627897833,24829.330076801445,24829.129878523203,24828.969053535126,,,,
1771937220000000000,1771937280000000000,24829.996003621807,24830.293233841865,24829.936120646977,24829.78353440077,24831.84689121012,24831.995086335537,24831.83841931358,24831.661900447663,24828.991057042243,24829.160917177454,24828.95763878507,24828.79025265361,,,,
1771937280000000000,1771937340000000000,24829.921048185868,24830.212034774926,24829.864695686923,24829.707710650797,24831.716779888902,24831.855392208894,24831.713862647277,24831.530256872946,24828.852893286057,24829.01145577624,24828.826083587493,24828.650375660196,,,,
1771937340000000000,1771937400000000000,24829.850767003703,24830.139622763807,24829.79389178766,24829.63845281307,24831.595005250958,24831.73074767936,24831.591022984376,24831.410044826927,24828.724041760248,24828.879161833305,24828.696099785277,24828.5234222672,,,,
1771937400000000000,1771937460000000000,24829.787982782676,24830.080586577737,24829.726084645314,24829.578612145186,24831.48456166565,24831.6271281857,24831.47215207189,24831.304264789444,24828.611014293547,24828.77398689281,24828.57337510125,24828.415920080508,,,,
1771937460000000000,1771937520000000000,24829.723355767856,24830.004957516212,24829.66596075246,24829.51528836112,24831.37257223899,24831.49786741281,24831.367280505954,24831.19427502515,24828.49417586802,24828.636921047488,24828.464952914306,24828.301482802424,,,,
1771937520000000000,1771937580000000000,24829.67170609447,24829.964302712993,24829.61062621403,24829.4553944711,24831.282602491825,24831.426325955315,24831.271135675506,24831.090812278137,24828.401840005838,24828.565975093643,24828.365527861555,24828.19349248431,,,,
1771937580000000000,1771937640000000000,24829.622876810095,24829.917750166693,24829.55917737344,24829.40922962507,24831.195100503384,24831.343288465134,24831.179131353732,24831.007498805593,24828.31748458842,24828.48669164753,24828.276083343408,24828.114112172127,,,,
1771937640000000000,1771937700000000000,24829.594749894524,24829.89126836003,24829.527871610826,24829.380364196502,24831.141854416426,24831.293427035966,24831.120509508062,24830.952929929725,24828.27209723424,24828.445119459666,24828.22459078454,24828.067277184888,,,,
1771937700000000000,1771937760000000000,24829.566161964034,24829.858627991223,24829.501673395327,24829.355942905248,24831.09030567056,24831.235839049208,24831.072661125872,24830.908020762527,24828.22379687039,24828.389713451274,24828.180696861607,24828.026757714317,,,,
1771937760000000000,1771937820000000000,24829.55229024653,24829.844046633116,24829.487851181755,24829.342543161118,24831.06513254383,24831.20978967063,24831.04748216415,24830.88355812328,24828.200643383818,24828.365498542833,24828.15759071473,24828.004461086424,,,,
1771937820000000000,1771937880000000000,24829.537961961694,24829.829400165385,24829.472698937727,24829.328363335662,24831.038309952557,24831.182816153247,24831.019216077362,24830.85690553345,24828.177679322886,24828.342301462533,24828.133022783575,24827.981736220285,,,,
1771937880000000000,1771937940000000000,24829.529486609023,24829.819380879737,24829.464720792017,24829.319622425628,24831.022961779312,24831.165145555486,24831.004617110197,24830.84109765841,24828.163599923875,24828.325498965198,24828.119846801626,24827.967142041532,,,,
1771937940000000000,1771938000000000000,24829.50845985561,24829.799743570213,24829.444059112142,24829.298324954932,24830.98562824889,24831.130393238906,24830.967763198234,24830.803263024503,24828.12799814951,24828.29284002752,24828.084870465707,24827.930998078336,,,,
1771938000000000000,1771938060000000000,24829.47852991797,24829.79119377359,24829.404370131673,24829.269621643456,24830.924524957463,24831.104894254924,24830.89058828296,24830.743882181345,24828.086495413416,24828.292400441438,24828.02499823894,24827.891642011837,,,,
1771938060000000000,1771938120000000000,24829.489401089377,24829.805605060366,24829.411158036095,24829.27790920957,24830.928356177217,24831.115625815255,24830.887513545786,24830.743317412853,24828.121712538225,24828.335326907443,24828.052521484147,24827.9219254442,,,,
1771938120000000000,1771938180000000000,24829.48415764101,24829.79259688224,24829.409024604018,24829.27443811432,24830.91460407587,24831.08995761526,24830.878587458516,24830.732296373302,24828.11794281794,24828.317659913973,24828.05445660469,24827.92137852088,,,,
1771938180000000000,1771938240000000000,24829.4751082251,24829.78515600634,24829.396833713836,24829.260270469204,24830.89188365468,24831.070572450804,24830.850634814153,24830.70126217452,24828.110444327038,24828.313852391235,24828.041095752746,24827.904367850413,,,,
1771938240000000000,1771938300000000000,24829.481779750706,24829.791240707767,24829.40140582002,24829.26765368763,24830.898233654374,24831.0763842099,24830.853532113273,24830.708671871904,24828.127456927465,24828.330157258617,24828.054217884448,24827.922658288695,,,,
1771938300000000000,1771938360000000000,24829.479741206094,24829.78494152592,24829.401594521707,24829.268036240257,24830.89068344661,24831.062460486803,24830.849413969892,24830.70489568516,24828.12847285584,24828.32372833029,24828.059296589872,24827.92808508212,,,,
1771938360000000000,1771938420000000000,24829.476910146503,24829.778086193848,24829.3992823382,24829.26644977608,24830.882129677062,24831.04790000394,24830.84157809976,24830.69824376502,24828.127769820698,24828.316015323056,24828.059514675126,24827.92962533533,,,,
1771938420000000000,1771938480000000000,24829.473736294054,24829.78287262437,24829.391842547513,24829.26097607691,24830.868380352007,24831.047602733022,24830.82084002232,24830.680685800424,24828.13162577402,24828.33521996253,24828.05551119563,24827.92919215403,,,,
1771938480000000000,1771938540000000000,24829.487099419235,24829.79844576516,24829.402460358073,24829.2728048976,24830.884763465623,24831.067926405743,24830.832761833222,24830.694555546885,24828.161272614176,24828.369311794595,24828.080129502225,24827.956000719456,,,,
1771938540000000000,1771938600000000000,24829.501823385912,24829.831853172996,24829.425370652985,24829.275956434863,24830.895068171867,24831.108878450475,24830.855674437484,24830.68638850228,24828.202088338225,24828.445129682357,24828.135763301896,24827.97572070469,,,,
1771938600000000000,1771938660000000000,24829.507211861808,24829.84244267808,24829.433039590338,24829.278694588807,24830.89829507524,24831.120734478507,24830.862352680633,24830.68537686797,24828.217489443065,24828.47032800319,24828.15525059798,24827.98632397236,,,,
1771938660000000000,1771938720000000000,24829.517757427748,24829.852603785104,24829.44306242369,24829.28965201465,24830.91154688491,24831.133652239063,24830.874690219585,24830.69923923693,24828.240125597247,24828.49249619012,24828.176908253638,24828.009712436775,,,,
1771938720000000000,1771938780000000000,24829.519616749374,24829.848812325476,24829.446793187333,24829.294440244365,24830.911557583433,24831.12501437828,24830.877564127142,24830.703821747633,24828.246553636214,24828.488911778964,24828.18669027894,24828.021438329,,,,
1771938780000000000,1771938840000000000,24829.509472370974,24829.837603456668,24829.438390792355,24829.284597127556,24830.89160756728,24831.103726607154,24830.86023789498,24830.684294534814,24828.23247212889,24828.473197619518,24828.1757087643,24828.007900169094,,,,
1771938840000000000,1771938900000000000,24829.50455836818,24829.834567405895,24829.433374519744,24829.278684588076,24830.881573506875,24831.096834984066,24830.849976622583,24830.672663689624,24828.22607671233,24828.470356164384,24828.169101369862,24827.99970410959,,,,
1771938900000000000,1771938960000000000,24829.50201448078,24829.832720186492,24829.43035243802,24829.275120808135,24830.874594560293,24831.091197753023,24830.842161763307,24830.664048367133,24828.224682437307,24828.470430048754,24828.16681059927,24827.996474562187,,,,
1771938960000000000,1771939020000000000,24829.497693851743,24829.830476900148,24829.427000411957,24829.269767850437,24830.863371357358,24831.083599058573,24830.83232855977,24830.651154955773,24828.22167283816,24828.471471357003,24828.16549090612,24827.991614027444,,,,
1771939020000000000,1771939080000000000,24829.497211899652,24829.83136733928,24829.426526394152,24829.26864416012,24830.860546248223,24831.08309327976,24830.829455757495,24830.647301292494,24828.223026744945,24828.475434877146,24828.16683382257,24827.991818873666,,,,
1771939080000000000,1771939140000000000,24829.504970961603,24829.839885094967,24829.4331600998,24829.27623725291,24830.8687913777,24831.092843509647,24830.835827805808,24830.655243116576,24828.24111419345,24828.49515073362,24828.182855269715,24828.009617260137,,,,
1771939140000000000,1771939200000000000,24829.54984293382,24829.886042774957,24829.472900819634,24829.3291739884,24830.93057094737,24831.157300099552,24830.889364469655,24830.72951689551,24828.330113925775,24828.587010094052,24828.262585282915,24828.113057701827,,,,
1771939200000000000,1771939260000000000,24829.57973513932,24829.910341083596,24829.50549851833,24829.358311738168,24830.97027380619,24831.188832819364,24830.93310438277,24830.76794692085,24828.390376782438,24828.637746367353,24828.327620428427,24828.171954246827,,,,
1771939260000000000,1771939320000000000,24829.58602111902,24829.913063656506,24829.51319614947,24829.365168572967,24830.976350469733,24831.189662242767,24830.941279264836,24830.774861131824,24828.405202821865,24828.64647870797,24828.344926075268,24828.187788018437,,,,
1771939320000000000,1771939380000000000,24829.59750456396,24829.930431325185,24829.52257446847,24829.370952215817,24830.99082045656,24831.21355919597,24830.95238383012,24830.78042079622,24828.428924749478,24828.680908665403,24828.36486766802,24828.201359487688,,,,
1771939380000000000,1771939440000000000,24829.61314980146,24829.94452567377,24829.54033757251,24829.38895884557,24831.011093600326,24831.23174191156,24830.97584129044,24830.804315379624,24828.460585466182,24828.71008185076,24828.400254988443,24828.237218770544,,,,
1771939440000000000,1771939500000000000,24829.636082447603,24829.972537653113,24829.560890657023,24829.40945081264,24831.043012741095,24831.27183460621,24831.00396887771,24830.83240102077,24828.5047338675,24828.763488086934,24828.440143971588,24828.277034312167,,,,
1771939500000000000,1771939560000000000,24829.724925518396,24830.061368680934,24829.645041039064,24829.500474783083,24831.172193424267,24831.401639645603,24831.125666335796,24830.964863424135,24828.66961498621,24828.928878133793,24828.59665151388,24828.445780666025,,,,
1771939560000000000,1771939620000000000,24829.767911711748,24830.105761714123,24829.689786711755,24829.54220460037,24831.23393977148,24831.465913046664,24831.190024917094,24831.024610212346,24828.74948401492,24829.011520761425,24828.679602029075,24828.52342851166,,,,
1771939620000000000,1771939680000000000,24829.79333077013,24830.132784218622,24829.71557657045,24829.567620962967,24831.27049844864,24831.505147852167,24831.22709297222,24831.061134173327,24828.796503294576,24829.061530674015,24828.72725802075,24828.570443776483,,,,
1771939680000000000,1771939740000000000,24829.823968068296,24830.165130731697,24829.74580423918,24829.59844161675,24831.314886297274,24831.552384472187,24831.270779721493,24831.105772740542,24828.852771298454,24829.120980506497,24828.782784644703,24828.62703577974,,,,
1771939740000000000,1771939800000000000,24829.85680823194,24830.198063556873,24829.7783312486,24829.631326481245,24831.362757152925,24831.600594761003,24831.318102639536,24831.153681506847,24828.912704350234,24829.181234413965,24828.842148534914,24828.687048004987,,,,
1771939800000000000,1771939860000000000,24830.01380013156,24830.36364330522,24829.92752140944,24829.795012687075,24831.5940803319,24831.845859187033,24831.537177318693,24831.39519980463,24829.195690644563,24829.47986722471,24829.111379708473,24828.98178463188,,,,
1771939860000000000,1771939920000000000,24830.11420620697,24830.462530892393,24830.030998541763,24829.897129789053,24831.741311003065,24831.991198451287,24831.688996938592,24831.544971186744,24829.3757315639,24829.657587069778,24829.296788468637,24829.164796734625,,,,
1771939920000000000,1771939980000000000,24830.168787482016,24830.512450170096,24830.088335564233,24829.952712734244,24831.82035168361,24832.063368585485,24831.77217922936,24831.625489280712,24829.473651484797,24829.747577578804,24829.399512960463,24829.26444764708,,,,
1771939980000000000,1771940040000000000,24830.202980727692,24830.548466737484,24830.123321261395,24829.98517515496,24831.869100083608,24832.11514242207,24831.822070942315,24831.671533500536,24829.53516400239,24829.812454122828,24829.462393463014,24829.3229192154,,,,
1771940040000000000,1771940100000000000,24830.23620000854,24830.58177398482,24830.15630428573,24830.019426276333,24831.916890176308,24832.163255909596,24831.869436845118,24831.720867753815,24829.594576127496,24829.872166836216,24829.52137843337,24829.38412004069,,,,
1771940100000000000,1771940160000000000,24830.262643644684,24830.609302935012,24830.183314407175,24830.044980200328,24831.954814061024,24832.202997518434,24831.908178681733,24831.757395604593,24829.64182254537,24829.92142596015,24829.56960085911,24829.42980380608,,,,
1771940160000000000,1771940220000000000,24830.28980306396,24830.63312666488,24830.21202467226,24830.074435539216,24831.993191672613,24832.236453136138,24831.948869609765,24831.799251603705,24829.690485840896,24829.964423232814,24829.620950622164,24829.48245480707,,,,
1771940220000000000,1771940280000000000,24830.312600709607,24830.653931742123,24830.23455802036,24830.098604397135,24832.02539777142,24832.265767047982,24831.980618094967,24831.83352310128,24829.73125240224,24830.00184593288,24829.66124223697,24829.525595250136,,,,
1771940280000000000,1771940340000000000,24830.33523595618,24830.67683946003,24830.257586067808,24830.120338235465,24832.05708095053,24832.29804106134,24832.012844989877,24831.86378893901,24829.77176290464,24830.042968907732,24829.702420250353,24829.56452150212,,,,
1771940340000000000,1771940400000000000,24830.37902099655,24830.714379535013,24830.3051485054,24830.1661304695,24832.116116257697,24832.34799519129,24832.077498497278,24831.925792023198,24829.850675196165,24830.111407367236,24829.78784546477,24829.64687776171,,,,
1771940400000000000,1771940460000000000,24830.40924529681,24830.74687384537,24830.33501957094,24830.19560548679,24832.156204671053,24832.391906414614,24832.116925573897,24831.964658832647,24829.90512653796,24830.170086025806,24829.841641242372,24829.699994998497,,,,
1771940460000000000,1771940520000000000,24830.492925288276,24830.846447971093,24830.409618328078,24830.28165350887,24832.274907824547,24832.53533051694,24832.22162098796,24832.08685820464,24830.0526363775,24830.345482484932,24829.973392960157,24829.85154960116,,,,
1771940520000000000,1771940580000000000,24830.584519287044,24830.938667064536,24830.498605547968,24830.371609989557,24832.40685298979,24832.668611654215,24832.349476948188,24832.216216570072,24830.212710527703,24830.50691969589,24830.128951106755,24830.008751088935,,,,
1771940580000000000,1771940640000000000,24830.74894260336,24831.119914493764,24830.656243212656,24830.529332754144,24832.645425573763,24832.93327925458,24832.577577344186,24832.44448396724,24830.498084460698,24830.8216434639,24830.40263808597,24830.282537950286,,,,
1771940640000000000,1771940700000000000,24830.841107663873,24831.208894617375,24830.750345039978,24830.621998722498,24832.77886633002,24833.06216709325,24832.713872051398,24832.578622198394,24830.657314357726,24830.97558180536,24830.565204562372,24830.442612834977,,,,
1771940700000000000,1771940760000000000,24830.950146185518,24831.31280573821,24830.859731576074,24830.7295738436,24832.936252978503,24833.21212643183,24832.871683102232,24832.733718026007,24830.84505515578,24831.154756333002,24830.753547992357,24830.6278252306,,,,
1771940760000000000,1771940820000000000,24831.018958193727,24831.38115140433,24830.92810324365,24830.79826289907,24833.03533670092,24833.310723858285,24832.970035393973,24832.83257018659,24830.96317200119,24831.272226111305,24830.870914031813,24830.74572200832,,,,
1771940820000000000,1771940880000000000,24831.092197757338,24831.4553339607,24831.000505249493,24830.871574507648,24833.14085492643,24833.417890560733,24833.074221963256,24832.93815122018,24831.088579636522,24831.399400884133,24830.9948934582,24830.871243407782,,,,
1771940880000000000,1771940940000000000,24831.333351201487,24831.714214779036,24831.232958713266,24831.104903963344,24833.490093309516,24833.794465242918,24833.410165489662,24833.27546583851,24831.499639346785,24831.841091384715,24831.391140433552,24831.268941506856,,,,
1771940940000000000,1771941000000000000,24831.466708120897,24831.83772354338,24831.371334535695,24831.24083317389,24833.682097300847,24833.971952004882,24833.60964351083,24833.471286818287,24831.72573712426,24832.050617461227,24831.625813708597,24831.49942561746,,,,
1771941000000000000,1771941060000000000,24831.533957553755,24831.904268409166,24831.439668758638,24831.308578957425,24833.778114996174,24834.067098944946,24833.707239956715,24833.568016197754,24831.83933413535,24832.163138748856,24831.741266135807,24831.61386724717,,,,
1771941060000000000,1771941120000000000,24831.64419329768,24832.004043693185,24831.549776237767,24831.42602535505,24833.93538108233,24834.20894956709,24833.86422573527,24833.73606104504,24832.025047537554,24832.33130347975,24831.926777904544,24831.81181308233,,,,
1771941120000000000,1771941180000000000,24831.803185272853,24832.163896580987,24831.708730654995,24831.578499408202,24834.160608318965,24834.435966572324,24834.089262238114,24833.951403426505,24832.291555681495,24832.59961745537,24832.193247615,24832.067261736087,,,,
1771941180000000000,1771941240000000000,24831.85762065132,24832.21851058847,24831.76328716559,24831.633030566612,24834.237669797978,24834.513459866947,24834.1664608615,24834.0285787116,24832.38251178134,24832.69098963242,24832.28441682375,24832.15837888784,,,,
1771941240000000000,1771941300000000000,24831.978840892403,24832.345241008075,24831.88386680606,24831.749271526125,24834.409574586163,24834.693954251085,24834.33731395775,24834.192967852563,24832.58466407711,24832.902675873975,24832.4855052917,24832.352127939048,,,,
1771941300000000000,1771941360000000000,24832.258784254715,24832.62325891425,24832.157083549988,24832.027417606125,24834.808458040152,24835.09060652109,24834.725976388294,24834.589066268043,24833.049940172845,24833.365142469218,24832.939509866832,24832.814408734142,,,,
1771941360000000000,1771941420000000000,24832.36376157931,24832.726499100154,24832.263018791888,24832.134507734263,24834.957391915337,24835.23719616626,24834.87628141262,24834.74111553916,24833.223513074317,24833.5359651887,24833.114720425223,24832.991542781936,,,,
1771941420000000000,1771941480000000000,24832.42801418048,24832.792003903494,24832.328234578996,24832.19782937103,24835.048177489967,24835.330007725053,24834.968464933187,24834.830488486383,24833.329429082278,24833.644090446684,24833.222269490427,24833.095903079626,,,,
1771941480000000000,1771941540000000000,24832.474189562352,24832.836729129485,24832.374997934432,24832.24448355256,24835.113274902757,24835.393060547867,24835.034410031676,24834.896281615704,24833.405401870077,24833.71771066093,24833.29923962623,24833.172683791618,,,,
1771941540000000000,1771941600000000000,24832.510838736187,24832.872417361057,24832.41206162559,24832.28103844926,24835.164698087436,24835.443151639345,24835.086426229507,24834.947549180328,24833.465550309822,24833.776316760108,24833.36009193346,24833.23267833432,,,,
1771941600000000000,1771941660000000000,24832.653429807524,24833.01601259504,24832.55573208663,24832.42174454453,24835.36372892877,24835.64408238173,24835.286961663947,24835.14371533442,24833.698664808155,24834.011389479863,24833.59504759372,24833.46265864573,,,,
1771941660000000000,1771941720000000000,24832.747758743364,24833.107618630616,24832.65165904986,24832.516887417216,24835.494666005507,24835.7712533329,24835.420201437213,24835.275821844312,24833.85214012521,24834.160509391215,24833.75121272747,24833.617508952717,,,,
1771941720000000000,1771941780000000000,24832.82360664933,24833.185794051442,24832.726973109115,24832.591397320743,24835.599961894568,24835.88022328161,24835.524647930146,24835.37910038754,24833.97531044114,24834.28771290646,24833.87350737772,24833.738459786862,,,,
1771941780000000000,1771941840000000000,24832.922312935552,24833.279953565434,24832.828356968454,24832.68774661551,24835.73621859601,24836.010037159707,24835.664796227484,24835.511822441233,24834.13492020295,24834.43995718355,24834.0375947949,24833.89416535133,,,,
1771941840000000000,1771941900000000000,24833.099046018753,24833.443376334762,24833.013327280612,24832.87735920646,24835.974805549326,24836.22962274432,24835.91537889836,24835.769367607936,24834.41705320436,24834.700491711912,24834.33341910575,24834.197714034013,,,,
1771941900000000000,1771941960000000000,24833.15813838574,24833.501044168886,24833.072034127552,24832.93749053215,24836.054134503203,24836.30709513992,24835.994065741317,24835.850186188487,24834.510846252644,24834.792113988708,24834.42656712071,24834.293220718704,,,,
1771941960000000000,1771942020000000000,24833.243579090496,24833.592034834783,24833.157816782856,24833.021215979967,24836.16873743082,24836.43024005476,24836.109070305163,24835.96219296709,24834.646134813145,24834.936852060026,24834.562413013224,24834.42565976125,,,,
1771942020000000000,1771942080000000000,24833.292509347153,24833.63965779181,24833.20793848118,24833.070566970877,24836.234219317474,24836.49399240812,24836.176249166165,24836.02825910867,24834.723388981827,24835.01209376001,24834.64163003239,24834.503604100664,,,,
1771942080000000000,1771942140000000000,24833.359623287797,24833.710952027774,24833.276961535154,24833.135137531845,24836.322607064856,24836.588844839047,24836.26735352768,24836.112845408796,24834.828393310872,24835.12422442829,24834.749771760326,24834.604405247297,,,,
1771942140000000000,1771942200000000000,24833.388074299175,24833.73776952152,24833.305943164247,24833.164561141653,24836.36002907666,24836.623990613298,24836.30551528105,24836.1516766486,24834.872815090104,24835.166047252456,24834.795061277764,24834.65042916556,,,,
1771942200000000000,1771942260000000000,24833.419435955177,24833.76672564474,24833.338381320038,24833.19681518417,24836.400200553035,24836.660795956348,24836.34721466534,24836.193130204392,24834.921128219612,24835.210525851107,24834.845137245728,24834.700209245657,,,,
1771942260000000000,1771942320000000000,24833.51957034964,24833.871243764086,24833.433119505185,24833.300421424832,24836.53056452962,24836.798079637414,24836.46949983533,24836.32850432846,24835.076232423195,24835.37319260195,24834.991345765775,24834.861005825787,,,,
1771942320000000000,1771942380000000000,24833.561504212434,24833.90876612989,24833.476683640823,24833.34375599872,24836.584588750007,24836.84584187225,24836.525852392722,24836.38454077562,24835.140708756942,24835.430582532765,24835.058492790522,24834.927769611702,,,,
1771942380000000000,1771942440000000000,24833.604272617657,24833.94350462815,24833.5222350782,24833.38694010001,24836.636889450136,24836.886671187814,24836.58214166004,24836.43738989445,24835.204724260748,24835.481661931077,24835.12705802116,24834.992447748704,,,,
1771942440000000000,1771942500000000000,24833.649034618626,24833.994588629757,24833.56682379093,24833.427381533435,24836.690341982536,24836.94973136229,24836.63523210764,24836.48444851628,24835.27082501778,24835.558379466533,24835.192855934263,24835.051459486665,,,,
1771942500000000000,1771942560000000000,24833.684124018044,24834.029284095963,24833.60397521545,24833.462460562812,24836.731850521872,24836.99094138406,24836.679668031327,24836.525891157304,24835.322302628916,24835.609422282167,24835.247686145838,24835.10291193305,,,,
1771942560000000000,1771942620000000000,24833.709437602414,24834.05159892172,24833.62925299963,24833.48810455098,24836.762196000902,24837.01709319207,24836.7099003058,24836.556685148575,24835.359623323893,24835.641990961154,24835.284934968604,24835.140766231973,,,,
1771942620000000000,1771942680000000000,24833.72140282135,24834.06270397009,24833.641621912066,24833.500821161135,24836.775525942376,24837.02928542785,24836.723781926707,24836.571090906287,24835.376634803066,24835.657690320357,24835.302596451947,24835.158999311057,,,,
1771942680000000000,1771942740000000000,24833.74931106993,24834.08464361691,24833.671719990733,24833.533287170627,24836.80351575099,24837.048934830356,24836.754848748984,24836.60566068165,24835.414375146425,24835.68599458264,24835.343874826423,24835.204145308668,,,,
1771942740000000000,1771942800000000000,24833.770308871553,24834.096008590433,24833.69935768163,24833.56123042271,24836.810743354465,24837.042833953175,24836.771516049874,24836.622854682355,24835.43426479919,24835.690797525156,24835.374477325266,24835.23525462333,,,,
1771942800000000000,1771942860000000000,24833.776328749584,24834.103160598497,24833.705959012455,24833.566621072743,24836.804822831655,24837.039009647182,24836.7662872008,24836.615917847284,24835.435066215825,24835.69380388842,24835.37616018597,24835.23498309383,,,,
1771942860000000000,1771942920000000000,24833.787879103307,24834.108268884473,24833.717533777104,24833.58211635145,24836.807951044935,24837.033209259484,24836.769307577313,24836.624675344287,24835.44541728344,24835.694085587405,24835.386493237787,24835.2516611156,,,,
1771942920000000000,1771942980000000000,24833.785910224444,24834.10368869493,24833.717151782002,24833.580260286784,24836.797409616473,24837.019124757127,24836.760985721387,24836.614240206043,24835.437540187075,24835.682196353388,24835.381145478637,24835.243932099904,,,,
1771942980000000000,1771943040000000000,24833.77562029725,24834.09322596024,24833.70799325809,24833.570538731008,24836.77139387846,24836.993213433576,24836.736488767838,24836.588964420236,24835.414167905597,24835.658846031773,24835.35954596328,24835.221426423668,,,,
1771943040000000000,1771943100000000000,24833.768550798104,24834.083689366587,24833.701167409767,24833.564835983325,24836.753051731015,24836.971561658185,24836.718410468424,24836.572538162225,24835.397847134314,24835.638773232964,24835.343578250948,24835.207268836184,,,,
1771943100000000000,1771943160000000000,24833.73586197665,24834.04763216426,24833.672336764008,24833.52566571246,24836.686026085103,24836.900315161965,24836.65673733034,24836.496001010895,24835.333327822864,24835.56939462069,24835.285156056274,24835.132246945825,,,,
1771943160000000000,1771943220000000000,24833.719377566787,24834.032409548177,24833.656071780882,24833.508526259546,24836.653373104094,24836.869775455758,24836.624297836075,24836.4623425226,24835.30155369558,24835.539896859656,24835.253682406827,24835.09939203216,,,,
1771943220000000000,1771943280000000000,24833.652574011117,24833.943760401035,24833.595571457012,24833.450177136612,24836.53014806657,24836.716024229074,24836.509821953012,24836.35109397944,24835.1786005479,24835.38281912465,24835.1406382493,24834.98985307547,,,,
1771943280000000000,1771943340000000000,24833.55658445608,24833.852761545328,24833.5024348673,24833.355036624464,24836.36646488458,24836.560450953857,24836.349899412115,24836.188417659807,24835.010561788677,24835.22359351037,24834.97694830091,24834.823028493018,,,,
1771943340000000000,1771943400000000000,24833.17158328168,24833.43084744746,24833.16171089204,24832.926690695676,24835.759641922352,24835.903125935216,24835.80541017657,24835.519327784983,24834.3698911586,24834.52658727029,24834.405663893052,24834.113652496253,,,,
1771943400000000000,1771943460000000000,24831.956765245737,24832.375263457703,24831.89590809836,24831.657210671223,24833.882337744923,24834.256166951498,24833.853045553304,24833.56542532756,24832.414891010616,24832.823627869067,24832.368973503428,24832.075731002664,24809.083333333332,24812.5,24808.0625,24807.754565135543
1771943460000000000,1771943520000000000,24829.765179134243,24829.5513582806,24830.051278729363,24829.56405465852,24830.76256784578,24830.27119283798,24831.20760730551,24830.581751824815,24829.100238747513,24828.561647289727,24829.573516233013,24828.911157982253,24795.606192767864,24790.648335672748,24798.86026168037,24795.84396932023
1771943520000000000,1771943580000000000,24828.18588659952,24827.940191705165,24828.43680190466,24828.000030977288,24828.58038946824,24828.055692875787,24828.97188969677,24828.419592489685,24826.789602512556,24826.216583947724,24827.203482871286,24826.62264120058,24789.732816676944,24785.59253547193,24791.995103331275,24790.002294108574
1771943580000000000,1771943640000000000,24825.44833709511,24824.73201642594,24825.921192060796,24825.327980312897,24824.88406248558,24823.738064746874,24825.568190733306,24824.81029639116,24822.85907905715,24821.614208385483,24823.589413329162,24822.786802252816,24778.646541452083,24772.018312632536,24782.044656922146,24779.280854286575
1771943640000000000,1771943700000000000,24822.62518694558,24822.15576694164,24823.01058566339,24822.342068790425,24821.150189398133,24820.349893671224,24821.70950230379,24820.85799293357,24818.909776274293,24818.042931984193,24819.503170279007,24818.60128128368,24770.185243185017,24766.092580164055,24772.536052075564,24769.71205567984
1771943700000000000,1771943760000000000,24820.233423102363,24819.80365893168,24820.64215516543,24819.95675697566,24818.048388130486,24817.312167531883,24818.632283588628,24817.765023820204,24815.651912860896,24814.85669664448,24816.27049987333,24815.35356451947,24765.043040332093,24761.674084104576,24767.237415767475,24764.63083763381
1771943760000000000,1771943820000000000,24817.290395102515,24816.933272376908,24817.80172890121,24816.965569451,24814.28504877021,24813.655329777066,24814.996405188453,24813.93900383378,24811.704151338046,24811.025804545003,24812.458332412694,24811.33903852315,24758.72521999361,24756.095042769706,24761.158609707985,24758.10562458521
1771943820000000000,1771943880000000000,24814.97033262105,24814.797539162784,24815.5013033444,24814.537946394255,24811.36292655435,24810.98045904779,24812.093864400355,24810.877923910983,24808.651876615844,24808.240243380584,24809.42570339663,24808.1383364536,24754.449963984927,24752.840550199468,24756.77927401928,24753.394148936168
1771943880000000000,1771943940000000000,24813.609771659998,24814.1954895175,24813.678792433144,24812.893162424894,24809.771682918916,24810.372850790984,24809.900424355477,24808.9238020724,24807.076613451656,24807.717961338367,24807.204626134855,24806.176438335206,24757.119710312305,24758.64815215822,24757.416556590153,24755.04089071748
1771943940000000000,1771944000000000000,24813.38085103812,24813.931087303314,24813.41035639185,24812.723228917406,24809.595213748773,24810.150634352183,24809.671725636897,24808.82656876081,24806.97500172776,24807.56624986425,24807.047314191357,24806.161044852743,24761.142134223584,24762.460407209965,24761.275579277946,24759.39508999261
1771944000000000000,1771944060000000000,24813.800134900528,24814.659514006195,24813.653287760415,24813.116003307998,24810.266655826126,24811.213239421562,24810.11816990101,24809.46857653275,24807.793195330793,24808.79932342092,24807.62621909878,24806.949704618943,24767.737334173362,24770.023709048546,24767.264778778946,24766.008748989585
1771944060000000000,1771944120000000000,24814.82425044092,24815.84105510891,24814.574205490277,24814.13583281797,24811.660378649703,24812.8024039833,24811.382118051053,24810.860305749327,24809.351988393762,24810.563831985088,24809.047748882072,24808.50781859752,24774.50381767446,24777.185407145367,24773.725965130077,24772.84070135349
1771944120000000000,1771944180000000000,24815.59244658892,24816.61901087918,24815.36967858807,24814.92418338612,24812.690761540674,24813.842308473028,24812.447272463927,24811.91833990223,24810.49784597486,24811.718192054406,24810.23108648549,24809.684017746597,24779.010666555703,24781.633964796205,24778.344867673677,24777.461378815304
1771944180000000000,1771944240000000000,24816.27752710086,24817.302577772745,24816.047210604134,24815.599850814855,24813.59569112179,24814.743200445544,24813.343136959484,24812.813311499394,24811.49673422828,24812.71154845586,24811.22079248366,24810.673107922412,24782.571642297182,24785.124538708584,24781.90151054238,24781.030505076695
1771944240000000000,1771944300000000000,24817.95749128882,24819.25139226721,24817.57513352071,24817.156083914255,24815.751107962213,24817.229271255062,24815.31034362348,24814.817805668015,24813.83478333504,24815.39760246393,24813.360346308385,24812.85260314931,24789.423615668773,24792.657967522362,24788.34266534156,24787.578470438224
1771944300000000000,1771944360000000000,24820.146591416367,24821.520497736114,24819.74047174925,24819.325972514507,24818.515011591306,24820.08696234336,24818.046492383608,24817.561578963952,24816.80972845094,24818.46918343914,24816.306941994557,24815.807691347647,24797.20790927126,24800.544843463867,24796.103947298914,24795.37336244541
1771944360000000000,1771944420000000000,24822.463651852315,24823.686213613415,24822.064815651687,24821.688004113945,24821.406906590702,24822.7874302168,24820.94906544114,24820.51240590276,24819.909758737387,24821.364751185312,24819.419236695016,24818.97130008804,24804.735619578893,24807.553015129444,24803.692815582996,24803.081254552075
1771944420000000000,1771944480000000000,24824.517171828415,24825.827889639393,24824.05419144549,24823.783225040686,24823.943054089727,24825.427862484,24823.40807051325,24823.102253759385,24822.61701347547,24824.18009154491,24822.04600456936,24821.73616970108,24810.870250520275,24813.838978842152,24809.6927756669,24809.36512660024
1771944480000000000,1771944540000000000,24828.03711109397,24828.99848106373,24827.582455321914,24827.5985691739,24828.24157906248,24829.295465852392,24827.71935565858,24827.763679592186,24827.187532217467,24828.294532126503,24826.63132978562,24826.68977606962,24820.542479677762,24822.52869193386,24819.438587257922,24819.821273770085
1771944540000000000,1771944600000000000,24829.63547736048,24830.606753831755,24829.150044606293,24829.222662922664,24830.174586383924,24831.23890093768,24829.616225202524,24829.728526574672,24829.23689729024,24830.353901591014,24828.643341405033,24828.772941995427,24824.648671545263,24826.62406587519,24823.492578113983,24823.99904472519
1771944600000000000,1771944660000000000,24831.231467518515,24832.067563600784,24830.81362164729,24830.838528836193,24832.09113426875,24832.990418227433,24831.615798284143,24831.669719861286,24831.26730456471,24832.21004689426,24830.7615954805,24830.829578024608,24828.599329236862,24830.21800819294,24827.627989270502,24828.00553769567
1771944660000000000,1771944720000000000,24832.593321726836,24833.42937710533,24832.174572412074,24832.20395206932,24833.715215155426,24834.61332948782,24833.239811234136,24833.29860196189,24832.985470421925,24833.926178291524,24832.48025489389,24832.553081272592,24831.835505110063,24833.427450209645,24830.880919156185,24831.256797038783
1771944720000000000,1771944780000000000,24833.58613097845,24834.45394552171,24833.155273514254,24833.17770566902,24834.89433826323,24835.829856216995,24834.405072110683,24834.45516222796,24834.230277803294,24835.2096421984,24833.710912931176,24833.774444711416,24834.11696305116,24835.76403185333,24833.147030393815,24833.499132611258
1771944780000000000,1771944840000000000,24834.55257327171,24835.368400830044,24834.180522149352,24834.17793553828,24836.034280575062,24836.90654590914,24835.61630974705,24835.636028433877,24835.433740924364,24836.34622548883,24834.989476561193,24835.021006838055,24836.274536754227,24837.78434605363,24835.45088311745,24835.73811913281
1771944840000000000,1771944900000000000,24835.500037465918,24836.301289010244,24835.12819785293,24835.129653540804,24837.146178732277,24838.000217974182,24836.729110124492,24836.75334664123,24836.606213197036,24837.499029259423,24836.163282080746,24836.199365416935,24838.32736939015,24839.786730605803,24837.516010076484,24837.804607259925
1771944900000000000,1771944960000000000,24836.335227722706,24836.971443767685,24836.05589348582,24836.001767046804,24838.112078288243,24838.768419816028,24837.80610552691,24837.7636692222,24837.626369977494,24838.311739010453,24837.300090275487,24837.266236126346,24840.050053026214,24841.128894785037,24839.45431038531,24839.612593627466
1771944960000000000,1771945020000000000,24836.723549948452,24837.324704967865,24836.467969179892,24836.38842870346,24838.55162624362,24839.166001423706,24838.274249456575,24838.201430378296,24838.09211001151,24838.733240900638,24837.795981253323,24837.73026368225,24840.799275320755,24841.792735042734,24840.261755004874,24840.36062066196
1771945020000000000,1771945080000000000,24837.196392309987,24837.736791146897,24836.918392403324,24836.878639699473,24839.089097980177,24839.631169238488,24838.78538961548,24838.75971960858,24838.659714215206,24839.224966261365,24838.336341012422,24838.31976854642,24841.706844521137,24842.562300417932,24841.12836418335,24841.3074404195
1771945080000000000,1771945140000000000,24837.429491957188,24837.942727086636,24837.15606793441,24837.120197405024,24839.35071469322,24839.860563248792,24839.05263303252,24839.031456356,24838.93635111339,24839.46777269508,24838.619012712883,24838.60705722584,24842.135002320345,24842.928906457175,24841.570321477502,24841.754535711127
1771945140000000000,1771945200000000000,24837.614180478824,24838.143062851832,24837.33715952647,24837.30384651537,24839.55790406493,24840.08630939493,24839.25571021831,24839.23747455939,24839.1552165725,24839.7058708636,24838.833707425343,24838.82476351897,24842.47141360589,24843.29507815916,24841.902310614343,24842.08953049847
1771945200000000000,1771945260000000000,24837.727276765734,24838.025225019734,24837.61549112223,24837.421167488486,24839.64912978753,24839.90489993767,24839.542563934596,24839.33390772601,24839.259480704142,24839.525337443443,24839.142402632027,24838.934685210545,24842.519772778272,24842.85841589886,24842.300776484077,24842.14926479869
1771945260000000000,1771945320000000000,24837.785238100074,24838.14212565068,24837.641057041532,24837.4429407109,24839.694361404243,24840.02009506442,24839.549556440765,24839.336602792144,24839.311497662202,24839.65014581347,24839.15469742147,24838.942489359975,24842.53832334199,24842.995784578303,24842.25577463846,24842.09567745457
1771945320000000000,1771945380000000000,24837.954769790576,24838.385017163306,24837.798244467787,24837.562747837623,24839.872714201807,24840.285098507604,24839.7133933534,24839.4566264989,24839.50170210494,24839.930468807746,24839.329918215808,24839.07205971124,24842.78943623067,24843.3925070488,24842.484679595364,24842.248701403696
1771945380000000000,1771945440000000000,24838.20288096742,24838.615232481243,24838.057342140986,24837.83432697041,24840.14007693685,24840.53167003375,24839.99369219518,24839.75184800252,24839.784909923597,24840.19181561189,24839.626757325674,24839.38445042252,24843.180578498774,24843.744386468174,24842.90081853702,24842.68968049854
1771945440000000000,1771945500000000000,24838.25718738577,24838.63247759808,24838.1346912388,24837.894271332458,24840.188902762406,24840.537184731533,24840.069552076875,24839.807437815412,24839.838569088035,24840.200271386788,24839.70864932304,24839.445247715827,24843.223521610365,24843.712116774066,24842.991043009177,24842.745350029287
1771945500000000000,1771945560000000000,24838.338137641087,24838.73176835198,24838.199309805404,24837.96702512745,24840.270817626348,24840.64077148859,24840.132308782482,24839.87987252165,24839.926250207107,24840.310410291113,24839.77646852299,24839.52314662323,24843.326827341418,24843.850198872413,24843.06348350131,24842.833840168365
1771945560000000000,1771945620000000000,24838.709247386054,24839.128890547,24838.527174282895,24838.401717357807,24840.681599062216,24841.08226534604,24840.492502174828,24840.36526586913,24840.35781391681,24840.773738911885,24840.15555847132,24840.03246451804,24843.948981442067,24844.520375100514,24843.603972139445,24843.582183908045
1771945620000000000,1771945680000000000,24838.9343987392,24839.337684568112,24838.813474493203,24838.679885739544,24840.917915212907,24841.299740848357,24840.800299328563,24840.66359368164,24840.607994456685,24841.004121039314,24840.480228267967,24840.347232912336,24844.266214474468,24844.802750617466,24844.04254391645,24844.002800569822
1771945680000000000,1771945740000000000,24839.113898295374,24839.555075679058,24838.978024057775,24838.84173070769,24841.113446762916,24841.539613087945,24840.978372320693,24840.838534123566,24840.813438264595,24841.25554130873,24840.66760215748,24840.53132453053,24844.548943177906,24845.156504622642,24844.297823333607,24844.251828939305
1771945740000000000,1771945800000000000,24839.705349581447,24840.236429084143,24839.5277964705,24839.441375296326,24841.77570258716,24842.30671867012,24841.592100326532,24841.51036358439,24841.505405829783,24842.05619807577,24841.30931103149,24841.23333428498,24845.553696080187,24846.328076337926,24845.226052666905,24845.272641847143
1771945800000000000,1771945860000000000,24840.28188096319,24840.77725035902,24840.10541446227,24840.038060689407,24842.423063574908,24842.91257543631,24842.240790654054,24842.181164029796,24842.180608397208,24842.68808353184,24841.98603616063,24841.93294958059,24846.53332263821,24847.23627800877,24846.210385002505,24846.290445151593
1771945860000000000,1771945920000000000,24840.803582401906,24841.31905999099,24840.601942370293,24840.535784935153,24843.01056098227,24843.523466054274,24842.799113351877,24842.74081007213,24842.792512001604,24843.324109251032,24842.567767140765,24842.515996553386,24847.422247704435,24848.159920142894,24847.054301857264,24847.13458653788
1771945920000000000,1771945980000000000,24841.143626280773,24841.614419653783,24840.963660253776,24840.9046955012,24843.390540036344,24843.85163505104,24843.204295021475,24843.15428283759,24843.188277779624,24843.66598729619,24842.98977471019,24842.946563135607,24847.984818520075,24848.637135245513,24847.658886989386,24847.75100385239
1771945980000000000,1771946040000000000,24841.485114404284,24841.825910361582,24841.34450162879,24841.273451618956,24843.762247862793,24844.072888406103,24843.62164648686,24843.557542920727,24843.576049956755,24843.89751929165,24843.425025007695,24843.367122576175,24848.49911499324,24848.908698091083,24848.248198529724,24848.315487688636
1771946040000000000,1771946100000000000,24841.626187478414,24841.982175324087,24841.487989991092,24841.4111959328,24843.908255634375,24844.2367004633,24843.770448563555,24843.699646870744,24843.72891184655,24844.068758486428,24843.580866133896,24843.515969484295,24848.67378138561,24849.11039621289,24848.428614588367,24848.48371476672
1771946100000000000,1771946160000000000,24841.744832382887,24842.096302271144,24841.613412118502,24841.53498788963,24844.029972856413,24844.353381544104,24843.89999693133,24843.827270424288,24843.856351698927,24844.190897522676,24843.716496209556,24843.649562745362,24848.815076682058,24849.242587401055,24848.583417504946,24848.634135883905
1771946160000000000,1771946220000000000,24841.953190898676,24842.277904742234,24841.802497620352,24841.778668025607,24844.253703175633,24844.546422553467,24844.10146111471,24844.09173558004,24844.08955672339,24844.392210597583,24843.926699968833,24843.925017060807,24849.111220226452,24849.489283152954,24848.84574158137,24848.99405683596
1771946220000000000,1771946280000000000,24842.070941287147,24842.39147819009,24841.917918766856,24841.897320330423,24844.379274971096,24844.667317439507,24844.22435178638,24844.218291921297,24844.220442357335,24844.518203649823,24844.05485664659,24844.05693487656,24849.273938616578,24849.644068688143,24849.005052681412,24849.15800377105
1771946280000000000,1771946340000000000,24842.218914638022,24842.5644884418,24842.07028977773,24842.022191388496,24844.534851165296,24844.85197420711,24844.38501108889,24844.34714765531,24844.382691241804,24844.710514293,24844.222443608924,24844.191518495103,24849.46712830946,24849.881848546986,24849.20734276377,24849.30899562654
1771946340000000000,1771946400000000000,24842.585098817086,24842.962147087117,24842.404604305117,24842.380023961447,24844.935959790004,24845.289584889742,24844.749426669616,24844.738557532517,24844.799508485485,24845.165036764898,24844.60135512998,24844.59832307846,24850.022308498425,24850.492412872445,24849.707012859806,24849.8486919018
1771946400000000000,1771946460000000000,24843.097433804072,24843.54133725562,24842.891432248576,24842.853039993344,24845.503703591803,24845.93444692861,24845.28788533972,24845.2610025127,24845.388605774657,24845.833863357922,24845.160243268252,24845.140557307823,24850.828034314487,24851.415741317553,24850.469280485904,24850.58402896745
1771946460000000000,1771946520000000000,24843.935211055094,24844.342170010743,24843.710200839483,24843.70771823128,24846.436933172146,24846.825404583873,24846.199401830265,24846.213622275616,24846.355824791182,24846.757155066338,24846.10514787652,24846.12790952104,24852.163375064327,24852.683238050107,24851.773904561367,24851.949183341232
1771946520000000000,1771946580000000000,24844.567134478282,24844.992439817463,24844.32072173883,24844.35950383009,24847.14161945977,24847.551289389798,24846.879635055317,24846.941062105852,24847.085569419058,24847.508723542203,24846.809703935614,24846.881233471853,24853.170202340425,24853.72086041228,24852.74521353683,24852.990702580708
1771946580000000000,1771946640000000000,24845.335688262054,24845.819721034804,24845.084515597136,24845.10403494851,24847.998388778895,24848.475500476645,24847.73109463225,24847.770237833345,24847.972230789583,24848.465007660066,24847.691007071026,24847.739392200383,24854.3890685151,24855.04038985296,24853.958303257827,24854.16726879688
1771946640000000000,1771946700000000000,24845.83861820714,24846.33354663848,24845.590467382353,24845.607281876917,24848.55906215722,24849.048689793955,24848.295320406258,24848.33125416199,24848.552154172216,24849.057780653915,24848.274686172754,24848.31969792164,24855.184527761383,24855.853332472707,24854.76057188699,24854.963193419888
1771946700000000000,1771946760000000000,24846.586921436767,24847.10563414408,24846.343323873214,24846.36743717132,24849.39228263402,24849.909160581305,24849.133879509798,24849.178002313645,24849.413566928597,24849.947225557953,24849.14173640558,24849.195135259033,24856.359928935955,24857.067648622662,24855.946063739128,24856.158954506387
1771946760000000000,1771946820000000000,24848.260763976876,24848.895799151815,24847.97751781939,24848.028312682505,24851.25729051092,24851.90698286408,24850.95386897706,24851.02812325156,24851.340125706673,24852.010724993386,24851.02200846536,24851.10638282237,24858.98469598027,24859.88679288856,24858.507162156882,24858.76108675416
1771946820000000000,1771946880000000000,24849.470707212095,24850.14849580728,24849.16410144656,24849.234222236857,24852.606174771834,24853.30445995288,24852.276327121093,24852.372375325005,24852.7324428739,24853.45301093564,24852.387186254837,24852.493963829023,24860.878485756068,24861.84920015675,24860.364195905615,24860.647885278824
1771946880000000000,1771946940000000000,24850.823933715335,24851.553625537814,24850.506211894128,24850.597897677453,24854.11369479348,24854.87085922046,24853.771436979354,24853.891763946544,24854.28755357605,24855.068669635923,24853.929652366936,24854.06137993691,24862.984476915975,24864.03824206024,24862.45468042938,24862.771430982113
1771946940000000000,1771947000000000000,24852.08711922022,24852.854185880944,24851.760982982218,24851.84624836173,24855.519956448068,24856.319374094266,24855.1683553585,24855.281115865015,24855.737406749642,24856.561907317096,24855.370010719933,24855.493819715175,24864.94018438251,24866.052301724256,24864.39914755357,24864.70204627906
