abs_gamma_sum,available_at_ns,board_n_live,control.high.s,control.high.ticks,control.high.within_16,control.high.within_4,control.high.within_8,control.low.s,control.low.ticks,control.low.within_16,control.low.within_4,control.low.within_8,control.offset_s,day,expiry_bucket,extremes_sha256,high.dt_after_available_ns,high.extreme_time_ns,high.s,high.ticks,high.within_16,high.within_4,high.within_8,high_after_available,high_session_bucket,high_time_ns,implied_move,kind,level_id,low.dt_after_available_ns,low.extreme_time_ns,low.s,low.ticks,low.within_16,low.within_4,low.within_8,low_after_available,low_session_bucket,low_time_ns,map_status,mapped_nq,oi_sum,rank,ratio,root,rth_high.s,rth_high.ticks,rth_high.within_16,rth_high.within_4,rth_high.within_8,rth_low.s,rth_low.ticks,rth_low.within_16,rth_low.within_4,rth_low.within_8,s_prior_rth_range,scenario_label,signed_gamma,spot,strike,vol_regime,year
460992486.5311103,1577977200000000000,183,1.8729405812461302,473.8539670552709,False,False,False,0.21401594049300035,54.146032944729086,False,False,False,-2.0,2020-01-02,1-7,9aefce4864bf0b799d6e1ea8ba60646226a5561d63fda0ba9b84f3c73e2e3714,25140000000000,1578002340000000000,0.12705941875386992,32.146032944729086,False,False,False,True,other,1578002340000000000,1.6657063091431914,key_gamma,QQQ:2020-01-02:key_gamma:1:216.5,-57480000000000,1577919720000000000,2.214015940493,560.1460329447291,False,False,False,False,overnight_or_pre,1577919720000000000,ok,8909.536508236182,271621,1,41.152593571529714,QQQ,0.31678273891197267,80.14603294472909,False,False,False,1.6962293792281782,429.1460329447291,False,False,False,63.25,baseline_proxy_not_known_inventory,82592238.29129685,215.07,216.5,low,2020
460992486.5311103,1577977200000000000,183,1.8729405812461302,473.8539670552709,False,False,False,0.21401594049300035,54.146032944729086,False,False,False,-2.0,2020-01-02,1-7,9aefce4864bf0b799d6e1ea8ba60646226a5561d63fda0ba9b84f3c73e2e3714,25140000000000,1578002340000000000,0.12705941875386992,32.146032944729086,False,False,False,True,other,1578002340000000000,1.6657063091431914,call_wall,QQQ:2020-01-02:call_wall:1:216.5,-57480000000000,1577919720000000000,2.214015940493,560.1460329447291,False,False,False,False,overnight_or_pre,1577919720000000000,ok,8909.536508236182,271621,1,41.152593571529714,QQQ,0.31678273891197267,80.14603294472909,False,False,False,1.6962293792281782,429.1460329447291,False,False,False,63.25,baseline_proxy_not_known_inventory,82592238.29129685,215.07,216.5,low,2020
460992486.5311103,1577977200000000000,183,0.8007930883114629,202.60065134280012,False,False,False,1.2861634334276675,325.3993486571999,False,False,False,2.0,2020-01-02,1-7,9aefce4864bf0b799d6e1ea8ba60646226a5561d63fda0ba9b84f3c73e2e3714,25140000000000,1578002340000000000,2.800793088311463,708.6006513428001,False,False,False,True,other,1578002340000000000,1.6657063091431914,put_wall,QQQ:2020-01-02:put_wall:1:212.0,-57480000000000,1577919720000000000,0.7138365665723325,180.60065134280012,False,False,False,False,overnight_or_pre,1577919720000000000,ok,8724.3498371643,271621,1,41.152593571529714,QQQ,2.61106976815336,660.6006513428001,False,False,False,1.2316231278371546,311.6006513428001,False,False,False,63.25,baseline_proxy_not_known_inventory,-68758580.82817891,215.07,212.0,low,2020
460992486.5311103,1577977200000000000,183,13.885618390425474,3513.061452777645,False,False,False,11.798661868686345,2985.061452777645,False,False,False,-1.0,2020-01-02,1-7,9aefce4864bf0b799d6e1ea8ba60646226a5561d63fda0ba9b84f3c73e2e3714,25140000000000,1578002340000000000,12.885618390425474,3260.061452777645,False,False,False,True,other,1578002340000000000,1.6657063091431914,gamma_flip,QQQ:2020-01-02:gamma_flip:1:196.5,-57480000000000,1577919720000000000,10.798661868686345,2732.061452777645,False,False,False,False,overnight_or_pre,1577919720000000000,ok,8086.484636805589,271621,1,41.152593571529714,QQQ,12.695895070267373,3212.061452777645,False,False,False,11.316448429951167,2863.061452777645,False,False,False,63.25,baseline_proxy_not_known_inventory,,215.07,196.5,low,2020
460992486.5311103,1577977200000000000,183,9.25903366427807,2342.5355170623516,False,False,False,7.172077142538939,1814.5355170623516,False,False,False,2.0,2020-01-02,1-7,9aefce4864bf0b799d6e1ea8ba60646226a5561d63fda0ba9b84f3c73e2e3714,25140000000000,1578002340000000000,11.259033664278055,2848.535517062348,False,False,False,True,other,1578002340000000000,1.6657063091431914,max_pain,QQQ:2020-01-02:max_pain:1:199.0,-57480000000000,1577919720000000000,9.172077142538924,2320.535517062348,False,False,False,False,overnight_or_pre,1577919720000000000,ok,8189.366120734413,271621,1,41.152593571529714,QQQ,11.069310344119952,2800.535517062348,False,False,False,9.689863703803747,2451.535517062348,False,False,False,63.25,baseline_proxy_not_known_inventory,,215.07,199.0,low,2020
460992486.5311103,1577977200000000000,183,1.1270594187538698,285.1460329447291,False,False,False,3.214015940493,813.1460329447291,False,False,False,1.0,2020-01-02,1-7,9aefce4864bf0b799d6e1ea8ba60646226a5561d63fda0ba9b84f3c73e2e3714,25140000000000,1578002340000000000,0.12705941875386992,32.146032944729086,False,False,False,True,other,1578002340000000000,1.6657063091431914,top_gamma,QQQ:2020-01-02:top_gamma:1:216.5,-57480000000000,1577919720000000000,2.214015940493,560.1460329447291,False,False,False,False,overnight_or_pre,1577919720000000000,ok,8909.536508236182,271621,1,41.152593571529714,QQQ,0.31678273891197267,80.14603294472909,False,False,False,1.6962293792281782,429.1460329447291,False,False,False,63.25,baseline_proxy_not_known_inventory,,215.07,216.5,low,2020
460992486.5311103,1577977200000000000,183,1.222306690787145,309.24359276914765,False,False,False,0.8646498309519856,218.75640723085235,False,False,False,-2.0,2020-01-02,1-7,9aefce4864bf0b799d6e1ea8ba60646226a5561d63fda0ba9b84f3c73e2e3714,25140000000000,1578002340000000000,0.7776933092128552,196.75640723085235,False,False,False,True,other,1578002340000000000,1.6657063091431914,top_gamma,QQQ:2020-01-02:top_gamma:2:217.5,-57480000000000,1577919720000000000,2.8646498309519854,724.7564072308523,False,False,False,False,overnight_or_pre,1577919720000000000,ok,8950.689101807713,271621,2,41.152593571529714,QQQ,0.9674166293709578,244.75640723085235,False,False,False,2.3468632696871636,593.7564072308523,False,False,False,63.25,baseline_proxy_not_known_inventory,,215.07,217.5,low,2020
460992486.5311103,1577977200000000000,183,3.800793088311463,961.6006513428001,False,False,False,1.7138365665723325,433.6006513428001,False,False,False,-1.0,2020-01-02,1-7,9aefce4864bf0b799d6e1ea8ba60646226a5561d63fda0ba9b84f3c73e2e3714,25140000000000,1578002340000000000,2.800793088311463,708.6006513428001,False,False,False,True,other,1578002340000000000,1.6657063091431914,top_gamma,QQQ:2020-01-02:top_gamma:3:212.0,-57480000000000,1577919720000000000,0.7138365665723325,180.60065134280012,False,False,False,False,overnight_or_pre,1577919720000000000,ok,8724.3498371643,271621,3,41.152593571529714,QQQ,2.61106976815336,660.6006513428001,False,False,False,1.2316231278371546,311.6006513428001,False,False,False,63.25,baseline_proxy_not_known_inventory,,215.07,212.0,low,2020
460992486.5311103,1577977200000000000,183,0.22230669078714488,56.243592769147654,False,False,False,1.8646498309519857,471.75640723085235,False,False,False,-1.0,2020-01-02,1-7,9aefce4864bf0b799d6e1ea8ba60646226a5561d63fda0ba9b84f3c73e2e3714,25140000000000,1578002340000000000,0.7776933092128552,196.75640723085235,False,False,False,True,other,1578002340000000000,1.6657063091431914,top_vanna,QQQ:2020-01-02:top_vanna:1:217.5,-57480000000000,1577919720000000000,2.8646498309519854,724.7564072308523,False,False,False,False,overnight_or_pre,1577919720000000000,ok,8950.689101807713,271621,1,41.152593571529714,QQQ,0.9674166293709578,244.75640723085235,False,False,False,2.3468632696871636,593.7564072308523,False,False,False,63.25,baseline_proxy_not_known_inventory,,215.07,217.5,low,2020
460992486.5311103,1577977200000000000,183,4.800793088311463,1214.6006513428001,False,False,False,2.7138365665723323,686.6006513428001,False,False,False,-2.0,2020-01-02,1-7,9aefce4864bf0b799d6e1ea8ba60646226a5561d63fda0ba9b84f3c73e2e3714,25140000000000,1578002340000000000,2.800793088311463,708.6006513428001,False,False,False,True,other,1578002340000000000,1.6657063091431914,top_vanna,QQQ:2020-01-02:top_vanna:2:212.0,-57480000000000,1577919720000000000,0.7138365665723325,180.60065134280012,False,False,False,False,overnight_or_pre,1577919720000000000,ok,8724.3498371643,271621,2,41.152593571529714,QQQ,2.61106976815336,660.6006513428001,False,False,False,1.2316231278371546,311.6006513428001,False,False,False,63.25,baseline_proxy_not_known_inventory,,215.07,212.0,low,2020
460992486.5311103,1577977200000000000,183,1.8729405812461302,473.8539670552709,False,False,False,0.21401594049300035,54.146032944729086,False,False,False,-2.0,2020-01-02,1-7,9aefce4864bf0b799d6e1ea8ba60646226a5561d63fda0ba9b84f3c73e2e3714,25140000000000,1578002340000000000,0.12705941875386992,32.146032944729086,False,False,False,True,other,1578002340000000000,1.6657063091431914,top_vanna,QQQ:2020-01-02:top_vanna:3:216.5,-57480000000000,1577919720000000000,2.214015940493,560.1460329447291,False,False,False,False,overnight_or_pre,1577919720000000000,ok,8909.536508236182,271621,3,41.152593571529714,QQQ,0.31678273891197267,80.14603294472909,False,False,False,1.6962293792281782,429.1460329447291,False,False,False,63.25,baseline_proxy_not_known_inventory,,215.07,216.5,low,2020
460992486.5311103,1577977200000000000,183,1.222306690787145,309.24359276914765,False,False,False,0.8646498309519856,218.75640723085235,False,False,False,-2.0,2020-01-02,1-7,9aefce4864bf0b799d6e1ea8ba60646226a5561d63fda0ba9b84f3c73e2e3714,25140000000000,1578002340000000000,0.7776933092128552,196.75640723085235,False,False,False,True,other,1578002340000000000,1.6657063091431914,top_vega,QQQ:2020-01-02:top_vega:1:217.5,-57480000000000,1577919720000000000,2.8646498309519854,724.7564072308523,False,False,False,False,overnight_or_pre,1577919720000000000,ok,8950.689101807713,271621,1,41.152593571529714,QQQ,0.9674166293709578,244.75640723085235,False,False,False,2.3468632696871636,593.7564072308523,False,False,False,63.25,baseline_proxy_not_known_inventory,,215.07,217.5,low,2020
460992486.5311103,1577977200000000000,183,0.2463558550987102,62.32803133997368,False,False,False,1.8406006666404202,465.6719686600263,False,False,False,-2.0,2020-01-02,1-7,9aefce4864bf0b799d6e1ea8ba60646226a5561d63fda0ba9b84f3c73e2e3714,25140000000000,1578002340000000000,1.7536441449012898,443.6719686600263,False,False,False,True,other,1578002340000000000,1.6657063091431914,top_vega,QQQ:2020-01-02:top_vega:2:219.0,-57480000000000,1577919720000000000,3.8406006666404204,971.6719686600263,False,False,False,False,overnight_or_pre,1577919720000000000,ok,9012.417992165007,271621,2,41.152593571529714,QQQ,1.9433674650593926,491.6719686600263,False,False,False,3.322814105375598,840.6719686600263,False,False,False,63.25,baseline_proxy_not_known_inventory,,215.07,219.0,low,2020
460992486.5311103,1577977200000000000,183,3.800793088311463,961.6006513428001,False,False,False,1.7138365665723325,433.6006513428001,False,False,False,-1.0,2020-01-02,1-7,9aefce4864bf0b799d6e1ea8ba60646226a5561d63fda0ba9b84f3c73e2e3714,25140000000000,1578002340000000000,2.800793088311463,708.6006513428001,False,False,False,True,other,1578002340000000000,1.6657063091431914,top_vega,QQQ:2020-01-02:top_vega:3:212.0,-57480000000000,1577919720000000000,0.7138365665723325,180.60065134280012,False,False,False,False,overnight_or_pre,1577919720000000000,ok,8724.3498371643,271621,3,41.152593571529714,QQQ,2.61106976815336,660.6006513428001,False,False,False,1.2316231278371546,311.6006513428001,False,False,False,63.25,baseline_proxy_not_known_inventory,,215.07,212.0,low,2020
222132908.13475353,1583161200000000000,242,1.7110142106095467,2540.856102755177,False,False,False,3.486098385693722,5176.856102755177,False,False,False,2.0,2020-03-02,1-7,9aefce4864bf0b799d6e1ea8ba60646226a5561d63fda0ba9b84f3c73e2e3714,21840000000000,1583183040000000000,0.28898578939045333,429.14389724482317,False,False,False,True,other,1583183040000000000,12.953325815615493,key_gamma,QQQ:2020-03-02:key_gamma:1:214.0,-57540000000000,1583103660000000000,1.4860983856937218,2206.856102755177,False,False,False,False,overnight_or_pre,1583103660000000000,ok,8775.964025688794,308038,1,41.00917769013455,QQQ,0.2795581799628439,415.14389724482317,False,False,False,0.8968727964681326,1331.8561027551768,False,False,False,371.25,baseline_proxy_not_known_inventory,-25407341.506856143,207.69,214.0,high,2020
222132908.13475353,1583161200000000000,242,1.2337545736461681,1832.1255418645596,False,False,False,0.541329601438007,803.8744581354404,False,False,False,-1.0,2020-03-02,1-7,9aefce4864bf0b799d6e1ea8ba60646226a5561d63fda0ba9b84f3c73e2e3714,21840000000000,1583183040000000000,0.2337545736461681,347.12554186455964,False,False,False,True,other,1583183040000000000,12.953325815615493,call_wall,QQQ:2020-03-02:call_wall:1:214.5,-57540000000000,1583103660000000000,1.541329601438007,2288.8744581354404,False,False,False,False,overnight_or_pre,1583103660000000000,ok,8796.46861453386,308038,1,41.00917769013455,QQQ,0.2243269642185587,333.12554186455964,False,False,False,0.9521040122124178,1413.8744581354404,False,False,False,371.25,baseline_proxy_not_known_inventory,25070287.78793942,207.69,214.5,high,2020
222132908.13475353,1583161200000000000,242,1.7110142106095467,2540.856102755177,False,False,False,3.486098385693722,5176.856102755177,False,False,False,2.0,2020-03-02,1-7,9aefce4864bf0b799d6e1ea8ba60646226a5561d63fda0ba9b84f3c73e2e3714,21840000000000,1583183040000000000,0.28898578939045333,429.14389724482317,False,False,False,True,other,1583183040000000000,12.953325815615493,put_wall,QQQ:2020-03-02:put_wall:1:214.0,-57540000000000,1583103660000000000,1.4860983856937218,2206.856102755177,False,False,False,False,overnight_or_pre,1583103660000000000,ok,8775.964025688794,308038,1,41.00917769013455,QQQ,0.2795581799628439,415.14389724482317,False,False,False,0.8968727964681326,1331.8561027551768,False,False,False,371.25,baseline_proxy_not_known_inventory,-25407341.506856143,207.69,214.0,high,2020
222132908.13475353,1583161200000000000,242,6.873176696166439,10206.667393807162,False,False,False,5.098092521082264,7570.667393807162,False,False,False,-2.0,2020-03-02,1-7,9aefce4864bf0b799d6e1ea8ba60646226a5561d63fda0ba9b84f3c73e2e3714,21840000000000,1583183040000000000,4.873176696166439,7236.667393807162,False,False,False,True,other,1583183040000000000,12.953325815615493,gamma_flip,QQQ:2020-03-02:gamma_flip:1:172.5,-57540000000000,1583103660000000000,3.098092521082264,4600.667393807162,False,False,False,False,overnight_or_pre,1583103660000000000,ok,7074.08315154821,308038,1,41.00917769013455,QQQ,4.86374908673883,7222.667393807162,False,False,False,3.687318110307853,5475.667393807162,False,False,False,371.25,baseline_proxy_not_known_inventory,,207.69,172.5,high,2020
222132908.13475353,1583161200000000000,242,2.9517603783219246,4383.364161808058,False,False,False,1.1766762032377496,1747.3641618080583,False,False,False,-2.0,2020-03-02,1-7,9aefce4864bf0b799d6e1ea8ba60646226a5561d63fda0ba9b84f3c73e2e3714,21840000000000,1583183040000000000,0.9517603783219247,1413.3641618080583,False,False,False,True,other,1583183040000000000,12.953325815615493,max_pain,QQQ:2020-03-02:max_pain:1:208.0,-57540000000000,1583103660000000000,0.8233237967622503,1222.6358381919417,False,False,False,False,overnight_or_pre,1583103660000000000,ok,8529.908959547985,308038,1,41.00917769013455,QQQ,0.9423327688943154,1399.3641618080583,False,False,False,0.2340982075366611,347.63583819194173,False,False,False,371.25,baseline_proxy_not_known_inventory,,207.69,208.0,high,2020
222132908.13475353,1583161200000000000,242,0.7110142106095467,1055.8561027551768,False,False,False,2.486098385693722,3691.856102755177,False,False,False,1.0,2020-03-02,1-7,9aefce4864bf0b799d6e1ea8ba60646226a5561d63fda0ba9b84f3c73e2e3714,21840000000000,1583183040000000000,0.28898578939045333,429.14389724482317,False,False,False,True,other,1583183040000000000,12.953325815615493,top_gamma,QQQ:2020-03-02:top_gamma:1:214.0,-57540000000000,1583103660000000000,1.4860983856937218,2206.856102755177,False,False,False,False,overnight_or_pre,1583103660000000000,ok,8775.964025688794,308038,1,41.00917769013455,QQQ,0.2795581799628439,415.14389724482317,False,False,False,0.8968727964681326,1331.8561027551768,False,False,False,371.25,baseline_proxy_not_known_inventory,,207.69,214.0,high,2020
222132908.13475353,1583161200000000000,242,1.2337545736461681,1832.1255418645596,False,False,False,0.541329601438007,803.8744581354404,False,False,False,-1.0,2020-03-02,1-7,9aefce4864bf0b799d6e1ea8ba60646226a5561d63fda0ba9b84f3c73e2e3714,21840000000000,1583183040000000000,0.2337545736461681,347.12554186455964,False,False,False,True,other,1583183040000000000,12.953325815615493,top_gamma,QQQ:2020-03-02:top_gamma:2:214.5,-57540000000000,1583103660000000000,1.541329601438007,2288.8744581354404,False,False,False,False,overnight_or_pre,1583103660000000000,ok,8796.46861453386,308038,2,41.00917769013455,QQQ,0.2243269642185587,333.12554186455964,False,False,False,0.9521040122124178,1413.8744581354404,False,False,False,371.25,baseline_proxy_not_known_inventory,,207.69,214.5,high,2020
222132908.13475353,1583161200000000000,242,0.10347083742236535,153.65419357221253,False,False,False,1.8785550125065404,2789.6541935722125,False,False,False,1.0,2020-03-02,1-7,9aefce4864bf0b799d6e1ea8ba60646226a5561d63fda0ba9b84f3c73e2e3714,21840000000000,1583183040000000000,0.8965291625776347,1331.3458064277875,False,False,False,True,other,1583183040000000000,12.953325815615493,top_gamma,QQQ:2020-03-02:top_gamma:3:208.5,-57540000000000,1583103660000000000,0.8785550125065404,1304.6541935722125,False,False,False,False,overnight_or_pre,1583103660000000000,ok,8550.413548393053,308038,3,41.00917769013455,QQQ,0.8871015531500253,1317.3458064277875,False,False,False,0.2893294232809512,429.65419357221253,False,False,False,371.25,baseline_proxy_not_known_inventory,,207.69,208.5,high,2020
222132908.13475353,1583161200000000000,242,0.7110142106095467,1055.8561027551768,False,False,False,2.486098385693722,3691.856102755177,False,False,False,1.0,2020-03-02,1-7,9aefce4864bf0b799d6e1ea8ba60646226a5561d63fda0ba9b84f3c73e2e3714,21840000000000,1583183040000000000,0.28898578939045333,429.14389724482317,False,False,False,True,other,1583183040000000000,12.953325815615493,top_vanna,QQQ:2020-03-02:top_vanna:1:214.0,-57540000000000,1583103660000000000,1.4860983856937218,2206.856102755177,False,False,False,False,overnight_or_pre,1583103660000000000,ok,8775.964025688794,308038,1,41.00917769013455,QQQ,0.2795581799628439,415.14389724482317,False,False,False,0.8968727964681326,1331.8561027551768,False,False,False,371.25,baseline_proxy_not_known_inventory,,207.69,214.0,high,2020
222132908.13475353,1583161200000000000,242,1.7662454263538319,2622.8744581354404,False,False,False,3.541329601438007,5258.87445813544,False,False,False,2.0,2020-03-02,1-7,9aefce4864bf0b799d6e1ea8ba60646226a5561d63fda0ba9b84f3c73e2e3714,21840000000000,1583183040000000000,0.2337545736461681,347.12554186455964,False,False,False,True,other,1583183040000000000,12.953325815615493,top_vanna,QQQ:2020-03-02:top_vanna:2:214.5,-57540000000000,1583103660000000000,1.541329601438007,2288.8744581354404,False,False,False,False,overnight_or_pre,1583103660000000000,ok,8796.46861453386,308038,2,41.00917769013455,QQQ,0.2243269642185587,333.12554186455964,False,False,False,0.9521040122124178,1413.8744581354404,False,False,False,371.25,baseline_proxy_not_known_inventory,,207.69,214.5,high,2020
222132908.13475353,1583161200000000000,242,1.4605175532261214,2168.86856654079,False,False,False,0.31456662185805373,467.1314334592098,False,False,False,-2.0,2020-03-02,1-7,9aefce4864bf0b799d6e1ea8ba60646226a5561d63fda0ba9b84f3c73e2e3714,21840000000000,1583183040000000000,0.5394824467738787,801.1314334592098,False,False,False,True,other,1583183040000000000,12.953325815615493,top_vanna,QQQ:2020-03-02:top_vanna:3:221.5,-57540000000000,1583103660000000000,2.3145666218580536,3437.13143345921,False,False,False,False,overnight_or_pre,1583103660000000000,ok,9083.532858364802,308038,3,41.00917769013455,QQQ,0.548910056201488,815.1314334592098,False,False,False,1.7253410326324645,2562.13143345921,False,False,False,371.25,baseline_proxy_not_known_inventory,,207.69,221.5,high,2020
222132908.13475353,1583161200000000000,242,3.7249973987419667,5531.62113713182,False,False,False,1.9499132236577916,2895.6211371318204,False,False,False,-2.0,2020-03-02,1-7,9aefce4864bf0b799d6e1ea8ba60646226a5561d63fda0ba9b84f3c73e2e3714,21840000000000,1583183040000000000,1.7249973987419667,2561.6211371318204,False,False,False,True,other,1583183040000000000,12.953325815615493,top_vega,QQQ:2020-03-02:top_vega:1:201.0,-57540000000000,1583103660000000000,0.05008677634220846,74.37886286817957,False,False,False,False,overnight_or_pre,1583103660000000000,ok,8242.844715717045,308038,1,41.00917769013455,QQQ,1.715569789314357,2547.6211371318204,False,False,False,0.5391388128833807,800.6211371318204,False,False,False,371.25,baseline_proxy_not_known_inventory,,207.69,201.0,high,2020
222132908.13475353,1583161200000000000,242,1.2337545736461681,1832.1255418645596,False,False,False,0.541329601438007,803.8744581354404,False,False,False,-1.0,2020-03-02,1-7,9aefce4864bf0b799d6e1ea8ba60646226a5561d63fda0ba9b84f3c73e2e3714,21840000000000,1583183040000000000,0.2337545736461681,347.12554186455964,False,False,False,True,other,1583183040000000000,12.953325815615493,top_vega,QQQ:2020-03-02:top_vega:2:214.5,-57540000000000,1583103660000000000,1.541329601438007,2288.8744581354404,False,False,False,False,overnight_or_pre,1583103660000000000,ok,8796.46861453386,308038,2,41.00917769013455,QQQ,0.2243269642185587,333.12554186455964,False,False,False,0.9521040122124178,1413.8744581354404,False,False,False,371.25,baseline_proxy_not_known_inventory,,207.69,214.5,high,2020
222132908.13475353,1583161200000000000,242,0.7110142106095467,1055.8561027551768,False,False,False,2.486098385693722,3691.856102755177,False,False,False,1.0,2020-03-02,1-7,9aefce4864bf0b799d6e1ea8ba60646226a5561d63fda0ba9b84f3c73e2e3714,21840000000000,1583183040000000000,0.28898578939045333,429.14389724482317,False,False,False,True,other,1583183040000000000,12.953325815615493,top_vega,QQQ:2020-03-02:top_vega:3:214.0,-57540000000000,1583103660000000000,1.4860983856937218,2206.856102755177,False,False,False,False,overnight_or_pre,1583103660000000000,ok,8775.964025688794,308038,3,41.00917769013455,QQQ,0.2795581799628439,415.14389724482317,False,False,False,0.8968727964681326,1331.8561027551768,False,False,False,371.25,baseline_proxy_not_known_inventory,,207.69,214.0,high,2020
118523297.49588637,1584108000000000000,293,1.233223842252753,2788.3191073334747,False,False,False,3.065156615361997,6930.319107333475,False,False,False,1.0,2020-03-13,0DTE,9aefce4864bf0b799d6e1ea8ba60646226a5561d63fda0ba9b84f3c73e2e3714,21960000000000,1584129960000000000,0.23322384225275467,527.3191073334783,False,False,False,True,other,1584129960000000000,6.974447951947477,key_gamma,QQQ:2020-03-13:key_gamma:1:198.0,-37920000000000,1584070080000000000,2.0651566153619982,4669.319107333478,False,False,False,False,overnight_or_pre,1584070080000000000,ok,8109.82977683337,490486,1,40.95873624663318,QQQ,0.25445338670211337,575.3191073334783,False,False,False,1.446403851098398,3270.3191073334783,False,False,False,565.25,baseline_proxy_not_known_inventory,-18656084.691082016,183.47,198.0,high,2020
118523297.49588637,1584108000000000000,293,2.7812340214409463,6288.37012247798,False,False,False,0.9493012483317027,2146.3701224779797,False,False,False,-2.0,2020-03-13,0DTE,9aefce4864bf0b799d6e1ea8ba60646226a5561d63fda0ba9b84f3c73e2e3714,21960000000000,1584129960000000000,0.7812340214409463,1766.3701224779797,False,False,False,True,other,1584129960000000000,6.974447951947477,call_wall,QQQ:2020-03-13:call_wall:1:184.0,-37920000000000,1584070080000000000,1.0506987516682973,2375.6298775220203,False,False,False,False,overnight_or_pre,1584070080000000000,ok,7536.407469380505,490486,1,40.95873624663318,QQQ,0.7600044769915877,1718.3701224779797,False,False,False,0.43194598740469714,976.6298775220203,False,False,False,565.25,baseline_proxy_not_known_inventory,9813346.040960317,183.47,184.0,high,2020
118523297.49588637,1584108000000000000,293,0.7667761577472453,1733.6808926665217,False,False,False,1.0651566153619985,2408.3191073334783,False,False,False,-1.0,2020-03-13,0DTE,9aefce4864bf0b799d6e1ea8ba60646226a5561d63fda0ba9b84f3c73e2e3714,21960000000000,1584129960000000000,0.23322384225275467,527.3191073334783,False,False,False,True,other,1584129960000000000,6.974447951947477,put_wall,QQQ:2020-03-13:put_wall:1:198.0,-37920000000000,1584070080000000000,2.0651566153619982,4669.319107333478,False,False,False,False,overnight_or_pre,1584070080000000000,ok,8109.82977683337,490486,1,40.95873624663318,QQQ,0.25445338670211337,575.3191073334783,False,False,False,1.446403851098398,3270.3191073334783,False,False,False,565.25,baseline_proxy_not_known_inventory,-18656084.691082016,183.47,198.0,high,2020
118523297.49588637,1584108000000000000,293,1.160762566274634,2624.4841623469474,False,False,False,2.9926953393838778,6766.484162346947,False,False,False,1.0,2020-03-13,0DTE,9aefce4864bf0b799d6e1ea8ba60646226a5561d63fda0ba9b84f3c73e2e3714,21960000000000,1584129960000000000,0.16076256627463398,363.4841623469474,False,False,False,True,other,1584129960000000000,6.974447951947477,max_pain,QQQ:2020-03-13:max_pain:1:197.0,-37920000000000,1584070080000000000,1.9926953393838778,4505.484162346947,False,False,False,False,overnight_or_pre,1584070080000000000,ok,8068.871040586737,490486,1,40.95873624663318,QQQ,0.18199211072399266,411.4841623469474,False,False,False,1.3739425751202774,3106.4841623469474,False,False,False,565.25,baseline_proxy_not_known_inventory,,183.47,197.0,high,2020
118523297.49588637,1584108000000000000,293,2.233223842252753,5049.319107333475,False,False,False,4.065156615361997,9191.319107333475,False,False,False,2.0,2020-03-13,0DTE,9aefce4864bf0b799d6e1ea8ba60646226a5561d63fda0ba9b84f3c73e2e3714,21960000000000,1584129960000000000,0.23322384225275467,527.3191073334783,False,False,False,True,other,1584129960000000000,6.974447951947477,top_gamma,QQQ:2020-03-13:top_gamma:1:198.0,-37920000000000,1584070080000000000,2.0651566153619982,4669.319107333478,False,False,False,False,overnight_or_pre,1584070080000000000,ok,8109.82977683337,490486,1,40.95873624663318,QQQ,0.25445338670211337,575.3191073334783,False,False,False,1.446403851098398,3270.3191073334783,False,False,False,565.25,baseline_proxy_not_known_inventory,,183.47,198.0,high,2020
118523297.49588637,1584108000000000000,293,0.21876597855905364,494.62987752202025,False,False,False,2.0506987516682975,4636.62987752202,False,False,False,1.0,2020-03-13,0DTE,9aefce4864bf0b799d6e1ea8ba60646226a5561d63fda0ba9b84f3c73e2e3714,21960000000000,1584129960000000000,0.7812340214409463,1766.3701224779797,False,False,False,True,other,1584129960000000000,6.974447951947477,top_gamma,QQQ:2020-03-13:top_gamma:2:184.0,-37920000000000,1584070080000000000,1.0506987516682973,2375.6298775220203,False,False,False,False,overnight_or_pre,1584070080000000000,ok,7536.407469380505,490486,2,40.95873624663318,QQQ,0.7600044769915877,1718.3701224779797,False,False,False,0.43194598740469714,976.6298775220203,False,False,False,565.25,baseline_proxy_not_known_inventory,,183.47,184.0,high,2020
118523297.49588637,1584108000000000000,293,1.3320085018785164,3011.6712227473254,False,False,False,0.4999242712307274,1130.3287772526746,False,False,False,-2.0,2020-03-13,0DTE,9aefce4864bf0b799d6e1ea8ba60646226a5561d63fda0ba9b84f3c73e2e3714,21960000000000,1584129960000000000,0.6679914981214837,1510.3287772526746,False,False,False,True,other,1584129960000000000,6.974447951947477,top_gamma,QQQ:2020-03-13:top_gamma:3:204.0,-37920000000000,1584070080000000000,2.4999242712307272,5652.328777252675,False,False,False,False,overnight_or_pre,1584070080000000000,ok,8355.582194313169,490486,3,40.95873624663318,QQQ,0.6892210425708424,1558.3287772526746,False,False,False,1.8811715069671273,4253.328777252675,False,False,False,565.25,baseline_proxy_not_known_inventory,,183.47,204.0,high,2020
118523297.49588637,1584108000000000000,293,1.7667761577472454,3994.6808926665217,False,False,False,0.06515661536199836,147.3191073334783,False,False,False,-2.0,2020-03-13,0DTE,9aefce4864bf0b799d6e1ea8ba60646226a5561d63fda0ba9b84f3c73e2e3714,21960000000000,1584129960000000000,0.23322384225275467,527.3191073334783,False,False,False,True,other,1584129960000000000,6.974447951947477,top_vanna,QQQ:2020-03-13:top_vanna:1:198.0,-37920000000000,1584070080000000000,2.0651566153619982,4669.319107333478,False,False,False,False,overnight_or_pre,1584070080000000000,ok,8109.82977683337,490486,1,40.95873624663318,QQQ,0.25445338670211337,575.3191073334783,False,False,False,1.446403851098398,3270.3191073334783,False,False,False,565.25,baseline_proxy_not_known_inventory,,183.47,198.0,high,2020
118523297.49588637,1584108000000000000,293,0.3537812761738748,799.8994654291309,False,False,False,1.4781514969353688,3342.100534570869,False,False,False,-2.0,2020-03-13,0DTE,9aefce4864bf0b799d6e1ea8ba60646226a5561d63fda0ba9b84f3c73e2e3714,21960000000000,1584129960000000000,1.6462187238261252,3722.100534570869,False,False,False,True,other,1584129960000000000,6.974447951947477,top_vanna,QQQ:2020-03-13:top_vanna:2:217.5,-37920000000000,1584070080000000000,3.478151496935369,7864.100534570869,False,False,False,False,overnight_or_pre,1584070080000000000,ok,8908.525133642717,490486,2,40.95873624663318,QQQ,1.6674482682754839,3770.100534570869,False,False,False,2.8593987326717687,6465.100534570869,False,False,False,565.25,baseline_proxy_not_known_inventory,,183.47,217.5,high,2020
118523297.49588637,1584108000000000000,293,2.2476817059464556,5082.008337144936,False,False,False,4.079614479055699,9224.008337144936,False,False,False,1.0,2020-03-13,0DTE,9aefce4864bf0b799d6e1ea8ba60646226a5561d63fda0ba9b84f3c73e2e3714,21960000000000,1584129960000000000,1.2476817059464558,2821.0083371449364,False,False,False,True,other,1584129960000000000,6.974447951947477,top_vanna,QQQ:2020-03-13:top_vanna:3:212.0,-37920000000000,1584070080000000000,3.0796144790556994,6963.008337144936,False,False,False,False,overnight_or_pre,1584070080000000000,ok,8683.252084286234,490486,3,40.95873624663318,QQQ,1.2689112503958144,2869.0083371449364,False,False,False,2.4608617147920993,5564.008337144936,False,False,False,565.25,baseline_proxy_not_known_inventory,,183.47,212.0,high,2020
118523297.49588637,1584108000000000000,293,2.233223842252753,5049.319107333475,False,False,False,4.065156615361997,9191.319107333475,False,False,False,2.0,2020-03-13,0DTE,9aefce4864bf0b799d6e1ea8ba60646226a5561d63fda0ba9b84f3c73e2e3714,21960000000000,1584129960000000000,0.23322384225275467,527.3191073334783,False,False,False,True,other,1584129960000000000,6.974447951947477,top_vega,QQQ:2020-03-13:top_vega:1:198.0,-37920000000000,1584070080000000000,2.0651566153619982,4669.319107333478,False,False,False,False,overnight_or_pre,1584070080000000000,ok,8109.82977683337,490486,1,40.95873624663318,QQQ,0.25445338670211337,575.3191073334783,False,False,False,1.446403851098398,3270.3191073334783,False,False,False,565.25,baseline_proxy_not_known_inventory,,183.47,198.0,high,2020
118523297.49588637,1584108000000000000,293,2.7812340214409463,6288.37012247798,False,False,False,0.9493012483317027,2146.3701224779797,False,False,False,-2.0,2020-03-13,0DTE,9aefce4864bf0b799d6e1ea8ba60646226a5561d63fda0ba9b84f3c73e2e3714,21960000000000,1584129960000000000,0.7812340214409463,1766.3701224779797,False,False,False,True,other,1584129960000000000,6.974447951947477,top_vega,QQQ:2020-03-13:top_vega:2:184.0,-37920000000000,1584070080000000000,1.0506987516682973,2375.6298775220203,False,False,False,False,overnight_or_pre,1584070080000000000,ok,7536.407469380505,490486,2,40.95873624663318,QQQ,0.7600044769915877,1718.3701224779797,False,False,False,0.43194598740469714,976.6298775220203,False,False,False,565.25,baseline_proxy_not_known_inventory,,183.47,184.0,high,2020
118523297.49588637,1584108000000000000,293,0.6390757707340816,1444.9503176297585,False,False,False,2.4710085438433254,5586.9503176297585,False,False,False,2.0,2020-03-13,0DTE,9aefce4864bf0b799d6e1ea8ba60646226a5561d63fda0ba9b84f3c73e2e3714,21960000000000,1584129960000000000,1.3609242292659185,3077.0496823702415,False,False,False,True,other,1584129960000000000,6.974447951947477,top_vega,QQQ:2020-03-13:top_vega:3:176.0,-37920000000000,1584070080000000000,0.4710085438433253,1064.9503176297585,False,False,False,False,overnight_or_pre,1584070080000000000,ok,7208.73757940744,490486,3,40.95873624663318,QQQ,1.3396946848165596,3029.0496823702415,False,False,False,0.14774422042027488,334.0496823702415,False,False,False,565.25,baseline_proxy_not_known_inventory,,183.47,176.0,high,2020
159544719.9819849,1585749600000000000,278,1.8678678193817948,1849.189141187977,False,False,False,0.37594862746260294,372.18914118797693,False,False,False,1.0,2020-04-01,1-7,9aefce4864bf0b799d6e1ea8ba60646226a5561d63fda0ba9b84f3c73e2e3714,-57600000000000,1585692000000000000,2.867867819381795,2839.189141187977,False,False,False,False,overnight_or_pre,1585692000000000000,9.629749225162994,key_gamma,QQQ:2020-04-01:key_gamma:1:172.5,20640000000000,1585770240000000000,1.375948627462603,1362.189141187977,False,False,False,True,rth,1585770240000000000,ok,7063.702714703006,338545,1,40.94900124465511,QQQ,2.5022112537252292,2477.189141187977,False,False,False,1.375948627462603,1362.189141187977,False,False,False,247.5,baseline_proxy_not_known_inventory,-31269049.70386004,185.2,172.5,high,2020
159544719.9819849,1585749600000000000,278,1.4469446046597434,1432.475158613146,False,False,False,0.04497458725944843,44.52484138685395,False,False,False,2.0,2020-04-01,1-7,9aefce4864bf0b799d6e1ea8ba60646226a5561d63fda0ba9b84f3c73e2e3714,-57600000000000,1585692000000000000,3.4469446046597434,3412.475158613146,False,False,False,False,overnight_or_pre,1585692000000000000,9.629749225162994,call_wall,QQQ:2020-04-01:call_wall:1:169.0,20640000000000,1585770240000000000,1.9550254127405515,1935.475158613146,False,False,False,True,rth,1585770240000000000,ok,6920.3812103467135,338545,1,40.94900124465511,QQQ,3.081288039003178,3050.475158613146,False,False,False,1.9550254127405515,1935.475158613146,False,False,False,247.5,baseline_proxy_not_known_inventory,13848235.595164642,185.2,169.0,high,2020
159544719.9819849,1585749600000000000,278,3.867867819381795,3829.189141187977,False,False,False,2.375948627462603,2352.189141187977,False,False,False,-1.0,2020-04-01,1-7,9aefce4864bf0b799d6e1ea8ba60646226a5561d63fda0ba9b84f3c73e2e3714,-57600000000000,1585692000000000000,2.867867819381795,2839.189141187977,False,False,False,False,overnight_or_pre,1585692000000000000,9.629749225162994,put_wall,QQQ:2020-04-01:put_wall:1:172.5,20640000000000,1585770240000000000,1.375948627462603,1362.189141187977,False,False,False,True,rth,1585770240000000000,ok,7063.702714703006,338545,1,40.94900124465511,QQQ,2.5022112537252292,2477.189141187977,False,False,False,1.375948627462603,1362.189141187977,False,False,False,247.5,baseline_proxy_not_known_inventory,-31269049.70386004,185.2,172.5,high,2020
159544719.9819849,1585749600000000000,278,8.259603276009795,8177.007243249696,False,False,False,6.767684084090602,6700.007243249696,False,False,False,-2.0,2020-04-01,1-7,9aefce4864bf0b799d6e1ea8ba60646226a5561d63fda0ba9b84f3c73e2e3714,-57600000000000,1585692000000000000,6.259603276009794,6197.007243249696,False,False,False,False,overnight_or_pre,1585692000000000000,9.629749225162994,gamma_flip,QQQ:2020-04-01:gamma_flip:1:152.0,20640000000000,1585770240000000000,4.767684084090602,4720.007243249696,False,False,False,True,rth,1585770240000000000,ok,6224.248189187576,338545,1,40.94900124465511,QQQ,5.893946710353228,5835.007243249696,False,False,False,4.767684084090602,4720.007243249696,False,False,False,247.5,baseline_proxy_not_known_inventory,,185.2,152.0,high,2020
159544719.9819849,1585749600000000000,278,1.785142564342088,1767.291138698667,False,False,False,0.29322337242289603,290.29113869866705,False,False,False,1.0,2020-04-01,1-7,9aefce4864bf0b799d6e1ea8ba60646226a5561d63fda0ba9b84f3c73e2e3714,-57600000000000,1585692000000000000,2.7851425643420877,2757.291138698667,False,False,False,False,overnight_or_pre,1585692000000000000,9.629749225162994,max_pain,QQQ:2020-04-01:max_pain:1:173.0,20640000000000,1585770240000000000,1.293223372422896,1280.291138698667,False,False,False,True,rth,1585770240000000000,ok,7084.177215325333,338545,1,40.94900124465511,QQQ,2.419485998685522,2395.291138698667,False,False,False,1.293223372422896,1280.291138698667,False,False,False,247.5,baseline_proxy_not_known_inventory,,185.2,173.0,high,2020
159544719.9819849,1585749600000000000,278,3.867867819381795,3829.189141187977,False,False,False,2.375948627462603,2352.189141187977,False,False,False,-1.0,2020-04-01,1-7,9aefce4864bf0b799d6e1ea8ba60646226a5561d63fda0ba9b84f3c73e2e3714,-57600000000000,1585692000000000000,2.867867819381795,2839.189141187977,False,False,False,False,overnight_or_pre,1585692000000000000,9.629749225162994,top_gamma,QQQ:2020-04-01:top_gamma:1:172.5,20640000000000,1585770240000000000,1.375948627462603,1362.189141187977,False,False,False,True,rth,1585770240000000000,ok,7063.702714703006,338545,1,40.94900124465511,QQQ,2.5022112537252292,2477.189141187977,False,False,False,1.375948627462603,1362.189141187977,False,False,False,247.5,baseline_proxy_not_known_inventory,,185.2,172.5,high,2020
159544719.9819849,1585749600000000000,278,5.446944604659744,5392.475158613146,False,False,False,3.9550254127405515,3915.475158613146,False,False,False,-2.0,2020-04-01,1-7,9aefce4864bf0b799d6e1ea8ba60646226a5561d63fda0ba9b84f3c73e2e3714,-57600000000000,1585692000000000000,3.4469446046597434,3412.475158613146,False,False,False,False,overnight_or_pre,1585692000000000000,9.629749225162994,top_gamma,QQQ:2020-04-01:top_gamma:2:169.0,20640000000000,1585770240000000000,1.9550254127405515,1935.475158613146,False,False,False,True,rth,1585770240000000000,ok,6920.3812103467135,338545,2,40.94900124465511,QQQ,3.081288039003178,3050.475158613146,False,False,False,1.9550254127405515,1935.475158613146,False,False,False,247.5,baseline_proxy_not_known_inventory,,185.2,169.0,high,2020
159544719.9819849,1585749600000000000,278,0.6269889937861833,620.7191038483215,False,False,False,0.8649301981330085,856.2808961516785,False,False,False,1.0,2020-04-01,1-7,9aefce4864bf0b799d6e1ea8ba60646226a5561d63fda0ba9b84f3c73e2e3714,-57600000000000,1585692000000000000,1.6269889937861834,1610.7191038483215,False,False,False,False,overnight_or_pre,1585692000000000000,9.629749225162994,top_gamma,QQQ:2020-04-01:top_gamma:3:180.0,20640000000000,1585770240000000000,0.13506980186699144,133.71910384832154,False,False,False,True,rth,1585770240000000000,ok,7370.82022403792,338545,3,40.94900124465511,QQQ,1.2613324281296177,1248.7191038483215,False,False,False,0.13506980186699144,133.71910384832154,False,False,False,247.5,baseline_proxy_not_known_inventory,,185.2,180.0,high,2020
159544719.9819849,1585749600000000000,278,4.867867819381795,4819.189141187977,False,False,False,3.375948627462603,3342.189141187977,False,False,False,-2.0,2020-04-01,1-7,9aefce4864bf0b799d6e1ea8ba60646226a5561d63fda0ba9b84f3c73e2e3714,-57600000000000,1585692000000000000,2.867867819381795,2839.189141187977,False,False,False,False,overnight_or_pre,1585692000000000000,9.629749225162994,top_vanna,QQQ:2020-04-01:top_vanna:1:172.5,20640000000000,1585770240000000000,1.375948627462603,1362.189141187977,False,False,False,True,rth,1585770240000000000,ok,7063.702714703006,338545,1,40.94900124465511,QQQ,2.5022112537252292,2477.189141187977,False,False,False,1.375948627462603,1362.189141187977,False,False,False,247.5,baseline_proxy_not_known_inventory,,185.2,172.5,high,2020
159544719.9819849,1585749600000000000,278,1.4469446046597434,1432.475158613146,False,False,False,0.04497458725944843,44.52484138685395,False,False,False,2.0,2020-04-01,1-7,9aefce4864bf0b799d6e1ea8ba60646226a5561d63fda0ba9b84f3c73e2e3714,-57600000000000,1585692000000000000,3.4469446046597434,3412.475158613146,False,False,False,False,overnight_or_pre,1585692000000000000,9.629749225162994,top_vanna,QQQ:2020-04-01:top_vanna:2:169.0,20640000000000,1585770240000000000,1.9550254127405515,1935.475158613146,False,False,False,True,rth,1585770240000000000,ok,6920.3812103467135,338545,2,40.94900124465511,QQQ,3.081288039003178,3050.475158613146,False,False,False,1.9550254127405515,1935.475158613146,False,False,False,247.5,baseline_proxy_not_known_inventory,,185.2,169.0,high,2020
159544719.9819849,1585749600000000000,278,4.259603276009794,4217.007243249696,False,False,False,2.7676840840906025,2740.0072432496963,False,False,False,2.0,2020-04-01,1-7,9aefce4864bf0b799d6e1ea8ba60646226a5561d63fda0ba9b84f3c73e2e3714,-57600000000000,1585692000000000000,6.259603276009794,6197.007243249696,False,False,False,False,overnight_or_pre,1585692000000000000,9.629749225162994,top_vanna,QQQ:2020-04-01:top_vanna:3:152.0,20640000000000,1585770240000000000,4.767684084090602,4720.007243249696,False,False,False,True,rth,1585770240000000000,ok,6224.248189187576,338545,3,40.94900124465511,QQQ,5.893946710353228,5835.007243249696,False,False,False,4.767684084090602,4720.007243249696,False,False,False,247.5,baseline_proxy_not_known_inventory,,185.2,152.0,high,2020
159544719.9819849,1585749600000000000,278,4.446944604659744,4402.475158613146,False,False,False,2.9550254127405515,2925.475158613146,False,False,False,-1.0,2020-04-01,1-7,9aefce4864bf0b799d6e1ea8ba60646226a5561d63fda0ba9b84f3c73e2e3714,-57600000000000,1585692000000000000,3.4469446046597434,3412.475158613146,False,False,False,False,overnight_or_pre,1585692000000000000,9.629749225162994,top_vega,QQQ:2020-04-01:top_vega:1:169.0,20640000000000,1585770240000000000,1.9550254127405515,1935.475158613146,False,False,False,True,rth,1585770240000000000,ok,6920.3812103467135,338545,1,40.94900124465511,QQQ,3.081288039003178,3050.475158613146,False,False,False,1.9550254127405515,1935.475158613146,False,False,False,247.5,baseline_proxy_not_known_inventory,,185.2,169.0,high,2020
159544719.9819849,1585749600000000000,278,0.3730110062138166,369.28089615167846,False,False,False,1.8649301981330086,1846.2808961516785,False,False,False,2.0,2020-04-01,1-7,9aefce4864bf0b799d6e1ea8ba60646226a5561d63fda0ba9b84f3c73e2e3714,-57600000000000,1585692000000000000,1.6269889937861834,1610.7191038483215,False,False,False,False,overnight_or_pre,1585692000000000000,9.629749225162994,top_vega,QQQ:2020-04-01:top_vega:2:180.0,20640000000000,1585770240000000000,0.13506980186699144,133.71910384832154,False,False,False,True,rth,1585770240000000000,ok,7370.82022403792,338545,2,40.94900124465511,QQQ,1.2613324281296177,1248.7191038483215,False,False,False,0.13506980186699144,133.71910384832154,False,False,False,247.5,baseline_proxy_not_known_inventory,,185.2,180.0,high,2020
159544719.9819849,1585749600000000000,278,0.8678678193817949,859.1891411879769,False,False,False,0.6240513725373971,617.8108588120231,False,False,False,2.0,2020-04-01,1-7,9aefce4864bf0b799d6e1ea8ba60646226a5561d63fda0ba9b84f3c73e2e3714,-57600000000000,1585692000000000000,2.867867819381795,2839.189141187977,False,False,False,False,overnight_or_pre,1585692000000000000,9.629749225162994,top_vega,QQQ:2020-04-01:top_vega:3:172.5,20640000000000,1585770240000000000,1.375948627462603,1362.189141187977,False,False,False,True,rth,1585770240000000000,ok,7063.702714703006,338545,3,40.94900124465511,QQQ,2.5022112537252292,2477.189141187977,False,False,False,1.375948627462603,1362.189141187977,False,False,False,247.5,baseline_proxy_not_known_inventory,,185.2,172.5,high,2020
294089749.2581414,1591020000000000000,274,5.279018557835155,4212.656809152453,False,False,False,4.4995699362812696,3590.656809152453,False,False,False,2.0,2020-06-01,1-7,9aefce4864bf0b799d6e1ea8ba60646226a5561d63fda0ba9b84f3c73e2e3714,13080000000000,1591033080000000000,7.279018557835155,5808.656809152453,False,False,False,True,rth,1591033080000000000,7.270385102236553,key_gamma,QQQ:2020-06-01:key_gamma:1:199.0,-56700000000000,1590963300000000000,6.4995699362812696,5186.656809152453,False,False,False,False,overnight_or_pre,1590963300000000000,ok,8153.585797711887,444919,1,40.97279295332606,QQQ,7.279018557835155,5808.656809152453,False,False,False,6.777765425003074,5408.656809152453,False,False,False,199.5,baseline_proxy_not_known_inventory,-30039624.326213177,233.11,199.0,high,2020
294089749.2581414,1591020000000000000,274,1.5253229570840987,1217.2077197531107,False,False,False,2.3047715786379834,1839.2077197531107,False,False,False,1.0,2020-06-01,1-7,9aefce4864bf0b799d6e1ea8ba60646226a5561d63fda0ba9b84f3c73e2e3714,13080000000000,1591033080000000000,0.5253229570840986,419.2077197531107,False,False,False,True,rth,1591033080000000000,7.270385102236553,call_wall,QQQ:2020-06-01:call_wall:1:237.0,-56700000000000,1590963300000000000,1.3047715786379834,1041.2077197531107,False,False,False,False,overnight_or_pre,1590963300000000000,ok,9710.551929938278,444919,1,40.97279295332606,QQQ,0.5253229570840986,419.2077197531107,False,False,False,1.0265760899161789,819.2077197531107,False,False,False,199.5,baseline_proxy_not_known_inventory,27221774.925071504,233.11,237.0,high,2020
294089749.2581414,1591020000000000000,274,5.279018557835155,4212.656809152453,False,False,False,4.4995699362812696,3590.656809152453,False,False,False,2.0,2020-06-01,1-7,9aefce4864bf0b799d6e1ea8ba60646226a5561d63fda0ba9b84f3c73e2e3714,13080000000000,1591033080000000000,7.279018557835155,5808.656809152453,False,False,False,True,rth,1591033080000000000,7.270385102236553,put_wall,QQQ:2020-06-01:put_wall:1:199.0,-56700000000000,1590963300000000000,6.4995699362812696,5186.656809152453,False,False,False,False,overnight_or_pre,1590963300000000000,ok,8153.585797711887,444919,1,40.97279295332606,QQQ,7.279018557835155,5808.656809152453,False,False,False,6.777765425003074,5408.656809152453,False,False,False,199.5,baseline_proxy_not_known_inventory,-30039624.326213177,233.11,199.0,high,2020
294089749.2581414,1591020000000000000,274,5.587084670266173,4458.4935668724065,False,False,False,4.807636048712289,3836.4935668724065,False,False,False,2.0,2020-06-01,1-7,9aefce4864bf0b799d6e1ea8ba60646226a5561d63fda0ba9b84f3c73e2e3714,13080000000000,1591033080000000000,7.5870846702661785,6054.49356687241,False,False,False,True,rth,1591033080000000000,7.270385102236553,gamma_flip,QQQ:2020-06-01:gamma_flip:1:197.5,-56700000000000,1590963300000000000,6.807636048712293,5432.49356687241,False,False,False,False,overnight_or_pre,1590963300000000000,ok,8092.1266082818975,444919,1,40.97279295332606,QQQ,7.5870846702661785,6054.49356687241,False,False,False,7.085831537434098,5654.49356687241,False,False,False,199.5,baseline_proxy_not_known_inventory,,233.11,197.5,high,2020
294089749.2581414,1591020000000000000,274,0.32307371750204383,257.812826566631,False,False,False,0.4563749040518409,364.187173433369,False,False,False,1.0,2020-06-01,1-7,9aefce4864bf0b799d6e1ea8ba60646226a5561d63fda0ba9b84f3c73e2e3714,13080000000000,1591033080000000000,1.3230737175020437,1055.812826566631,False,False,False,True,rth,1591033080000000000,7.270385102236553,max_pain,QQQ:2020-06-01:max_pain:1:228.0,-56700000000000,1590963300000000000,0.5436250959481591,433.812826566631,False,False,False,False,overnight_or_pre,1590963300000000000,ok,9341.796793358342,444919,1,40.97279295332606,QQQ,1.3230737175020437,1055.812826566631,False,False,False,0.8218205846699637,655.812826566631,False,False,False,199.5,baseline_proxy_not_known_inventory,,233.11,228.0,high,2020
294089749.2581414,1591020000000000000,274,5.279018557835155,4212.656809152453,False,False,False,4.4995699362812696,3590.656809152453,False,False,False,2.0,2020-06-01,1-7,9aefce4864bf0b799d6e1ea8ba60646226a5561d63fda0ba9b84f3c73e2e3714,13080000000000,1591033080000000000,7.279018557835155,5808.656809152453,False,False,False,True,rth,1591033080000000000,7.270385102236553,top_gamma,QQQ:2020-06-01:top_gamma:1:199.0,-56700000000000,1590963300000000000,6.4995699362812696,5186.656809152453,False,False,False,False,overnight_or_pre,1590963300000000000,ok,8153.585797711887,444919,1,40.97279295332606,QQQ,7.279018557835155,5808.656809152453,False,False,False,6.777765425003074,5408.656809152453,False,False,False,199.5,baseline_proxy_not_known_inventory,,233.11,199.0,high,2020
294089749.2581414,1591020000000000000,274,1.4746770429159013,1176.7922802468893,False,False,False,0.6952284213620167,554.7922802468893,False,False,False,-2.0,2020-06-01,1-7,9aefce4864bf0b799d6e1ea8ba60646226a5561d63fda0ba9b84f3c73e2e3714,13080000000000,1591033080000000000,0.5253229570840986,419.2077197531107,False,False,False,True,rth,1591033080000000000,7.270385102236553,top_gamma,QQQ:2020-06-01:top_gamma:2:237.0,-56700000000000,1590963300000000000,1.3047715786379834,1041.2077197531107,False,False,False,False,overnight_or_pre,1590963300000000000,ok,9710.551929938278,444919,2,40.97279295332606,QQQ,0.5253229570840986,419.2077197531107,False,False,False,1.0265760899161789,819.2077197531107,False,False,False,199.5,baseline_proxy_not_known_inventory,,233.11,237.0,high,2020
294089749.2581414,1591020000000000000,274,0.4526494630824566,361.2142715398004,False,False,False,0.3267991584714281,260.7857284601996,False,False,False,2.0,2020-06-01,1-7,9aefce4864bf0b799d6e1ea8ba60646226a5561d63fda0ba9b84f3c73e2e3714,13080000000000,1591033080000000000,2.4526494630824565,1957.2142715398004,False,False,False,True,rth,1591033080000000000,7.270385102236553,top_gamma,QQQ:2020-06-01:top_gamma:3:222.5,-56700000000000,1590963300000000000,1.673200841528572,1335.2142715398004,False,False,False,False,overnight_or_pre,1590963300000000000,ok,9116.44643211505,444919,3,40.97279295332606,QQQ,2.4526494630824565,1957.2142715398004,False,False,False,1.9513963302503765,1557.2142715398004,False,False,False,199.5,baseline_proxy_not_known_inventory,,233.11,222.5,high,2020
294089749.2581414,1591020000000000000,274,5.279018557835155,4212.656809152453,False,False,False,4.4995699362812696,3590.656809152453,False,False,False,2.0,2020-06-01,1-7,9aefce4864bf0b799d6e1ea8ba60646226a5561d63fda0ba9b84f3c73e2e3714,13080000000000,1591033080000000000,7.279018557835155,5808.656809152453,False,False,False,True,rth,1591033080000000000,7.270385102236553,top_vanna,QQQ:2020-06-01:top_vanna:1:199.0,-56700000000000,1590963300000000000,6.4995699362812696,5186.656809152453,False,False,False,False,overnight_or_pre,1590963300000000000,ok,8153.585797711887,444919,1,40.97279295332606,QQQ,7.279018557835155,5808.656809152453,False,False,False,6.777765425003074,5408.656809152453,False,False,False,199.5,baseline_proxy_not_known_inventory,,233.11,199.0,high,2020
294089749.2581414,1591020000000000000,274,1.4526494630824567,1159.2142715398004,False,False,False,0.673200841528572,537.2142715398004,False,False,False,1.0,2020-06-01,1-7,9aefce4864bf0b799d6e1ea8ba60646226a5561d63fda0ba9b84f3c73e2e3714,13080000000000,1591033080000000000,2.4526494630824565,1957.2142715398004,False,False,False,True,rth,1591033080000000000,7.270385102236553,top_vanna,QQQ:2020-06-01:top_vanna:2:222.5,-56700000000000,1590963300000000000,1.673200841528572,1335.2142715398004,False,False,False,False,overnight_or_pre,1590963300000000000,ok,9116.44643211505,444919,2,40.97279295332606,QQQ,2.4526494630824565,1957.2142715398004,False,False,False,1.9513963302503765,1557.2142715398004,False,False,False,199.5,baseline_proxy_not_known_inventory,,233.11,222.5,high,2020
294089749.2581414,1591020000000000000,274,0.14145518194614615,112.88123519302462,False,False,False,0.9209038035000309,734.8812351930246,False,False,False,-1.0,2020-06-01,1-7,9aefce4864bf0b799d6e1ea8ba60646226a5561d63fda0ba9b84f3c73e2e3714,13080000000000,1591033080000000000,1.141455181946146,910.8812351930246,False,False,False,True,rth,1591033080000000000,7.270385102236553,top_vanna,QQQ:2020-06-01:top_vanna:3:240.0,-56700000000000,1590963300000000000,1.9209038035000308,1532.8812351930246,False,False,False,False,overnight_or_pre,1590963300000000000,ok,9833.470308798256,444919,3,40.97279295332606,QQQ,1.141455181946146,910.8812351930246,False,False,False,1.6427083147782264,1310.8812351930246,False,False,False,199.5,baseline_proxy_not_known_inventory,,233.11,240.0,high,2020
294089749.2581414,1591020000000000000,274,9.279018557835155,7404.656809152453,False,False,False,8.49956993628127,6782.656809152453,False,False,False,-2.0,2020-06-01,1-7,9aefce4864bf0b799d6e1ea8ba60646226a5561d63fda0ba9b84f3c73e2e3714,13080000000000,1591033080000000000,7.279018557835155,5808.656809152453,False,False,False,True,rth,1591033080000000000,7.270385102236553,top_vega,QQQ:2020-06-01:top_vega:1:199.0,-56700000000000,1590963300000000000,6.4995699362812696,5186.656809152453,False,False,False,False,overnight_or_pre,1590963300000000000,ok,8153.585797711887,444919,1,40.97279295332606,QQQ,7.279018557835155,5808.656809152453,False,False,False,6.777765425003074,5408.656809152453,False,False,False,199.5,baseline_proxy_not_known_inventory,,233.11,199.0,high,2020
294089749.2581414,1591020000000000000,274,0.4526494630824566,361.2142715398004,False,False,False,0.3267991584714281,260.7857284601996,False,False,False,2.0,2020-06-01,1-7,9aefce4864bf0b799d6e1ea8ba60646226a5561d63fda0ba9b84f3c73e2e3714,13080000000000,1591033080000000000,2.4526494630824565,1957.2142715398004,False,False,False,True,rth,1591033080000000000,7.270385102236553,top_vega,QQQ:2020-06-01:top_vega:2:222.5,-56700000000000,1590963300000000000,1.673200841528572,1335.2142715398004,False,False,False,False,overnight_or_pre,1590963300000000000,ok,9116.44643211505,444919,2,40.97279295332606,QQQ,2.4526494630824565,1957.2142715398004,False,False,False,1.9513963302503765,1557.2142715398004,False,False,False,199.5,baseline_proxy_not_known_inventory,,233.11,222.5,high,2020
294089749.2581414,1591020000000000000,274,1.5253229570840987,1217.2077197531107,False,False,False,2.3047715786379834,1839.2077197531107,False,False,False,1.0,2020-06-01,1-7,9aefce4864bf0b799d6e1ea8ba60646226a5561d63fda0ba9b84f3c73e2e3714,13080000000000,1591033080000000000,0.5253229570840986,419.2077197531107,False,False,False,True,rth,1591033080000000000,7.270385102236553,top_vega,QQQ:2020-06-01:top_vega:3:237.0,-56700000000000,1590963300000000000,1.3047715786379834,1041.2077197531107,False,False,False,False,overnight_or_pre,1590963300000000000,ok,9710.551929938278,444919,3,40.97279295332606,QQQ,0.5253229570840986,419.2077197531107,False,False,False,1.0265760899161789,819.2077197531107,False,False,False,199.5,baseline_proxy_not_known_inventory,,233.11,237.0,high,2020
607320335.8474082,1609772400000000000,275,12.620805119574557,5023.080437590674,False,False,False,8.226332757765512,3274.0804375906737,False,False,False,-2.0,2021-01-04,1-7,bd307da1752b5090947c5d49b7337b6d2d077f9a362e34a89a6824940513a315,-19440000000000,1609752960000000000,10.620805119574557,4227.080437590674,False,False,False,False,overnight_or_pre,1609752960000000000,9.106769937181088,key_gamma,QQQ:2021-01-04:key_gamma:1:290.0,8100000000000,1609780500000000000,6.226332757765512,2478.0804375906737,False,False,False,True,rth,1609780500000000000,ok,11902.979890602332,546056,1,41.044758243456315,QQQ,10.434875471333351,4153.080437590674,False,False,False,6.226332757765512,2478.0804375906737,False,False,False,99.5,baseline_proxy_not_known_inventory,103289039.61740345,313.8,290.0,high,2021
607320335.8474082,1609772400000000000,275,8.620805119574557,3431.0804375906737,False,False,False,4.226332757765512,1682.0804375906737,False,False,False,2.0,2021-01-04,1-7,bd307da1752b5090947c5d49b7337b6d2d077f9a362e34a89a6824940513a315,-19440000000000,1609752960000000000,10.620805119574557,4227.080437590674,False,False,False,False,overnight_or_pre,1609752960000000000,9.106769937181088,call_wall,QQQ:2021-01-04:call_wall:1:290.0,8100000000000,1609780500000000000,6.226332757765512,2478.0804375906737,False,False,False,True,rth,1609780500000000000,ok,11902.979890602332,546056,1,41.044758243456315,QQQ,10.434875471333351,4153.080437590674,False,False,False,6.226332757765512,2478.0804375906737,False,False,False,99.5,baseline_proxy_not_known_inventory,103289039.61740345,313.8,290.0,high,2021
607320335.8474082,1609772400000000000,275,12.620805119574557,5023.080437590674,False,False,False,8.226332757765512,3274.0804375906737,False,False,False,-2.0,2021-01-04,1-7,bd307da1752b5090947c5d49b7337b6d2d077f9a362e34a89a6824940513a315,-19440000000000,1609752960000000000,10.620805119574557,4227.080437590674,False,False,False,False,overnight_or_pre,1609752960000000000,9.106769937181088,put_wall,QQQ:2021-01-04:put_wall:1:290.0,8100000000000,1609780500000000000,6.226332757765512,2478.0804375906737,False,False,False,True,rth,1609780500000000000,ok,11902.979890602332,546056,1,41.044758243456315,QQQ,10.434875471333351,4153.080437590674,False,False,False,6.226332757765512,2478.0804375906737,False,False,False,99.5,baseline_proxy_not_known_inventory,-23563054.477153745,313.8,290.0,high,2021
607320335.8474082,1609772400000000000,275,13.364671650225295,5319.139316789668,False,False,False,8.97019928841625,3570.1393167896676,False,False,False,2.0,2021-01-04,1-7,bd307da1752b5090947c5d49b7337b6d2d077f9a362e34a89a6824940513a315,-19440000000000,1609752960000000000,15.364671650225295,6115.139316789668,False,False,False,False,overnight_or_pre,1609752960000000000,9.106769937181088,gamma_flip,QQQ:2021-01-04:gamma_flip:1:278.5,8100000000000,1609780500000000000,10.97019928841625,4366.139316789668,False,False,False,True,rth,1609780500000000000,ok,11430.965170802583,546056,1,41.044758243456315,QQQ,15.178742001984089,6041.139316789668,False,False,False,10.97019928841625,4366.139316789668,False,False,False,99.5,baseline_proxy_not_known_inventory,,313.8,278.5,high,2021
607320335.8474082,1609772400000000000,275,9.620805119574557,3829.0804375906737,False,False,False,5.226332757765512,2080.0804375906737,False,False,False,1.0,2021-01-04,1-7,bd307da1752b5090947c5d49b7337b6d2d077f9a362e34a89a6824940513a315,-19440000000000,1609752960000000000,10.620805119574557,4227.080437590674,False,False,False,False,overnight_or_pre,1609752960000000000,9.106769937181088,max_pain,QQQ:2021-01-04:max_pain:1:290.0,8100000000000,1609780500000000000,6.226332757765512,2478.0804375906737,False,False,False,True,rth,1609780500000000000,ok,11902.979890602332,546056,1,41.044758243456315,QQQ,10.434875471333351,4153.080437590674,False,False,False,6.226332757765512,2478.0804375906737,False,False,False,99.5,baseline_proxy_not_known_inventory,,313.8,290.0,high,2021
607320335.8474082,1609772400000000000,275,8.620805119574557,3431.0804375906737,False,False,False,4.226332757765512,1682.0804375906737,False,False,False,2.0,2021-01-04,1-7,bd307da1752b5090947c5d49b7337b6d2d077f9a362e34a89a6824940513a315,-19440000000000,1609752960000000000,10.620805119574557,4227.080437590674,False,False,False,False,overnight_or_pre,1609752960000000000,9.106769937181088,top_gamma,QQQ:2021-01-04:top_gamma:1:290.0,8100000000000,1609780500000000000,6.226332757765512,2478.0804375906737,False,False,False,True,rth,1609780500000000000,ok,11902.979890602332,546056,1,41.044758243456315,QQQ,10.434875471333351,4153.080437590674,False,False,False,6.226332757765512,2478.0804375906737,False,False,False,99.5,baseline_proxy_not_known_inventory,,313.8,290.0,high,2021
607320335.8474082,1609772400000000000,275,1.27677645932281,508.1570308104783,False,False,False,3.1176959024862354,1240.8429691895217,False,False,False,-2.0,2021-01-04,1-7,bd307da1752b5090947c5d49b7337b6d2d077f9a362e34a89a6824940513a315,-19440000000000,1609752960000000000,0.7232235406771902,287.8429691895217,False,False,False,False,overnight_or_pre,1609752960000000000,9.106769937181088,top_gamma,QQQ:2021-01-04:top_gamma:2:317.5,8100000000000,1609780500000000000,5.117695902486235,2036.8429691895217,False,False,False,True,rth,1609780500000000000,ok,13031.71074229738,546056,2,41.044758243456315,QQQ,0.9091531889183961,361.8429691895217,False,False,False,5.117695902486235,2036.8429691895217,False,False,False,99.5,baseline_proxy_not_known_inventory,,313.8,317.5,high,2021
607320335.8474082,1609772400000000000,275,3.958092324473224,1575.3207451403432,False,False,False,0.4363800373358211,173.6792548596568,False,False,False,-2.0,2021-01-04,1-7,bd307da1752b5090947c5d49b7337b6d2d077f9a362e34a89a6824940513a315,-19440000000000,1609752960000000000,1.9580923244732242,779.3207451403432,False,False,False,False,overnight_or_pre,1609752960000000000,9.106769937181088,top_gamma,QQQ:2021-01-04:top_gamma:3:311.0,8100000000000,1609780500000000000,2.436380037335821,969.6792548596568,False,False,False,True,rth,1609780500000000000,ok,12764.919813714914,546056,3,41.044758243456315,QQQ,1.7721626762320182,705.3207451403432,False,False,False,2.436380037335821,969.6792548596568,False,False,False,99.5,baseline_proxy_not_known_inventory,,313.8,311.0,high,2021
607320335.8474082,1609772400000000000,275,8.620805119574557,3431.0804375906737,False,False,False,4.226332757765512,1682.0804375906737,False,False,False,2.0,2021-01-04,1-7,bd307da1752b5090947c5d49b7337b6d2d077f9a362e34a89a6824940513a315,-19440000000000,1609752960000000000,10.620805119574557,4227.080437590674,False,False,False,False,overnight_or_pre,1609752960000000000,9.106769937181088,top_vanna,QQQ:2021-01-04:top_vanna:1:290.0,8100000000000,1609780500000000000,6.226332757765512,2478.0804375906737,False,False,False,True,rth,1609780500000000000,ok,11902.979890602332,546056,1,41.044758243456315,QQQ,10.434875471333351,4153.080437590674,False,False,False,6.226332757765512,2478.0804375906737,False,False,False,99.5,baseline_proxy_not_known_inventory,,313.8,290.0,high,2021
607320335.8474082,1609772400000000000,275,11.620805119574557,4625.080437590674,False,False,False,7.226332757765512,2876.0804375906737,False,False,False,-1.0,2021-01-04,1-7,bd307da1752b5090947c5d49b7337b6d2d077f9a362e34a89a6824940513a315,-19440000000000,1609752960000000000,10.620805119574557,4227.080437590674,False,False,False,False,overnight_or_pre,1609752960000000000,9.106769937181088,top_vanna,QQQ:2021-01-04:top_vanna:2:290.0,8100000000000,1609780500000000000,6.226332757765512,2478.0804375906737,False,False,False,True,rth,1609780500000000000,ok,11902.979890602332,546056,2,41.044758243456315,QQQ,10.434875471333351,4153.080437590674,False,False,False,6.226332757765512,2478.0804375906737,False,False,False,99.5,baseline_proxy_not_known_inventory,,313.8,290.0,high,2021
607320335.8474082,1609772400000000000,275,0.27677645932280986,110.15703081047832,False,False,False,4.117695902486235,1638.8429691895217,False,False,False,-1.0,2021-01-04,1-7,bd307da1752b5090947c5d49b7337b6d2d077f9a362e34a89a6824940513a315,-19440000000000,1609752960000000000,0.7232235406771902,287.8429691895217,False,False,False,False,overnight_or_pre,1609752960000000000,9.106769937181088,top_vanna,QQQ:2021-01-04:top_vanna:3:317.5,8100000000000,1609780500000000000,5.117695902486235,2036.8429691895217,False,False,False,True,rth,1609780500000000000,ok,13031.71074229738,546056,3,41.044758243456315,QQQ,0.9091531889183961,361.8429691895217,False,False,False,5.117695902486235,2036.8429691895217,False,False,False,99.5,baseline_proxy_not_known_inventory,,313.8,317.5,high,2021
607320335.8474082,1609772400000000000,275,8.620805119574557,3431.0804375906737,False,False,False,4.226332757765512,1682.0804375906737,False,False,False,2.0,2021-01-04,1-7,bd307da1752b5090947c5d49b7337b6d2d077f9a362e34a89a6824940513a315,-19440000000000,1609752960000000000,10.620805119574557,4227.080437590674,False,False,False,False,overnight_or_pre,1609752960000000000,9.106769937181088,top_vega,QQQ:2021-01-04:top_vega:1:290.0,8100000000000,1609780500000000000,6.226332757765512,2478.0804375906737,False,False,False,True,rth,1609780500000000000,ok,11902.979890602332,546056,1,41.044758243456315,QQQ,10.434875471333351,4153.080437590674,False,False,False,6.226332757765512,2478.0804375906737,False,False,False,99.5,baseline_proxy_not_known_inventory,,313.8,290.0,high,2021
607320335.8474082,1609772400000000000,275,11.620805119574557,4625.080437590674,False,False,False,7.226332757765512,2876.0804375906737,False,False,False,-1.0,2021-01-04,1-7,bd307da1752b5090947c5d49b7337b6d2d077f9a362e34a89a6824940513a315,-19440000000000,1609752960000000000,10.620805119574557,4227.080437590674,False,False,False,False,overnight_or_pre,1609752960000000000,9.106769937181088,top_vega,QQQ:2021-01-04:top_vega:2:290.0,8100000000000,1609780500000000000,6.226332757765512,2478.0804375906737,False,False,False,True,rth,1609780500000000000,ok,11902.979890602332,546056,2,41.044758243456315,QQQ,10.434875471333351,4153.080437590674,False,False,False,6.226332757765512,2478.0804375906737,False,False,False,99.5,baseline_proxy_not_known_inventory,,313.8,290.0,high,2021
607320335.8474082,1609772400000000000,275,0.27677645932280986,110.15703081047832,False,False,False,4.117695902486235,1638.8429691895217,False,False,False,-1.0,2021-01-04,1-7,bd307da1752b5090947c5d49b7337b6d2d077f9a362e34a89a6824940513a315,-19440000000000,1609752960000000000,0.7232235406771902,287.8429691895217,False,False,False,False,overnight_or_pre,1609752960000000000,9.106769937181088,top_vega,QQQ:2021-01-04:top_vega:3:317.5,8100000000000,1609780500000000000,5.117695902486235,2036.8429691895217,False,False,False,True,rth,1609780500000000000,ok,13031.71074229738,546056,3,41.044758243456315,QQQ,0.9091531889183961,361.8429691895217,False,False,False,5.117695902486235,2036.8429691895217,False,False,False,99.5,baseline_proxy_not_known_inventory,,313.8,317.5,high,2021
629995835.2374431,1614610800000000000,324,2.521958669371169,3404.644203651078,False,False,False,3.6234401508526504,4891.644203651078,False,False,False,2.0,2021-03-01,1-7,bd307da1752b5090947c5d49b7337b6d2d077f9a362e34a89a6824940513a315,24900000000000,1614635700000000000,0.5219586693711689,704.644203651078,False,False,False,True,other,1614635700000000000,10.84088518665689,key_gamma,QQQ:2021-03-01:key_gamma:1:329.0,-56640000000000,1614554160000000000,1.6234401508526504,2191.644203651078,False,False,False,False,overnight_or_pre,1614554160000000000,ok,13494.16105091277,354988,1,41.01568708484125,QQQ,0.6138105212230207,828.644203651078,False,False,False,1.344180891593391,1814.644203651078,False,False,False,337.5,baseline_proxy_not_known_inventory,-162941177.75028133,319.41,329.0,high,2021
629995835.2374431,1614610800000000000,324,2.5440166800874997,3434.4225181181246,False,False,False,1.4425351986060182,1947.4225181181246,False,False,False,-1.0,2021-03-01,1-7,bd307da1752b5090947c5d49b7337b6d2d077f9a362e34a89a6824940513a315,24900000000000,1614635700000000000,1.5440166800874997,2084.4225181181246,False,False,False,True,other,1614635700000000000,10.84088518665689,call_wall,QQQ:2021-03-01:call_wall:1:312.0,-56640000000000,1614554160000000000,0.4425351986060182,597.4225181181246,False,False,False,False,overnight_or_pre,1614554160000000000,ok,12796.894370470469,354988,1,41.01568708484125,QQQ,1.4521648282356479,1960.4225181181246,False,False,False,0.7217944578652774,974.4225181181246,False,False,False,337.5,baseline_proxy_not_known_inventory,43143134.25484238,319.41,312.0,high,2021
629995835.2374431,1614610800000000000,324,1.4780413306288311,1995.355796348922,False,False,False,0.37655984914734963,508.355796348922,False,False,False,-2.0,2021-03-01,1-7,bd307da1752b5090947c5d49b7337b6d2d077f9a362e34a89a6824940513a315,24900000000000,1614635700000000000,0.5219586693711689,704.644203651078,False,False,False,True,other,1614635700000000000,10.84088518665689,put_wall,QQQ:2021-03-01:put_wall:1:329.0,-56640000000000,1614554160000000000,1.6234401508526504,2191.644203651078,False,False,False,False,overnight_or_pre,1614554160000000000,ok,13494.16105091277,354988,1,41.01568708484125,QQQ,0.6138105212230207,828.644203651078,False,False,False,1.344180891593391,1814.644203651078,False,False,False,337.5,baseline_proxy_not_known_inventory,-162941177.75028133,319.41,329.0,high,2021
629995835.2374431,1614610800000000000,324,4.432911455539116,5984.430464977806,False,False,False,3.331429974057634,4497.430464977806,False,False,False,1.0,2021-03-01,1-7,bd307da1752b5090947c5d49b7337b6d2d077f9a362e34a89a6824940513a315,24900000000000,1614635700000000000,5.432911455539116,7334.430464977806,False,False,False,True,other,1614635700000000000,10.84088518665689,gamma_flip,QQQ:2021-03-01:gamma_flip:1:280.0,-56640000000000,1614554160000000000,4.331429974057634,5847.430464977806,False,False,False,False,overnight_or_pre,1614554160000000000,ok,11484.392383755549,354988,1,41.01568708484125,QQQ,5.341059603687263,7210.430464977806,False,False,False,4.610689233316894,6224.430464977806,False,False,False,337.5,baseline_proxy_not_known_inventory,,319.41,280.0,high,2021
629995835.2374431,1614610800000000000,324,1.035846822439721,1398.3932102936233,False,False,False,2.1373283039212025,2885.3932102936233,False,False,False,1.0,2021-03-01,1-7,bd307da1752b5090947c5d49b7337b6d2d077f9a362e34a89a6824940513a315,24900000000000,1614635700000000000,0.03584682243972094,48.39321029362327,False,False,False,True,other,1614635700000000000,10.84088518665689,max_pain,QQQ:2021-03-01:max_pain:1:325.0,-56640000000000,1614554160000000000,1.1373283039212023,1535.3932102936233,False,False,False,False,overnight_or_pre,1614554160000000000,ok,13330.098302573406,354988,1,41.01568708484125,QQQ,0.1276986742915728,172.39321029362327,False,False,False,0.8580690446619431,1158.3932102936233,False,False,False,337.5,baseline_proxy_not_known_inventory,,319.41,325.0,high,2021
629995835.2374431,1614610800000000000,324,1.5219586693711689,2054.644203651078,False,False,False,2.6234401508526504,3541.644203651078,False,False,False,1.0,2021-03-01,1-7,bd307da1752b5090947c5d49b7337b6d2d077f9a362e34a89a6824940513a315,24900000000000,1614635700000000000,0.5219586693711689,704.644203651078,False,False,False,True,other,1614635700000000000,10.84088518665689,top_gamma,QQQ:2021-03-01:top_gamma:1:329.0,-56640000000000,1614554160000000000,1.6234401508526504,2191.644203651078,False,False,False,False,overnight_or_pre,1614554160000000000,ok,13494.16105091277,354988,1,41.01568708484125,QQQ,0.6138105212230207,828.644203651078,False,False,False,1.344180891593391,1814.644203651078,False,False,False,337.5,baseline_proxy_not_known_inventory,,319.41,329.0,high,2021
629995835.2374431,1614610800000000000,324,0.4559833199125003,615.5774818818754,False,False,False,1.5574648013939818,2102.5774818818754,False,False,False,2.0,2021-03-01,1-7,bd307da1752b5090947c5d49b7337b6d2d077f9a362e34a89a6824940513a315,24900000000000,1614635700000000000,1.5440166800874997,2084.4225181181246,False,False,False,True,other,1614635700000000000,10.84088518665689,top_gamma,QQQ:2021-03-01:top_gamma:2:312.0,-56640000000000,1614554160000000000,0.4425351986060182,597.4225181181246,False,False,False,False,overnight_or_pre,1614554160000000000,ok,12796.894370470469,354988,2,41.01568708484125,QQQ,1.4521648282356479,1960.4225181181246,False,False,False,0.7217944578652774,974.4225181181246,False,False,False,337.5,baseline_proxy_not_known_inventory,,319.41,312.0,high,2021
629995835.2374431,1614610800000000000,324,2.2789027459054476,3076.5187069723543,False,False,False,3.380384227386929,4563.518706972354,False,False,False,2.0,2021-03-01,1-7,bd307da1752b5090947c5d49b7337b6d2d077f9a362e34a89a6824940513a315,24900000000000,1614635700000000000,0.2789027459054476,376.51870697235427,False,False,False,True,other,1614635700000000000,10.84088518665689,top_gamma,QQQ:2021-03-01:top_gamma:3:327.0,-56640000000000,1614554160000000000,1.3803842273869291,1863.5187069723543,False,False,False,False,overnight_or_pre,1614554160000000000,ok,13412.129676743089,354988,3,41.01568708484125,QQQ,0.37075459775729946,500.51870697235427,False,False,False,1.1011249681276698,1486.5187069723543,False,False,False,337.5,baseline_proxy_not_known_inventory,,319.41,327.0,high,2021
629995835.2374431,1614610800000000000,324,0.47804133062883114,645.355796348922,False,False,False,0.6234401508526504,841.644203651078,False,False,False,-1.0,2021-03-01,1-7,bd307da1752b5090947c5d49b7337b6d2d077f9a362e34a89a6824940513a315,24900000000000,1614635700000000000,0.5219586693711689,704.644203651078,False,False,False,True,other,1614635700000000000,10.84088518665689,top_vanna,QQQ:2021-03-01:top_vanna:1:329.0,-56640000000000,1614554160000000000,1.6234401508526504,2191.644203651078,False,False,False,False,overnight_or_pre,1614554160000000000,ok,13494.16105091277,354988,1,41.01568708484125,QQQ,0.6138105212230207,828.644203651078,False,False,False,1.344180891593391,1814.644203651078,False,False,False,337.5,baseline_proxy_not_known_inventory,,319.41,329.0,high,2021
629995835.2374431,1614610800000000000,324,0.5058176367659245,682.853809633998,False,False,False,0.595663844715557,804.146190366002,False,False,False,-2.0,2021-03-01,1-7,bd307da1752b5090947c5d49b7337b6d2d077f9a362e34a89a6824940513a315,24900000000000,1614635700000000000,1.4941823632340756,2017.146190366002,False,False,False,True,other,1614635700000000000,10.84088518665689,top_vanna,QQQ:2021-03-01:top_vanna:2:337.0,-56640000000000,1614554160000000000,2.595663844715557,3504.146190366002,False,False,False,False,overnight_or_pre,1614554160000000000,ok,13822.2865475915,354988,2,41.01568708484125,QQQ,1.5860342150859275,2141.146190366002,False,False,False,2.3164045854562976,3127.146190366002,False,False,False,337.5,baseline_proxy_not_known_inventory,,319.41,337.0,high,2021
629995835.2374431,1614610800000000000,324,1.8865425545697616,2546.832448669178,False,False,False,2.988024036051243,4033.832448669178,False,False,False,1.0,2021-03-01,1-7,bd307da1752b5090947c5d49b7337b6d2d077f9a362e34a89a6824940513a315,24900000000000,1614635700000000000,0.8865425545697616,1196.8324486691781,False,False,False,True,other,1614635700000000000,10.84088518665689,top_vanna,QQQ:2021-03-01:top_vanna:3:332.0,-56640000000000,1614554160000000000,1.9880240360512431,2683.832448669178,False,False,False,False,overnight_or_pre,1614554160000000000,ok,13617.208112167295,354988,3,41.01568708484125,QQQ,0.9783944064216135,1320.8324486691781,False,False,False,1.7087647767919838,2306.832448669178,False,False,False,337.5,baseline_proxy_not_known_inventory,,319.41,332.0,high,2021
629995835.2374431,1614610800000000000,324,0.47804133062883114,645.355796348922,False,False,False,0.6234401508526504,841.644203651078,False,False,False,-1.0,2021-03-01,1-7,bd307da1752b5090947c5d49b7337b6d2d077f9a362e34a89a6824940513a315,24900000000000,1614635700000000000,0.5219586693711689,704.644203651078,False,False,False,True,other,1614635700000000000,10.84088518665689,top_vega,QQQ:2021-03-01:top_vega:1:329.0,-56640000000000,1614554160000000000,1.6234401508526504,2191.644203651078,False,False,False,False,overnight_or_pre,1614554160000000000,ok,13494.16105091277,354988,1,41.01568708484125,QQQ,0.6138105212230207,828.644203651078,False,False,False,1.344180891593391,1814.644203651078,False,False,False,337.5,baseline_proxy_not_known_inventory,,319.41,329.0,high,2021
629995835.2374431,1614610800000000000,324,0.5440166800874997,734.4225181181246,False,False,False,0.5574648013939818,752.5774818818754,False,False,False,1.0,2021-03-01,1-7,bd307da1752b5090947c5d49b7337b6d2d077f9a362e34a89a6824940513a315,24900000000000,1614635700000000000,1.5440166800874997,2084.4225181181246,False,False,False,True,other,1614635700000000000,10.84088518665689,top_vega,QQQ:2021-03-01:top_vega:2:312.0,-56640000000000,1614554160000000000,0.4425351986060182,597.4225181181246,False,False,False,False,overnight_or_pre,1614554160000000000,ok,12796.894370470469,354988,2,41.01568708484125,QQQ,1.4521648282356479,1960.4225181181246,False,False,False,0.7217944578652774,974.4225181181246,False,False,False,337.5,baseline_proxy_not_known_inventory,,319.41,312.0,high,2021
629995835.2374431,1614610800000000000,324,3.0908925078853833,4172.7048856452675,False,False,False,1.9894110264039018,2685.7048856452675,False,False,False,-1.0,2021-03-01,1-7,bd307da1752b5090947c5d49b7337b6d2d077f9a362e34a89a6824940513a315,24900000000000,1614635700000000000,2.0908925078853833,2822.7048856452675,False,False,False,True,other,1614635700000000000,10.84088518665689,top_vega,QQQ:2021-03-01:top_vega:3:307.5,-56640000000000,1614554160000000000,0.9894110264039019,1335.7048856452675,False,False,False,False,overnight_or_pre,1614554160000000000,ok,12612.323778588683,354988,3,41.01568708484125,QQQ,1.9990406560335314,2698.7048856452675,False,False,False,1.268670285663161,1712.7048856452675,False,False,False,337.5,baseline_proxy_not_known_inventory,,319.41,307.5,high,2021
566872334.8933402,1617285600000000000,217,2.597437503876533,2129.898753178757,False,False,False,3.779144820949704,3098.898753178757,False,False,False,2.0,2021-04-01,0DTE,bd307da1752b5090947c5d49b7337b6d2d077f9a362e34a89a6824940513a315,24180000000000,1617309780000000000,0.5974375038765329,489.89875317875703,False,False,False,True,other,1617309780000000000,2.4314442824596036,key_gamma,QQQ:2021-04-01:key_gamma:1:328.0,-57600000000000,1617228000000000000,1.7791448209497036,1458.898753178757,False,False,False,False,overnight_or_pre,1617228000000000000,ok,13454.97468829469,398594,1,41.02126429358137,QQQ,0.6510960404618988,533.898753178757,False,False,False,1.0401204307058012,852.898753178757,False,False,False,205.0,baseline_proxy_not_known_inventory,88193119.90948822,324.0,328.0,low,2021
566872334.8933402,1617285600000000000,217,1.597437503876533,1309.898753178757,False,False,False,2.779144820949704,2278.898753178757,False,False,False,1.0,2021-04-01,0DTE,bd307da1752b5090947c5d49b7337b6d2d077f9a362e34a89a6824940513a315,24180000000000,1617309780000000000,0.5974375038765329,489.89875317875703,False,False,False,True,other,1617309780000000000,2.4314442824596036,call_wall,QQQ:2021-04-01:call_wall:1:328.0,-57600000000000,1617228000000000000,1.7791448209497036,1458.898753178757,False,False,False,False,overnight_or_pre,1617228000000000000,ok,13454.97468829469,398594,1,41.02126429358137,QQQ,0.6510960404618988,533.898753178757,False,False,False,1.0401204307058012,852.898753178757,False,False,False,205.0,baseline_proxy_not_known_inventory,88193119.90948822,324.0,328.0,low,2021
566872334.8933402,1617285600000000000,217,0.4968669984389768,407.430938719961,False,False,False,1.6785743155121475,1376.430938719961,False,False,False,1.0,2021-04-01,0DTE,bd307da1752b5090947c5d49b7337b6d2d077f9a362e34a89a6824940513a315,24180000000000,1617309780000000000,0.5031330015610233,412.569061280039,False,False,False,True,other,1617309780000000000,2.4314442824596036,put_wall,QQQ:2021-04-01:put_wall:1:322.5,-57600000000000,1617228000000000000,0.6785743155121475,556.430938719961,False,False,False,False,overnight_or_pre,1617228000000000000,ok,13229.35773467999,398594,1,41.02126429358137,QQQ,0.44947446497565735,368.569061280039,False,False,False,0.060450074731754906,49.56906128003902,False,False,False,205.0,baseline_proxy_not_known_inventory,-52957754.45962494,324.0,322.5,low,2021
566872334.8933402,1617285600000000000,217,6.106556034186315,5007.375948032779,False,False,False,4.924848717113145,4038.375948032779,False,False,False,1.0,2021-04-01,0DTE,bd307da1752b5090947c5d49b7337b6d2d077f9a362e34a89a6824940513a315,24180000000000,1617309780000000000,7.106556034186315,5827.375948032779,False,False,False,True,other,1617309780000000000,2.4314442824596036,gamma_flip,QQQ:2021-04-01:gamma_flip:1:289.5,-57600000000000,1617228000000000000,5.924848717113145,4858.375948032779,False,False,False,False,overnight_or_pre,1617228000000000000,ok,11875.656012991805,398594,1,41.02126429358137,QQQ,7.05289749760095,5783.375948032779,False,False,False,6.663873107357047,5464.375948032779,False,False,False,205.0,baseline_proxy_not_known_inventory,,324.0,289.5,low,2021
566872334.8933402,1617285600000000000,217,4.404637061350922,3611.8023903077556,False,False,False,3.2229297442777507,2642.8023903077556,False,False,False,-1.0,2021-04-01,0DTE,bd307da1752b5090947c5d49b7337b6d2d077f9a362e34a89a6824940513a315,24180000000000,1617309780000000000,3.4046370613509214,2791.8023903077556,False,False,False,True,other,1617309780000000000,2.4314442824596036,max_pain,QQQ:2021-04-01:max_pain:1:308.0,-57600000000000,1617228000000000000,2.2229297442777507,1822.8023903077556,False,False,False,False,overnight_or_pre,1617228000000000000,ok,12634.549402423061,398594,1,41.02126429358137,QQQ,3.3509785247655555,2747.8023903077556,False,False,False,2.961954134521653,2428.8023903077556,False,False,False,205.0,baseline_proxy_not_known_inventory,,324.0,308.0,low,2021
566872334.8933402,1617285600000000000,217,0.402562496123467,330.10124682124297,False,False,False,0.7791448209497037,638.898753178757,False,False,False,-1.0,2021-04-01,0DTE,bd307da1752b5090947c5d49b7337b6d2d077f9a362e34a89a6824940513a315,24180000000000,1617309780000000000,0.5974375038765329,489.89875317875703,False,False,False,True,other,1617309780000000000,2.4314442824596036,top_gamma,QQQ:2021-04-01:top_gamma:1:328.0,-57600000000000,1617228000000000000,1.7791448209497036,1458.898753178757,False,False,False,False,overnight_or_pre,1617228000000000000,ok,13454.97468829469,398594,1,41.02126429358137,QQQ,0.6510960404618988,533.898753178757,False,False,False,1.0401204307058012,852.898753178757,False,False,False,205.0,baseline_proxy_not_known_inventory,,324.0,328.0,low,2021
566872334.8933402,1617285600000000000,217,2.5031330015610234,2052.569061280039,False,False,False,1.3214256844878525,1083.569061280039,False,False,False,-2.0,2021-04-01,0DTE,bd307da1752b5090947c5d49b7337b6d2d077f9a362e34a89a6824940513a315,24180000000000,1617309780000000000,0.5031330015610233,412.569061280039,False,False,False,True,other,1617309780000000000,2.4314442824596036,top_gamma,QQQ:2021-04-01:top_gamma:2:322.5,-57600000000000,1617228000000000000,0.6785743155121475,556.430938719961,False,False,False,False,overnight_or_pre,1617228000000000000,ok,13229.35773467999,398594,2,41.02126429358137,QQQ,0.44947446497565735,368.569061280039,False,False,False,0.060450074731754906,49.56906128003902,False,False,False,205.0,baseline_proxy_not_known_inventory,,324.0,322.5,low,2021
566872334.8933402,1617285600000000000,217,2.7975412321379003,2293.9838103530783,False,False,False,3.979248549211071,3262.9838103530783,False,False,False,2.0,2021-04-01,0DTE,bd307da1752b5090947c5d49b7337b6d2d077f9a362e34a89a6824940513a315,24180000000000,1617309780000000000,0.7975412321379004,653.9838103530783,False,False,False,True,other,1617309780000000000,2.4314442824596036,top_gamma,QQQ:2021-04-01:top_gamma:3:329.0,-57600000000000,1617228000000000000,1.9792485492110712,1622.9838103530783,False,False,False,False,overnight_or_pre,1617228000000000000,ok,13495.99595258827,398594,3,41.02126429358137,QQQ,0.8511997687232662,697.9838103530783,False,False,False,1.2402241589671688,1016.9838103530783,False,False,False,205.0,baseline_proxy_not_known_inventory,,324.0,329.0,low,2021
566872334.8933402,1617285600000000000,217,2.597437503876533,2129.898753178757,False,False,False,3.779144820949704,3098.898753178757,False,False,False,2.0,2021-04-01,0DTE,bd307da1752b5090947c5d49b7337b6d2d077f9a362e34a89a6824940513a315,24180000000000,1617309780000000000,0.5974375038765329,489.89875317875703,False,False,False,True,other,1617309780000000000,2.4314442824596036,top_vanna,QQQ:2021-04-01:top_vanna:1:328.0,-57600000000000,1617228000000000000,1.7791448209497036,1458.898753178757,False,False,False,False,overnight_or_pre,1617228000000000000,ok,13454.97468829469,398594,1,41.02126429358137,QQQ,0.6510960404618988,533.898753178757,False,False,False,1.0401204307058012,852.898753178757,False,False,False,205.0,baseline_proxy_not_known_inventory,,324.0,328.0,low,2021
566872334.8933402,1617285600000000000,217,0.20245876786209963,166.0161896469217,False,False,False,0.9792485492110711,802.9838103530783,False,False,False,-1.0,2021-04-01,0DTE,bd307da1752b5090947c5d49b7337b6d2d077f9a362e34a89a6824940513a315,24180000000000,1617309780000000000,0.7975412321379004,653.9838103530783,False,False,False,True,other,1617309780000000000,2.4314442824596036,top_vanna,QQQ:2021-04-01:top_vanna:2:329.0,-57600000000000,1617228000000000000,1.9792485492110712,1622.9838103530783,False,False,False,False,overnight_or_pre,1617228000000000000,ok,13495.99595258827,398594,2,41.02126429358137,QQQ,0.8511997687232662,697.9838103530783,False,False,False,1.2402241589671688,1016.9838103530783,False,False,False,205.0,baseline_proxy_not_known_inventory,,324.0,329.0,low,2021
566872334.8933402,1617285600000000000,217,2.405155702657785,1972.2276761793837,False,False,False,1.2234483855846143,1003.2276761793837,False,False,False,2.0,2021-04-01,0DTE,bd307da1752b5090947c5d49b7337b6d2d077f9a362e34a89a6824940513a315,24180000000000,1617309780000000000,4.405155702657785,3612.2276761793837,False,False,False,True,other,1617309780000000000,2.4314442824596036,top_vanna,QQQ:2021-04-01:top_vanna:3:303.0,-57600000000000,1617228000000000000,3.2234483855846143,2643.2276761793837,False,False,False,False,overnight_or_pre,1617228000000000000,ok,12429.443080955154,398594,3,41.02126429358137,QQQ,4.351497166072419,3568.2276761793837,False,False,False,3.9624727758285165,3249.2276761793837,False,False,False,205.0,baseline_proxy_not_known_inventory,,324.0,303.0,low,2021
566872334.8933402,1617285600000000000,217,1.402562496123467,1150.101246821243,False,False,False,0.2208551790502963,181.10124682124297,False,False,False,-2.0,2021-04-01,0DTE,bd307da1752b5090947c5d49b7337b6d2d077f9a362e34a89a6824940513a315,24180000000000,1617309780000000000,0.5974375038765329,489.89875317875703,False,False,False,True,other,1617309780000000000,2.4314442824596036,top_vega,QQQ:2021-04-01:top_vega:1:328.0,-57600000000000,1617228000000000000,1.7791448209497036,1458.898753178757,False,False,False,False,overnight_or_pre,1617228000000000000,ok,13454.97468829469,398594,1,41.02126429358137,QQQ,0.6510960404618988,533.898753178757,False,False,False,1.0401204307058012,852.898753178757,False,False,False,205.0,baseline_proxy_not_known_inventory,,324.0,328.0,low,2021
566872334.8933402,1617285600000000000,217,0.4968669984389768,407.430938719961,False,False,False,1.6785743155121475,1376.430938719961,False,False,False,1.0,2021-04-01,0DTE,bd307da1752b5090947c5d49b7337b6d2d077f9a362e34a89a6824940513a315,24180000000000,1617309780000000000,0.5031330015610233,412.569061280039,False,False,False,True,other,1617309780000000000,2.4314442824596036,top_vega,QQQ:2021-04-01:top_vega:2:322.5,-57600000000000,1617228000000000000,0.6785743155121475,556.430938719961,False,False,False,False,overnight_or_pre,1617228000000000000,ok,13229.35773467999,398594,2,41.02126429358137,QQQ,0.44947446497565735,368.569061280039,False,False,False,0.060450074731754906,49.56906128003902,False,False,False,205.0,baseline_proxy_not_known_inventory,,324.0,322.5,low,2021
566872334.8933402,1617285600000000000,217,0.20245876786209963,166.0161896469217,False,False,False,0.9792485492110711,802.9838103530783,False,False,False,-1.0,2021-04-01,0DTE,bd307da1752b5090947c5d49b7337b6d2d077f9a362e34a89a6824940513a315,24180000000000,1617309780000000000,0.7975412321379004,653.9838103530783,False,False,False,True,other,1617309780000000000,2.4314442824596036,top_vega,QQQ:2021-04-01:top_vega:3:329.0,-57600000000000,1617228000000000000,1.9792485492110712,1622.9838103530783,False,False,False,False,overnight_or_pre,1617228000000000000,ok,13495.99595258827,398594,3,41.02126429358137,QQQ,0.8511997687232662,697.9838103530783,False,False,False,1.2402241589671688,1016.9838103530783,False,False,False,205.0,baseline_proxy_not_known_inventory,,324.0,329.0,low,2021
2701904911.8855686,1641222000000000000,670,1.2297372631623178,768.5857894764486,False,False,False,2.612137263162318,1632.5857894764486,False,False,False,1.0,2022-01-03,0DTE,2e4c9b17de30c9bf3ada30110e33ed2bf3fb740cf1834b6eb6accc471b74f89a,22860000000000,1641244860000000000,0.22973726316231768,143.58578947644855,False,False,False,True,other,1641244860000000000,1.8439671241204765,key_gamma,QQQ:2022-01-03:key_gamma:1:403.0,-300000000000,1641221700000000000,1.6121372631623176,1007.5857894764486,False,False,False,False,rth,1641221700000000000,ok,16543.896447369112,979744,1,41.05185222672236,QQQ,0.2937372631623177,183.58578947644855,False,False,False,1.6121372631623176,1007.5857894764486,False,False,False,156.25,baseline_proxy_not_known_inventory,-306336231.26460874,397.45,403.0,low,2022
2701904911.8855686,1641222000000000000,670,1.3975812793479185,873.488299592449,False,False,False,0.015181279347918462,9.488299592449039,True,False,False,1.0,2022-01-03,0DTE,2e4c9b17de30c9bf3ada30110e33ed2bf3fb740cf1834b6eb6accc471b74f89a,22860000000000,1641244860000000000,2.3975812793479183,1498.488299592449,False,False,False,True,other,1641244860000000000,1.8439671241204765,call_wall,QQQ:2022-01-03:call_wall:1:393.0,-300000000000,1641221700000000000,1.0151812793479185,634.488299592449,False,False,False,False,rth,1641221700000000000,ok,16133.377925101888,979744,1,41.05185222672236,QQQ,2.3335812793479183,1458.488299592449,False,False,False,1.0151812793479185,634.488299592449,False,False,False,156.25,baseline_proxy_not_known_inventory,286203395.53406864,397.45,393.0,low,2022
2701904911.8855686,1641222000000000000,670,0.7702627368376823,481.41421052355145,False,False,False,0.6121372631623176,382.58578947644855,False,False,False,-1.0,2022-01-03,0DTE,2e4c9b17de30c9bf3ada30110e33ed2bf3fb740cf1834b6eb6accc471b74f89a,22860000000000,1641244860000000000,0.22973726316231768,143.58578947644855,False,False,False,True,other,1641244860000000000,1.8439671241204765,put_wall,QQQ:2022-01-03:put_wall:1:403.0,-300000000000,1641221700000000000,1.6121372631623176,1007.5857894764486,False,False,False,False,rth,1641221700000000000,ok,16543.896447369112,979744,1,41.05185222672236,QQQ,0.2937372631623177,183.58578947644855,False,False,False,1.6121372631623176,1007.5857894764486,False,False,False,156.25,baseline_proxy_not_known_inventory,-306336231.26460874,397.45,403.0,low,2022
2701904911.8855686,1641222000000000000,670,11.169587303639867,6980.992064774917,False,False,False,9.787187303639866,6116.992064774917,False,False,False,2.0,2022-01-03,0DTE,2e4c9b17de30c9bf3ada30110e33ed2bf3fb740cf1834b6eb6accc471b74f89a,22860000000000,1641244860000000000,13.169587303639867,8230.992064774917,False,False,False,True,other,1641244860000000000,1.8439671241204765,gamma_flip,QQQ:2022-01-03:gamma_flip:1:352.0,-300000000000,1641221700000000000,11.787187303639866,7366.992064774917,False,False,False,False,rth,1641221700000000000,ok,14450.25198380627,979744,1,41.05185222672236,QQQ,13.105587303639867,8190.992064774917,False,False,False,11.787187303639866,7366.992064774917,False,False,False,156.25,baseline_proxy_not_known_inventory,,397.45,352.0,low,2022
2701904911.8855686,1641222000000000000,670,1.2297372631623178,768.5857894764486,False,False,False,2.612137263162318,1632.5857894764486,False,False,False,1.0,2022-01-03,0DTE,2e4c9b17de30c9bf3ada30110e33ed2bf3fb740cf1834b6eb6accc471b74f89a,22860000000000,1641244860000000000,0.22973726316231768,143.58578947644855,False,False,False,True,other,1641244860000000000,1.8439671241204765,max_pain,QQQ:2022-01-03:max_pain:1:403.0,-300000000000,1641221700000000000,1.6121372631623176,1007.5857894764486,False,False,False,False,rth,1641221700000000000,ok,16543.896447369112,979744,1,41.05185222672236,QQQ,0.2937372631623177,183.58578947644855,False,False,False,1.6121372631623176,1007.5857894764486,False,False,False,156.25,baseline_proxy_not_known_inventory,,397.45,403.0,low,2022
2701904911.8855686,1641222000000000000,670,1.2297372631623178,768.5857894764486,False,False,False,2.612137263162318,1632.5857894764486,False,False,False,1.0,2022-01-03,0DTE,2e4c9b17de30c9bf3ada30110e33ed2bf3fb740cf1834b6eb6accc471b74f89a,22860000000000,1641244860000000000,0.22973726316231768,143.58578947644855,False,False,False,True,other,1641244860000000000,1.8439671241204765,top_gamma,QQQ:2022-01-03:top_gamma:1:403.0,-300000000000,1641221700000000000,1.6121372631623176,1007.5857894764486,False,False,False,False,rth,1641221700000000000,ok,16543.896447369112,979744,1,41.05185222672236,QQQ,0.2937372631623177,183.58578947644855,False,False,False,1.6121372631623176,1007.5857894764486,False,False,False,156.25,baseline_proxy_not_known_inventory,,397.45,403.0,low,2022
2701904911.8855686,1641222000000000000,670,0.3975812793479301,248.48829959245631,False,False,False,0.9848187206520699,615.5117004075437,False,False,False,2.0,2022-01-03,0DTE,2e4c9b17de30c9bf3ada30110e33ed2bf3fb740cf1834b6eb6accc471b74f89a,22860000000000,1641244860000000000,2.3975812793479183,1498.488299592449,False,False,False,True,other,1641244860000000000,1.8439671241204765,top_gamma,QQQ:2022-01-03:top_gamma:2:393.0,-300000000000,1641221700000000000,1.0151812793479185,634.488299592449,False,False,False,False,rth,1641221700000000000,ok,16133.377925101888,979744,2,41.05185222672236,QQQ,2.3335812793479183,1458.488299592449,False,False,False,1.0151812793479185,634.488299592449,False,False,False,156.25,baseline_proxy_not_known_inventory,,397.45,393.0,low,2022
2701904911.8855686,1641222000000000000,670,2.821190153841779,1763.243846151112,False,False,False,1.438790153841779,899.2438461511119,False,False,False,-2.0,2022-01-03,0DTE,2e4c9b17de30c9bf3ada30110e33ed2bf3fb740cf1834b6eb6accc471b74f89a,22860000000000,1641244860000000000,0.8211901538417791,513.2438461511119,False,False,False,True,other,1641244860000000000,1.8439671241204765,top_gamma,QQQ:2022-01-03:top_gamma:3:399.0,-300000000000,1641221700000000000,0.5612098461582209,350.75615384888806,False,False,False,False,rth,1641221700000000000,ok,16379.689038462222,979744,3,41.05185222672236,QQQ,0.7571901538417791,473.24384615111194,False,False,False,0.5612098461582209,350.75615384888806,False,False,False,156.25,baseline_proxy_not_known_inventory,,397.45,399.0,low,2022
2701904911.8855686,1641222000000000000,670,2.229737263162318,1393.5857894764486,False,False,False,3.612137263162318,2257.5857894764486,False,False,False,2.0,2022-01-03,0DTE,2e4c9b17de30c9bf3ada30110e33ed2bf3fb740cf1834b6eb6accc471b74f89a,22860000000000,1641244860000000000,0.22973726316231768,143.58578947644855,False,False,False,True,other,1641244860000000000,1.8439671241204765,top_vanna,QQQ:2022-01-03:top_vanna:1:403.0,-300000000000,1641221700000000000,1.6121372631623176,1007.5857894764486,False,False,False,False,rth,1641221700000000000,ok,16543.896447369112,979744,1,41.05185222672236,QQQ,0.2937372631623177,183.58578947644855,False,False,False,1.6121372631623176,1007.5857894764486,False,False,False,156.25,baseline_proxy_not_known_inventory,,397.45,403.0,low,2022
2701904911.8855686,1641222000000000000,670,5.185776842100988,3241.1105263131176,False,False,False,3.803376842100988,2377.1105263131176,False,False,False,-2.0,2022-01-03,0DTE,2e4c9b17de30c9bf3ada30110e33ed2bf3fb740cf1834b6eb6accc471b74f89a,22860000000000,1641244860000000000,3.185776842100988,1991.1105263131176,False,False,False,True,other,1641244860000000000,1.8439671241204765,top_vanna,QQQ:2022-01-03:top_vanna:2:390.0,-300000000000,1641221700000000000,1.8033768421009881,1127.1105263131176,False,False,False,False,rth,1641221700000000000,ok,16010.22236842172,979744,2,41.05185222672236,QQQ,3.121776842100988,1951.1105263131176,False,False,False,1.8033768421009881,1127.1105263131176,False,False,False,156.25,baseline_proxy_not_known_inventory,,397.45,390.0,low,2022
2701904911.8855686,1641222000000000000,670,1.3975812793479185,873.488299592449,False,False,False,0.015181279347918462,9.488299592449039,True,False,False,1.0,2022-01-03,0DTE,2e4c9b17de30c9bf3ada30110e33ed2bf3fb740cf1834b6eb6accc471b74f89a,22860000000000,1641244860000000000,2.3975812793479183,1498.488299592449,False,False,False,True,other,1641244860000000000,1.8439671241204765,top_vanna,QQQ:2022-01-03:top_vanna:3:393.0,-300000000000,1641221700000000000,1.0151812793479185,634.488299592449,False,False,False,False,rth,1641221700000000000,ok,16133.377925101888,979744,3,41.05185222672236,QQQ,2.3335812793479183,1458.488299592449,False,False,False,1.0151812793479185,634.488299592449,False,False,False,156.25,baseline_proxy_not_known_inventory,,397.45,393.0,low,2022
2701904911.8855686,1641222000000000000,670,2.229737263162318,1393.5857894764486,False,False,False,3.612137263162318,2257.5857894764486,False,False,False,2.0,2022-01-03,0DTE,2e4c9b17de30c9bf3ada30110e33ed2bf3fb740cf1834b6eb6accc471b74f89a,22860000000000,1641244860000000000,0.22973726316231768,143.58578947644855,False,False,False,True,other,1641244860000000000,1.8439671241204765,top_vega,QQQ:2022-01-03:top_vega:1:403.0,-300000000000,1641221700000000000,1.6121372631623176,1007.5857894764486,False,False,False,False,rth,1641221700000000000,ok,16543.896447369112,979744,1,41.05185222672236,QQQ,0.2937372631623177,183.58578947644855,False,False,False,1.6121372631623176,1007.5857894764486,False,False,False,156.25,baseline_proxy_not_known_inventory,,397.45,403.0,low,2022
2701904911.8855686,1641222000000000000,670,1.8211901538417792,1138.243846151112,False,False,False,0.4387901538417791,274.24384615111194,False,False,False,-1.0,2022-01-03,0DTE,2e4c9b17de30c9bf3ada30110e33ed2bf3fb740cf1834b6eb6accc471b74f89a,22860000000000,1641244860000000000,0.8211901538417791,513.2438461511119,False,False,False,True,other,1641244860000000000,1.8439671241204765,top_vega,QQQ:2022-01-03:top_vega:2:399.0,-300000000000,1641221700000000000,0.5612098461582209,350.75615384888806,False,False,False,False,rth,1641221700000000000,ok,16379.689038462222,979744,2,41.05185222672236,QQQ,0.7571901538417791,473.24384615111194,False,False,False,0.5612098461582209,350.75615384888806,False,False,False,156.25,baseline_proxy_not_known_inventory,,397.45,399.0,low,2022
2701904911.8855686,1641222000000000000,670,4.185776842100988,2616.1105263131176,False,False,False,2.803376842100988,1752.1105263131176,False,False,False,-1.0,2022-01-03,0DTE,2e4c9b17de30c9bf3ada30110e33ed2bf3fb740cf1834b6eb6accc471b74f89a,22860000000000,1641244860000000000,3.185776842100988,1991.1105263131176,False,False,False,True,other,1641244860000000000,1.8439671241204765,top_vega,QQQ:2022-01-03:top_vega:3:390.0,-300000000000,1641221700000000000,1.8033768421009881,1127.1105263131176,False,False,False,False,rth,1641221700000000000,ok,16010.22236842172,979744,3,41.05185222672236,QQQ,3.121776842100988,1951.1105263131176,False,False,False,1.8033768421009881,1127.1105263131176,False,False,False,156.25,baseline_proxy_not_known_inventory,,397.45,390.0,low,2022
1842570259.2052624,1646146800000000000,883,1.9419636872958224,2303.1689331328453,False,False,False,3.3846281055083014,4014.1689331328453,False,False,False,2.0,2022-03-01,1-7,2e4c9b17de30c9bf3ada30110e33ed2bf3fb740cf1834b6eb6accc471b74f89a,-28320000000000,1646118480000000000,0.05803631270417768,68.83106686715473,False,False,False,False,overnight_or_pre,1646118480000000000,8.983050546249206,key_gamma,QQQ:2022-03-01:key_gamma:1:349.0,21000000000000,1646167800000000000,1.3846281055083012,1642.1689331328453,False,False,False,True,rth,1646167800000000000,ok,14310.542233283211,1185770,1,41.00441900654215,QQQ,0.12661798746445638,150.16893313284527,False,False,False,1.3846281055083012,1642.1689331328453,False,False,False,296.5,baseline_proxy_not_known_inventory,202820832.14043486,346.39,349.0,high,2022
1842570259.2052624,1646146800000000000,883,1.9419636872958224,2303.1689331328453,False,False,False,3.3846281055083014,4014.1689331328453,False,False,False,2.0,2022-03-01,1-7,2e4c9b17de30c9bf3ada30110e33ed2bf3fb740cf1834b6eb6accc471b74f89a,-28320000000000,1646118480000000000,0.05803631270417768,68.83106686715473,False,False,False,False,overnight_or_pre,1646118480000000000,8.983050546249206,call_wall,QQQ:2022-03-01:call_wall:1:349.0,21000000000000,1646167800000000000,1.3846281055083012,1642.1689331328453,False,False,False,True,rth,1646167800000000000,ok,14310.542233283211,1185770,1,41.00441900654215,QQQ,0.12661798746445638,150.16893313284527,False,False,False,1.3846281055083012,1642.1689331328453,False,False,False,296.5,baseline_proxy_not_known_inventory,202820832.14043486,346.39,349.0,high,2022
1842570259.2052624,1646146800000000000,883,1.409048532303561,1671.1315593120235,False,False,False,0.03361588590891783,39.868440687976545,False,False,False,1.0,2022-03-01,1-7,2e4c9b17de30c9bf3ada30110e33ed2bf3fb740cf1834b6eb6accc471b74f89a,-28320000000000,1646118480000000000,2.409048532303561,2857.1315593120235,False,False,False,False,overnight_or_pre,1646118480000000000,8.983050546249206,put_wall,QQQ:2022-03-01:put_wall:1:332.0,21000000000000,1646167800000000000,0.9663841140910822,1146.1315593120235,False,False,False,True,rth,1646167800000000000,ok,13613.467110171994,1185770,1,41.00441900654215,QQQ,2.224394232134927,2638.1315593120235,False,False,False,0.9663841140910822,1146.1315593120235,False,False,False,296.5,baseline_proxy_not_known_inventory,-145150992.73502013,346.39,332.0,high,2022
1842570259.2052624,1646146800000000000,883,8.281303952820187,9821.626488044742,False,False,False,6.838639534607708,8110.626488044742,False,False,False,-2.0,2022-03-01,1-7,2e4c9b17de30c9bf3ada30110e33ed2bf3fb740cf1834b6eb6accc471b74f89a,-28320000000000,1646118480000000000,6.281303952820187,7449.626488044742,False,False,False,False,overnight_or_pre,1646118480000000000,8.983050546249206,gamma_flip,QQQ:2022-03-01:gamma_flip:1:304.0,21000000000000,1646167800000000000,4.838639534607708,5738.626488044742,False,False,False,True,rth,1646167800000000000,ok,12465.343377988815,1185770,1,41.00441900654215,QQQ,6.096649652651553,7230.626488044742,False,False,False,4.838639534607708,5738.626488044742,False,False,False,296.5,baseline_proxy_not_known_inventory,,346.39,304.0,high,2022
1842570259.2052624,1646146800000000000,883,0.5270791779547518,625.1159050543356,False,False,False,1.9697435961672307,2336.1159050543356,False,False,False,1.0,2022-03-01,1-7,2e4c9b17de30c9bf3ada30110e33ed2bf3fb740cf1834b6eb6accc471b74f89a,-28320000000000,1646118480000000000,0.4729208220452482,560.8840949456644,False,False,False,False,overnight_or_pre,1646118480000000000,8.983050546249206,max_pain,QQQ:2022-03-01:max_pain:1:346.0,21000000000000,1646167800000000000,0.9697435961672307,1150.1159050543356,False,False,False,True,rth,1646167800000000000,ok,14187.528976263584,1185770,1,41.00441900654215,QQQ,0.28826652187661417,341.8840949456644,False,False,False,0.9697435961672307,1150.1159050543356,False,False,False,296.5,baseline_proxy_not_known_inventory,,346.39,346.0,high,2022
1842570259.2052624,1646146800000000000,883,2.0580363127041776,2440.8310668671547,False,False,False,0.6153718944916987,729.8310668671547,False,False,False,-2.0,2022-03-01,1-7,2e4c9b17de30c9bf3ada30110e33ed2bf3fb740cf1834b6eb6accc471b74f89a,-28320000000000,1646118480000000000,0.05803631270417768,68.83106686715473,False,False,False,False,overnight_or_pre,1646118480000000000,8.983050546249206,top_gamma,QQQ:2022-03-01:top_gamma:1:349.0,21000000000000,1646167800000000000,1.3846281055083012,1642.1689331328453,False,False,False,True,rth,1646167800000000000,ok,14310.542233283211,1185770,1,41.00441900654215,QQQ,0.12661798746445638,150.16893313284527,False,False,False,1.3846281055083012,1642.1689331328453,False,False,False,296.5,baseline_proxy_not_known_inventory,,346.39,349.0,high,2022
1842570259.2052624,1646146800000000000,883,0.4090485323035611,485.13155931202346,False,False,False,1.0336158859089177,1225.8684406879765,False,False,False,2.0,2022-03-01,1-7,2e4c9b17de30c9bf3ada30110e33ed2bf3fb740cf1834b6eb6accc471b74f89a,-28320000000000,1646118480000000000,2.409048532303561,2857.1315593120235,False,False,False,False,overnight_or_pre,1646118480000000000,8.983050546249206,top_gamma,QQQ:2022-03-01:top_gamma:2:332.0,21000000000000,1646167800000000000,0.9663841140910822,1146.1315593120235,False,False,False,True,rth,1646167800000000000,ok,13613.467110171994,1185770,2,41.00441900654215,QQQ,2.224394232134927,2638.1315593120235,False,False,False,0.9663841140910822,1146.1315593120235,False,False,False,296.5,baseline_proxy_not_known_inventory,,346.39,332.0,high,2022
1842570259.2052624,1646146800000000000,883,2.6334378695309297,3123.2573132636826,False,False,False,4.076102287743408,4834.257313263683,False,False,False,2.0,2022-03-01,1-7,2e4c9b17de30c9bf3ada30110e33ed2bf3fb740cf1834b6eb6accc471b74f89a,-28320000000000,1646118480000000000,0.6334378695309296,751.2573132636826,False,False,False,False,overnight_or_pre,1646118480000000000,8.983050546249206,top_gamma,QQQ:2022-03-01:top_gamma:3:354.0,21000000000000,1646167800000000000,2.0761022877434088,2462.2573132636826,False,False,False,True,rth,1646167800000000000,ok,14515.56432831592,1185770,3,41.00441900654215,QQQ,0.8180921696995638,970.2573132636826,False,False,False,2.0761022877434088,2462.2573132636826,False,False,False,296.5,baseline_proxy_not_known_inventory,,346.39,354.0,high,2022
1842570259.2052624,1646146800000000000,883,0.4090485323035611,485.13155931202346,False,False,False,1.0336158859089177,1225.8684406879765,False,False,False,2.0,2022-03-01,1-7,2e4c9b17de30c9bf3ada30110e33ed2bf3fb740cf1834b6eb6accc471b74f89a,-28320000000000,1646118480000000000,2.409048532303561,2857.1315593120235,False,False,False,False,overnight_or_pre,1646118480000000000,8.983050546249206,top_vanna,QQQ:2022-03-01:top_vanna:1:332.0,21000000000000,1646167800000000000,0.9663841140910822,1146.1315593120235,False,False,False,True,rth,1646167800000000000,ok,13613.467110171994,1185770,1,41.00441900654215,QQQ,2.224394232134927,2638.1315593120235,False,False,False,0.9663841140910822,1146.1315593120235,False,False,False,296.5,baseline_proxy_not_known_inventory,,346.39,332.0,high,2022
1842570259.2052624,1646146800000000000,883,7.451534934138058,8837.520431887737,False,False,False,6.008870515925579,7126.520431887737,False,False,False,-2.0,2022-03-01,1-7,2e4c9b17de30c9bf3ada30110e33ed2bf3fb740cf1834b6eb6accc471b74f89a,-28320000000000,1646118480000000000,5.451534934138058,6465.520431887737,False,False,False,False,overnight_or_pre,1646118480000000000,8.983050546249206,top_vanna,QQQ:2022-03-01:top_vanna:2:310.0,21000000000000,1646167800000000000,4.008870515925579,4754.520431887737,False,False,False,True,rth,1646167800000000000,ok,12711.369892028066,1185770,2,41.00441900654215,QQQ,5.266880633969424,6246.520431887737,False,False,False,4.008870515925579,4754.520431887737,False,False,False,296.5,baseline_proxy_not_known_inventory,,346.39,310.0,high,2022
1842570259.2052624,1646146800000000000,883,3.048322378872,3615.3103413421923,False,False,False,4.490986797084479,5326.310341342192,False,False,False,2.0,2022-03-01,1-7,2e4c9b17de30c9bf3ada30110e33ed2bf3fb740cf1834b6eb6accc471b74f89a,-28320000000000,1646118480000000000,1.0483223788720002,1243.3103413421923,False,False,False,False,overnight_or_pre,1646118480000000000,8.983050546249206,top_vanna,QQQ:2022-03-01:top_vanna:3:357.0,21000000000000,1646167800000000000,2.4909867970844792,2954.3103413421923,False,False,False,True,rth,1646167800000000000,ok,14638.577585335548,1185770,3,41.00441900654215,QQQ,1.2329766790406342,1462.3103413421923,False,False,False,2.4909867970844792,2954.3103413421923,False,False,False,296.5,baseline_proxy_not_known_inventory,,346.39,357.0,high,2022
1842570259.2052624,1646146800000000000,883,1.0580363127041776,1254.8310668671547,False,False,False,0.38462810550830123,456.16893313284527,False,False,False,-1.0,2022-03-01,1-7,2e4c9b17de30c9bf3ada30110e33ed2bf3fb740cf1834b6eb6accc471b74f89a,-28320000000000,1646118480000000000,0.05803631270417768,68.83106686715473,False,False,False,False,overnight_or_pre,1646118480000000000,8.983050546249206,top_vega,QQQ:2022-03-01:top_vega:1:349.0,21000000000000,1646167800000000000,1.3846281055083012,1642.1689331328453,False,False,False,True,rth,1646167800000000000,ok,14310.542233283211,1185770,1,41.00441900654215,QQQ,0.12661798746445638,150.16893313284527,False,False,False,1.3846281055083012,1642.1689331328453,False,False,False,296.5,baseline_proxy_not_known_inventory,,346.39,349.0,high,2022
1842570259.2052624,1646146800000000000,883,4.4090485323035615,5229.1315593120235,False,False,False,2.966384114091082,3518.1315593120235,False,False,False,-2.0,2022-03-01,1-7,2e4c9b17de30c9bf3ada30110e33ed2bf3fb740cf1834b6eb6accc471b74f89a,-28320000000000,1646118480000000000,2.409048532303561,2857.1315593120235,False,False,False,False,overnight_or_pre,1646118480000000000,8.983050546249206,top_vega,QQQ:2022-03-01:top_vega:2:332.0,21000000000000,1646167800000000000,0.9663841140910822,1146.1315593120235,False,False,False,True,rth,1646167800000000000,ok,13613.467110171994,1185770,2,41.00441900654215,QQQ,2.224394232134927,2638.1315593120235,False,False,False,0.9663841140910822,1146.1315593120235,False,False,False,296.5,baseline_proxy_not_known_inventory,,346.39,332.0,high,2022
1842570259.2052624,1646146800000000000,883,6.451534934138058,7651.520431887737,False,False,False,5.008870515925579,5940.520431887737,False,False,False,-1.0,2022-03-01,1-7,2e4c9b17de30c9bf3ada30110e33ed2bf3fb740cf1834b6eb6accc471b74f89a,-28320000000000,1646118480000000000,5.451534934138058,6465.520431887737,False,False,False,False,overnight_or_pre,1646118480000000000,8.983050546249206,top_vega,QQQ:2022-03-01:top_vega:3:310.0,21000000000000,1646167800000000000,4.008870515925579,4754.520431887737,False,False,False,True,rth,1646167800000000000,ok,12711.369892028066,1185770,3,41.00441900654215,QQQ,5.266880633969424,6246.520431887737,False,False,False,4.008870515925579,4754.520431887737,False,False,False,296.5,baseline_proxy_not_known_inventory,,346.39,310.0,high,2022
2875906358.678868,1648821600000000000,943,0.6037932842515447,579.0377595972313,False,False,False,1.5839809797677074,1519.0377595972313,False,False,False,1.0,2022-04-01,0DTE,2e4c9b17de30c9bf3ada30110e33ed2bf3fb740cf1834b6eb6accc471b74f89a,-14280000000000,1648807320000000000,0.39620671574845534,379.96224040276866,False,False,False,False,overnight_or_pre,1648807320000000000,4.458041616578369,key_gamma,QQQ:2022-04-01:key_gamma:1:362.0,11760000000000,1648833360000000000,0.5839809797677074,560.0377595972313,False,False,False,True,rth,1648833360000000000,ok,14865.009439899308,1541145,1,41.06356198867212,QQQ,0.2794183945805721,267.96224040276866,False,False,False,0.5839809797677074,560.0377595972313,False,False,False,239.75,baseline_proxy_not_known_inventory,585357358.1713536,361.41,362.0,mid,2022
2875906358.678868,1648821600000000000,943,0.6037932842515447,579.0377595972313,False,False,False,1.5839809797677074,1519.0377595972313,False,False,False,1.0,2022-04-01,0DTE,2e4c9b17de30c9bf3ada30110e33ed2bf3fb740cf1834b6eb6accc471b74f89a,-14280000000000,1648807320000000000,0.39620671574845534,379.96224040276866,False,False,False,False,overnight_or_pre,1648807320000000000,4.458041616578369,call_wall,QQQ:2022-04-01:call_wall:1:362.0,11760000000000,1648833360000000000,0.5839809797677074,560.0377595972313,False,False,False,True,rth,1648833360000000000,ok,14865.009439899308,1541145,1,41.06356198867212,QQQ,0.2794183945805721,267.96224040276866,False,False,False,0.5839809797677074,560.0377595972313,False,False,False,239.75,baseline_proxy_not_known_inventory,585357358.1713536,361.41,362.0,mid,2022
2875906358.678868,1648821600000000000,943,1.6037932842515448,1538.0377595972313,False,False,False,2.5839809797677074,2478.0377595972313,False,False,False,2.0,2022-04-01,0DTE,2e4c9b17de30c9bf3ada30110e33ed2bf3fb740cf1834b6eb6accc471b74f89a,-14280000000000,1648807320000000000,0.39620671574845534,379.96224040276866,False,False,False,False,overnight_or_pre,1648807320000000000,4.458041616578369,put_wall,QQQ:2022-04-01:put_wall:1:362.0,11760000000000,1648833360000000000,0.5839809797677074,560.0377595972313,False,False,False,True,rth,1648833360000000000,ok,14865.009439899308,1541145,1,41.06356198867212,QQQ,0.2794183945805721,267.96224040276866,False,False,False,0.5839809797677074,560.0377595972313,False,False,False,239.75,baseline_proxy_not_known_inventory,-304006637.58848363,361.41,362.0,mid,2022
2875906358.678868,1648821600000000000,943,7.2775894756114585,6979.208307111388,False,False,False,6.297401780095296,6039.208307111388,False,False,False,-2.0,2022-04-01,0DTE,2e4c9b17de30c9bf3ada30110e33ed2bf3fb740cf1834b6eb6accc471b74f89a,-14280000000000,1648807320000000000,5.2775894756114585,5061.208307111388,False,False,False,False,overnight_or_pre,1648807320000000000,4.458041616578369,gamma_flip,QQQ:2022-04-01:gamma_flip:1:333.5,11760000000000,1648833360000000000,4.297401780095296,4121.208307111388,False,False,False,True,rth,1648833360000000000,ok,13694.697923222153,1541145,1,41.06356198867212,QQQ,5.160801154443575,4949.208307111388,False,False,False,4.297401780095296,4121.208307111388,False,False,False,239.75,baseline_proxy_not_known_inventory,,361.41,333.5,mid,2022
2875906358.678868,1648821600000000000,943,0.6037932842515447,579.0377595972313,False,False,False,1.5839809797677074,1519.0377595972313,False,False,False,1.0,2022-04-01,0DTE,2e4c9b17de30c9bf3ada30110e33ed2bf3fb740cf1834b6eb6accc471b74f89a,-14280000000000,1648807320000000000,0.39620671574845534,379.96224040276866,False,False,False,False,overnight_or_pre,1648807320000000000,4.458041616578369,max_pain,QQQ:2022-04-01:max_pain:1:362.0,11760000000000,1648833360000000000,0.5839809797677074,560.0377595972313,False,False,False,True,rth,1648833360000000000,ok,14865.009439899308,1541145,1,41.06356198867212,QQQ,0.2794183945805721,267.96224040276866,False,False,False,0.5839809797677074,560.0377595972313,False,False,False,239.75,baseline_proxy_not_known_inventory,,361.41,362.0,mid,2022
2875906358.678868,1648821600000000000,943,0.6037932842515447,579.0377595972313,False,False,False,1.5839809797677074,1519.0377595972313,False,False,False,1.0,2022-04-01,0DTE,2e4c9b17de30c9bf3ada30110e33ed2bf3fb740cf1834b6eb6accc471b74f89a,-14280000000000,1648807320000000000,0.39620671574845534,379.96224040276866,False,False,False,False,overnight_or_pre,1648807320000000000,4.458041616578369,top_gamma,QQQ:2022-04-01:top_gamma:1:362.0,11760000000000,1648833360000000000,0.5839809797677074,560.0377595972313,False,False,False,True,rth,1648833360000000000,ok,14865.009439899308,1541145,1,41.06356198867212,QQQ,0.2794183945805721,267.96224040276866,False,False,False,0.5839809797677074,560.0377595972313,False,False,False,239.75,baseline_proxy_not_known_inventory,,361.41,362.0,mid,2022
2875906358.678868,1648821600000000000,943,0.6037932842515447,579.0377595972313,False,False,False,1.5839809797677074,1519.0377595972313,False,False,False,1.0,2022-04-01,0DTE,2e4c9b17de30c9bf3ada30110e33ed2bf3fb740cf1834b6eb6accc471b74f89a,-14280000000000,1648807320000000000,0.39620671574845534,379.96224040276866,False,False,False,False,overnight_or_pre,1648807320000000000,4.458041616578369,top_gamma,QQQ:2022-04-01:top_gamma:2:362.0,11760000000000,1648833360000000000,0.5839809797677074,560.0377595972313,False,False,False,True,rth,1648833360000000000,ok,14865.009439899308,1541145,2,41.06356198867212,QQQ,0.2794183945805721,267.96224040276866,False,False,False,0.5839809797677074,560.0377595972313,False,False,False,239.75,baseline_proxy_not_known_inventory,,361.41,362.0,mid,2022
2875906358.678868,1648821600000000000,943,1.1972705992908788,1148.1825047199527,False,False,False,0.21708290377471606,208.1825047199527,False,False,False,-2.0,2022-04-01,0DTE,2e4c9b17de30c9bf3ada30110e33ed2bf3fb740cf1834b6eb6accc471b74f89a,-14280000000000,1648807320000000000,0.8027294007091212,769.8174952800473,False,False,False,False,overnight_or_pre,1648807320000000000,4.458041616578369,top_gamma,QQQ:2022-04-01:top_gamma:3:369.0,11760000000000,1648833360000000000,1.782917096225284,1709.8174952800473,False,False,False,True,rth,1648833360000000000,ok,15152.454373820012,1541145,3,41.06356198867212,QQQ,0.9195177218770045,881.8174952800473,False,False,False,1.782917096225284,1709.8174952800473,False,False,False,239.75,baseline_proxy_not_known_inventory,,361.41,369.0,mid,2022
2875906358.678868,1648821600000000000,943,3.164291653186563,3034.555695405914,False,False,False,2.1841039576704,2094.555695405914,False,False,False,1.0,2022-04-01,0DTE,2e4c9b17de30c9bf3ada30110e33ed2bf3fb740cf1834b6eb6accc471b74f89a,-14280000000000,1648807320000000000,4.164291653186563,3993.555695405914,False,False,False,False,overnight_or_pre,1648807320000000000,4.458041616578369,top_vanna,QQQ:2022-04-01:top_vanna:1:340.0,11760000000000,1648833360000000000,3.1841039576704,3053.555695405914,False,False,False,True,rth,1648833360000000000,ok,13961.611076148522,1541145,1,41.06356198867212,QQQ,4.04750333201868,3881.555695405914,False,False,False,3.1841039576704,3053.555695405914,False,False,False,239.75,baseline_proxy_not_known_inventory,,361.41,340.0,mid,2022
2875906358.678868,1648821600000000000,943,0.19727059929087873,189.1825047199527,False,False,False,0.7829170962252839,750.8174952800473,False,False,False,-1.0,2022-04-01,0DTE,2e4c9b17de30c9bf3ada30110e33ed2bf3fb740cf1834b6eb6accc471b74f89a,-14280000000000,1648807320000000000,0.8027294007091212,769.8174952800473,False,False,False,False,overnight_or_pre,1648807320000000000,4.458041616578369,top_vanna,QQQ:2022-04-01:top_vanna:2:369.0,11760000000000,1648833360000000000,1.782917096225284,1709.8174952800473,False,False,False,True,rth,1648833360000000000,ok,15152.454373820012,1541145,2,41.06356198867212,QQQ,0.9195177218770045,881.8174952800473,False,False,False,1.782917096225284,1709.8174952800473,False,False,False,239.75,baseline_proxy_not_known_inventory,,361.41,369.0,mid,2022
2875906358.678868,1648821600000000000,943,6.570814338147237,6301.4109502832,False,False,False,7.551002033663399,7241.4109502832,False,False,False,2.0,2022-04-01,0DTE,2e4c9b17de30c9bf3ada30110e33ed2bf3fb740cf1834b6eb6accc471b74f89a,-14280000000000,1648807320000000000,4.570814338147229,4383.4109502831925,False,False,False,False,overnight_or_pre,1648807320000000000,4.458041616578369,top_vanna,QQQ:2022-04-01:top_vanna:3:391.0,11760000000000,1648833360000000000,5.551002033663392,5323.4109502831925,False,False,False,True,rth,1648833360000000000,ok,16055.852737570798,1541145,3,41.06356198867212,QQQ,4.687602659315112,4495.4109502831925,False,False,False,5.551002033663392,5323.4109502831925,False,False,False,239.75,baseline_proxy_not_known_inventory,,361.41,391.0,mid,2022
2875906358.678868,1648821600000000000,943,6.164291653186563,5911.555695405914,False,False,False,5.1841039576704,4971.555695405914,False,False,False,-2.0,2022-04-01,0DTE,2e4c9b17de30c9bf3ada30110e33ed2bf3fb740cf1834b6eb6accc471b74f89a,-14280000000000,1648807320000000000,4.164291653186563,3993.555695405914,False,False,False,False,overnight_or_pre,1648807320000000000,4.458041616578369,top_vega,QQQ:2022-04-01:top_vega:1:340.0,11760000000000,1648833360000000000,3.1841039576704,3053.555695405914,False,False,False,True,rth,1648833360000000000,ok,13961.611076148522,1541145,1,41.06356198867212,QQQ,4.04750333201868,3881.555695405914,False,False,False,3.1841039576704,3053.555695405914,False,False,False,239.75,baseline_proxy_not_known_inventory,,361.41,340.0,mid,2022
2875906358.678868,1648821600000000000,943,1.1972705992908788,1148.1825047199527,False,False,False,0.21708290377471606,208.1825047199527,False,False,False,-2.0,2022-04-01,0DTE,2e4c9b17de30c9bf3ada30110e33ed2bf3fb740cf1834b6eb6accc471b74f89a,-14280000000000,1648807320000000000,0.8027294007091212,769.8174952800473,False,False,False,False,overnight_or_pre,1648807320000000000,4.458041616578369,top_vega,QQQ:2022-04-01:top_vega:2:369.0,11760000000000,1648833360000000000,1.782917096225284,1709.8174952800473,False,False,False,True,rth,1648833360000000000,ok,15152.454373820012,1541145,2,41.06356198867212,QQQ,0.9195177218770045,881.8174952800473,False,False,False,1.782917096225284,1709.8174952800473,False,False,False,239.75,baseline_proxy_not_known_inventory,,361.41,369.0,mid,2022
2875906358.678868,1648821600000000000,943,3.570814338147229,3424.4109502831925,False,False,False,4.551002033663392,4364.4109502831925,False,False,False,-1.0,2022-04-01,0DTE,2e4c9b17de30c9bf3ada30110e33ed2bf3fb740cf1834b6eb6accc471b74f89a,-14280000000000,1648807320000000000,4.570814338147229,4383.4109502831925,False,False,False,False,overnight_or_pre,1648807320000000000,4.458041616578369,top_vega,QQQ:2022-04-01:top_vega:3:391.0,11760000000000,1648833360000000000,5.551002033663392,5323.4109502831925,False,False,False,True,rth,1648833360000000000,ok,16055.852737570798,1541145,3,41.06356198867212,QQQ,4.687602659315112,4495.4109502831925,False,False,False,5.551002033663392,5323.4109502831925,False,False,False,239.75,baseline_proxy_not_known_inventory,,361.41,391.0,mid,2022
3167082112.18684,1672758000000000000,1061,0.5093986115808439,347.4098530981355,False,False,False,2.487404476683483,1696.4098530981355,False,False,False,2.0,2023-01-03,0DTE,28a6ca45f105c85441489f7141867f2a2c05bbb9528a82145dc91d9edff0d552,-1080000000000,1672756920000000000,1.4906013884191562,1016.5901469018645,False,False,False,False,rth,1672756920000000000,3.487306410164577,key_gamma,QQQ:2023-01-03:key_gamma:1:264.0,10020000000000,1672768020000000000,0.48740447668348313,332.4098530981355,False,False,False,True,rth,1672768020000000000,ok,10927.852463274534,3030302,1,41.393380542706566,QQQ,1.4906013884191562,1016.5901469018645,False,False,False,0.48740447668348313,332.4098530981355,False,False,False,170.5,baseline_proxy_not_known_inventory,293823227.19649196,265.63,264.0,mid,2023
3167082112.18684,1672758000000000000,1061,2.4906013884191562,1698.5901469018645,False,False,False,0.5125955233165168,349.5901469018645,False,False,False,-1.0,2023-01-03,0DTE,28a6ca45f105c85441489f7141867f2a2c05bbb9528a82145dc91d9edff0d552,-1080000000000,1672756920000000000,1.4906013884191562,1016.5901469018645,False,False,False,False,rth,1672756920000000000,3.487306410164577,call_wall,QQQ:2023-01-03:call_wall:1:264.0,10020000000000,1672768020000000000,0.48740447668348313,332.4098530981355,False,False,False,True,rth,1672768020000000000,ok,10927.852463274534,3030302,1,41.393380542706566,QQQ,1.4906013884191562,1016.5901469018645,False,False,False,0.48740447668348313,332.4098530981355,False,False,False,170.5,baseline_proxy_not_known_inventory,293823227.19649196,265.63,264.0,mid,2023
3167082112.18684,1672758000000000000,1061,2.7622721120078975,1883.869580389386,False,False,False,0.7842662469052583,534.8695803893861,False,False,False,-2.0,2023-01-03,0DTE,28a6ca45f105c85441489f7141867f2a2c05bbb9528a82145dc91d9edff0d552,-1080000000000,1672756920000000000,0.7622721120078975,519.8695803893861,False,False,False,False,rth,1672756920000000000,3.487306410164577,put_wall,QQQ:2023-01-03:put_wall:1:267.0,10020000000000,1672768020000000000,1.2157337530947419,829.1304196106139,False,False,False,True,rth,1672768020000000000,ok,11052.032604902653,3030302,1,41.393380542706566,QQQ,0.7622721120078975,519.8695803893861,False,False,False,1.2157337530947419,829.1304196106139,False,False,False,170.5,baseline_proxy_not_known_inventory,-283111125.4171759,265.63,267.0,mid,2023
3167082112.18684,1672758000000000000,1061,8.473329130824686,5778.810467222436,False,False,False,6.495323265722047,4429.810467222436,False,False,False,2.0,2023-01-03,0DTE,28a6ca45f105c85441489f7141867f2a2c05bbb9528a82145dc91d9edff0d552,-1080000000000,1672756920000000000,10.473329130824686,7142.810467222436,False,False,False,False,rth,1672756920000000000,3.487306410164577,gamma_flip,QQQ:2023-01-03:gamma_flip:1:227.0,10020000000000,1672768020000000000,8.495323265722048,5793.810467222436,False,False,False,True,rth,1672768020000000000,ok,9396.297383194391,3030302,1,41.393380542706566,QQQ,10.473329130824686,7142.810467222436,False,False,False,8.495323265722048,5793.810467222436,False,False,False,170.5,baseline_proxy_not_known_inventory,,265.63,227.0,mid,2023
3167082112.18684,1672758000000000000,1061,3.1611420685937746,2155.8988907809544,False,False,False,1.1831362034911355,806.8988907809544,False,False,False,1.0,2023-01-03,0DTE,28a6ca45f105c85441489f7141867f2a2c05bbb9528a82145dc91d9edff0d552,-1080000000000,1672756920000000000,4.161142068593775,2837.8988907809544,False,False,False,False,rth,1672756920000000000,3.487306410164577,max_pain,QQQ:2023-01-03:max_pain:1:253.0,10020000000000,1672768020000000000,2.1831362034911357,1488.8988907809544,False,False,False,True,rth,1672768020000000000,ok,10472.525277304761,3030302,1,41.393380542706566,QQQ,4.161142068593775,2837.8988907809544,False,False,False,2.1831362034911357,1488.8988907809544,False,False,False,170.5,baseline_proxy_not_known_inventory,,265.63,253.0,mid,2023
3167082112.18684,1672758000000000000,1061,2.4906013884191562,1698.5901469018645,False,False,False,0.5125955233165168,349.5901469018645,False,False,False,-1.0,2023-01-03,0DTE,28a6ca45f105c85441489f7141867f2a2c05bbb9528a82145dc91d9edff0d552,-1080000000000,1672756920000000000,1.4906013884191562,1016.5901469018645,False,False,False,False,rth,1672756920000000000,3.487306410164577,top_gamma,QQQ:2023-01-03:top_gamma:1:264.0,10020000000000,1672768020000000000,0.48740447668348313,332.4098530981355,False,False,False,True,rth,1672768020000000000,ok,10927.852463274534,3030302,1,41.393380542706566,QQQ,1.4906013884191562,1016.5901469018645,False,False,False,0.48740447668348313,332.4098530981355,False,False,False,170.5,baseline_proxy_not_known_inventory,,265.63,264.0,mid,2023
3167082112.18684,1672758000000000000,1061,1.2377278879921025,844.1304196106139,False,False,False,3.215733753094742,2193.130419610614,False,False,False,2.0,2023-01-03,0DTE,28a6ca45f105c85441489f7141867f2a2c05bbb9528a82145dc91d9edff0d552,-1080000000000,1672756920000000000,0.7622721120078975,519.8695803893861,False,False,False,False,rth,1672756920000000000,3.487306410164577,top_gamma,QQQ:2023-01-03:top_gamma:2:267.0,10020000000000,1672768020000000000,1.2157337530947419,829.1304196106139,False,False,False,True,rth,1672768020000000000,ok,11052.032604902653,3030302,2,41.393380542706566,QQQ,0.7622721120078975,519.8695803893861,False,False,False,1.2157337530947419,829.1304196106139,False,False,False,170.5,baseline_proxy_not_known_inventory,,265.63,267.0,mid,2023
3167082112.18684,1672758000000000000,1061,0.7232807389329452,493.2774639522686,False,False,False,2.7012866040355843,1842.2774639522686,False,False,False,1.0,2023-01-03,0DTE,28a6ca45f105c85441489f7141867f2a2c05bbb9528a82145dc91d9edff0d552,-1080000000000,1672756920000000000,0.27671926106705486,188.7225360477314,False,False,False,False,rth,1672756920000000000,3.487306410164577,top_gamma,QQQ:2023-01-03:top_gamma:3:269.0,10020000000000,1672768020000000000,1.7012866040355845,1160.2774639522686,False,False,False,True,rth,1672768020000000000,ok,11134.819365988067,3030302,3,41.393380542706566,QQQ,0.27671926106705486,188.7225360477314,False,False,False,1.7012866040355845,1160.2774639522686,False,False,False,170.5,baseline_proxy_not_known_inventory,,265.63,269.0,mid,2023
3167082112.18684,1672758000000000000,1061,3.151044993637137,2149.0126856605275,False,False,False,5.1290508587397765,3498.0126856605275,False,False,False,1.0,2023-01-03,0DTE,28a6ca45f105c85441489f7141867f2a2c05bbb9528a82145dc91d9edff0d552,-1080000000000,1672756920000000000,2.151044993637137,1467.0126856605275,False,False,False,False,rth,1672756920000000000,3.487306410164577,top_vanna,QQQ:2023-01-03:top_vanna:1:279.0,10020000000000,1672768020000000000,4.1290508587397765,2816.0126856605275,False,False,False,True,rth,1672768020000000000,ok,11548.753171415132,3030302,1,41.393380542706566,QQQ,2.151044993637137,1467.0126856605275,False,False,False,4.1290508587397765,2816.0126856605275,False,False,False,170.5,baseline_proxy_not_known_inventory,,265.63,279.0,mid,2023
3167082112.18684,1672758000000000000,1061,5.161142068593775,3519.8988907809544,False,False,False,3.1831362034911357,2170.8988907809544,False,False,False,-1.0,2023-01-03,0DTE,28a6ca45f105c85441489f7141867f2a2c05bbb9528a82145dc91d9edff0d552,-1080000000000,1672756920000000000,4.161142068593775,2837.8988907809544,False,False,False,False,rth,1672756920000000000,3.487306410164577,top_vanna,QQQ:2023-01-03:top_vanna:2:253.0,10020000000000,1672768020000000000,2.1831362034911357,1488.8988907809544,False,False,False,True,rth,1672768020000000000,ok,10472.525277304761,3030302,2,41.393380542706566,QQQ,4.161142068593775,2837.8988907809544,False,False,False,2.1831362034911357,1488.8988907809544,False,False,False,170.5,baseline_proxy_not_known_inventory,,265.63,253.0,mid,2023
3167082112.18684,1672758000000000000,1061,4.860577046886719,3314.913545976742,False,False,False,2.8825711817840793,1965.9135459767422,False,False,False,1.0,2023-01-03,0DTE,28a6ca45f105c85441489f7141867f2a2c05bbb9528a82145dc91d9edff0d552,-1080000000000,1672756920000000000,5.860577046886719,3996.913545976742,False,False,False,False,rth,1672756920000000000,3.487306410164577,top_vanna,QQQ:2023-01-03:top_vanna:3:246.0,10020000000000,1672768020000000000,3.8825711817840793,2647.913545976742,False,False,False,True,rth,1672768020000000000,ok,10182.771613505814,3030302,3,41.393380542706566,QQQ,5.860577046886719,3996.913545976742,False,False,False,3.8825711817840793,2647.913545976742,False,False,False,170.5,baseline_proxy_not_known_inventory,,265.63,246.0,mid,2023
3167082112.18684,1672758000000000000,1061,0.24782496294874015,169.0166247310408,False,False,False,1.7301809021538992,1179.9833752689592,False,False,False,1.0,2023-01-03,0DTE,28a6ca45f105c85441489f7141867f2a2c05bbb9528a82145dc91d9edff0d552,-1080000000000,1672756920000000000,1.2478249629487401,851.0166247310408,False,False,False,False,rth,1672756920000000000,3.487306410164577,top_vega,QQQ:2023-01-03:top_vega:1:265.0,10020000000000,1672768020000000000,0.7301809021538991,497.9833752689592,False,False,False,True,rth,1672768020000000000,ok,10969.24584381724,3030302,1,41.393380542706566,QQQ,1.2478249629487401,851.0166247310408,False,False,False,0.7301809021538991,497.9833752689592,False,False,False,170.5,baseline_proxy_not_known_inventory,,265.63,265.0,mid,2023
3167082112.18684,1672758000000000000,1061,2.4906013884191562,1698.5901469018645,False,False,False,0.5125955233165168,349.5901469018645,False,False,False,-1.0,2023-01-03,0DTE,28a6ca45f105c85441489f7141867f2a2c05bbb9528a82145dc91d9edff0d552,-1080000000000,1672756920000000000,1.4906013884191562,1016.5901469018645,False,False,False,False,rth,1672756920000000000,3.487306410164577,top_vega,QQQ:2023-01-03:top_vega:2:264.0,10020000000000,1672768020000000000,0.48740447668348313,332.4098530981355,False,False,False,True,rth,1672768020000000000,ok,10927.852463274534,3030302,2,41.393380542706566,QQQ,1.4906013884191562,1016.5901469018645,False,False,False,0.48740447668348313,332.4098530981355,False,False,False,170.5,baseline_proxy_not_known_inventory,,265.63,264.0,mid,2023
3167082112.18684,1672758000000000000,1061,3.1611420685937746,2155.8988907809544,False,False,False,1.1831362034911355,806.8988907809544,False,False,False,1.0,2023-01-03,0DTE,28a6ca45f105c85441489f7141867f2a2c05bbb9528a82145dc91d9edff0d552,-1080000000000,1672756920000000000,4.161142068593775,2837.8988907809544,False,False,False,False,rth,1672756920000000000,3.487306410164577,top_vega,QQQ:2023-01-03:top_vega:3:253.0,10020000000000,1672768020000000000,2.1831362034911357,1488.8988907809544,False,False,False,True,rth,1672768020000000000,ok,10472.525277304761,3030302,3,41.393380542706566,QQQ,4.161142068593775,2837.8988907809544,False,False,False,2.1831362034911357,1488.8988907809544,False,False,False,170.5,baseline_proxy_not_known_inventory,,265.63,253.0,mid,2023
3645945504.387397,1678716000000000000,1407,1.7486722383718858,1989.989007267206,False,False,False,3.2302188113068593,3675.989007267206,False,False,False,2.0,2023-03-13,0DTE,28a6ca45f105c85441489f7141867f2a2c05bbb9528a82145dc91d9edff0d552,-25560000000000,1678690440000000000,0.2513277616281142,286.01099273279397,False,False,False,False,overnight_or_pre,1678690440000000000,4.433694269036284,key_gamma,QQQ:2023-03-13:key_gamma:1:293.0,-4260000000000,1678711740000000000,1.2302188113068595,1399.989007267206,False,False,False,False,overnight_or_pre,1678711740000000000,ok,12024.247251816802,3214159,1,41.03838652497202,QQQ,0.21705711136449382,247.01099273279397,False,False,False,1.1221344527831336,1276.989007267206,False,False,False,284.5,baseline_proxy_not_known_inventory,328122361.5373469,289.66,293.0,high,2023
3645945504.387397,1678716000000000000,1407,0.7486722383718858,851.989007267206,False,False,False,2.2302188113068593,2537.989007267206,False,False,False,1.0,2023-03-13,0DTE,28a6ca45f105c85441489f7141867f2a2c05bbb9528a82145dc91d9edff0d552,-25560000000000,1678690440000000000,0.2513277616281142,286.01099273279397,False,False,False,False,overnight_or_pre,1678690440000000000,4.433694269036284,call_wall,QQQ:2023-03-13:call_wall:1:293.0,-4260000000000,1678711740000000000,1.2302188113068595,1399.989007267206,False,False,False,False,overnight_or_pre,1678711740000000000,ok,12024.247251816802,3214159,1,41.03838652497202,QQQ,0.21705711136449382,247.01099273279397,False,False,False,1.1221344527831336,1276.989007267206,False,False,False,284.5,baseline_proxy_not_known_inventory,328122361.5373469,289.66,293.0,high,2023
3645945504.387397,1678716000000000000,1407,1.2415959314882068,1412.9361700335794,False,False,False,0.23995064144676678,273.0638299664206,False,False,False,-2.0,2023-03-13,0DTE,28a6ca45f105c85441489f7141867f2a2c05bbb9528a82145dc91d9edff0d552,-25560000000000,1678690440000000000,0.7584040685117931,863.0638299664206,False,False,False,False,overnight_or_pre,1678690440000000000,4.433694269036284,put_wall,QQQ:2023-03-13:put_wall:1:300.0,-4260000000000,1678711740000000000,2.2399506414467667,2549.0638299664206,False,False,False,False,overnight_or_pre,1678711740000000000,ok,12311.515957491605,3214159,1,41.03838652497202,QQQ,0.7926747187754135,902.0638299664206,False,False,False,2.131866282923041,2426.0638299664206,False,False,False,284.5,baseline_proxy_not_known_inventory,-130579557.23182862,289.66,300.0,high,2023
3645945504.387397,1678716000000000000,1407,5.896440189830281,6710.148936026861,False,False,False,4.414893616895308,5024.148936026861,False,False,False,2.0,2023-03-13,0DTE,28a6ca45f105c85441489f7141867f2a2c05bbb9528a82145dc91d9edff0d552,-25560000000000,1678690440000000000,7.896440189830281,8986.14893602686,False,False,False,False,overnight_or_pre,1678690440000000000,4.433694269036284,gamma_flip,QQQ:2023-03-13:gamma_flip:1:240.0,-4260000000000,1678711740000000000,6.414893616895308,7300.148936026861,False,False,False,False,overnight_or_pre,1678711740000000000,ok,9849.212765993285,3214159,1,41.03838652497202,QQQ,7.862169539566661,8947.14893602686,False,False,False,6.522977975419034,7423.148936026861,False,False,False,284.5,baseline_proxy_not_known_inventory,,289.66,240.0,high,2023
3645945504.387397,1678716000000000000,1407,0.40530699607372717,461.2393615319015,False,False,False,1.0762395768612465,1224.7606384680985,False,False,False,1.0,2023-03-13,0DTE,28a6ca45f105c85441489f7141867f2a2c05bbb9528a82145dc91d9edff0d552,-25560000000000,1678690440000000000,1.4053069960737272,1599.2393615319015,False,False,False,False,overnight_or_pre,1678690440000000000,4.433694269036284,max_pain,QQQ:2023-03-13:max_pain:1:285.0,-4260000000000,1678711740000000000,0.07623957686124647,86.76063846809848,False,False,False,False,overnight_or_pre,1678711740000000000,ok,11695.940159617025,3214159,1,41.03838652497202,QQQ,1.3710363458101067,1560.2393615319015,False,False,False,0.03184478166247937,36.23936153190152,False,False,False,284.5,baseline_proxy_not_known_inventory,,289.66,285.0,high,2023
3645945504.387397,1678716000000000000,1407,2.251327761628114,2562.010992732794,False,False,False,0.7697811886931406,876.010992732794,False,False,False,-2.0,2023-03-13,0DTE,28a6ca45f105c85441489f7141867f2a2c05bbb9528a82145dc91d9edff0d552,-25560000000000,1678690440000000000,0.2513277616281142,286.01099273279397,False,False,False,False,overnight_or_pre,1678690440000000000,4.433694269036284,top_gamma,QQQ:2023-03-13:top_gamma:1:293.0,-4260000000000,1678711740000000000,1.2302188113068595,1399.989007267206,False,False,False,False,overnight_or_pre,1678711740000000000,ok,12024.247251816802,3214159,1,41.03838652497202,QQQ,0.21705711136449382,247.01099273279397,False,False,False,1.1221344527831336,1276.989007267206,False,False,False,284.5,baseline_proxy_not_known_inventory,,289.66,293.0,high,2023
3645945504.387397,1678716000000000000,1407,3.8477810391307385,4378.7748225307805,False,False,False,2.366234466195765,2692.7748225307805,False,False,False,-1.0,2023-03-13,0DTE,28a6ca45f105c85441489f7141867f2a2c05bbb9528a82145dc91d9edff0d552,-25560000000000,1678690440000000000,2.8477810391307385,3240.7748225307805,False,False,False,False,overnight_or_pre,1678690440000000000,4.433694269036284,top_gamma,QQQ:2023-03-13:top_gamma:2:275.0,-4260000000000,1678711740000000000,1.366234466195765,1554.7748225307805,False,False,False,False,overnight_or_pre,1678711740000000000,ok,11285.556294367305,3214159,2,41.03838652497202,QQQ,2.813510388867118,3201.7748225307805,False,False,False,1.4743188247194907,1677.7748225307805,False,False,False,284.5,baseline_proxy_not_known_inventory,,289.66,275.0,high,2023
3645945504.387397,1678716000000000000,1407,1.7584040685117932,2001.0638299664206,False,False,False,3.2399506414467667,3687.0638299664206,False,False,False,1.0,2023-03-13,0DTE,28a6ca45f105c85441489f7141867f2a2c05bbb9528a82145dc91d9edff0d552,-25560000000000,1678690440000000000,0.7584040685117931,863.0638299664206,False,False,False,False,overnight_or_pre,1678690440000000000,4.433694269036284,top_gamma,QQQ:2023-03-13:top_gamma:3:300.0,-4260000000000,1678711740000000000,2.2399506414467667,2549.0638299664206,False,False,False,False,overnight_or_pre,1678711740000000000,ok,12311.515957491605,3214159,3,41.03838652497202,QQQ,0.7926747187754135,902.0638299664206,False,False,False,2.131866282923041,2426.0638299664206,False,False,False,284.5,baseline_proxy_not_known_inventory,,289.66,300.0,high,2023
3645945504.387397,1678716000000000000,1407,3.8477810391307385,4378.7748225307805,False,False,False,2.366234466195765,2692.7748225307805,False,False,False,-1.0,2023-03-13,0DTE,28a6ca45f105c85441489f7141867f2a2c05bbb9528a82145dc91d9edff0d552,-25560000000000,1678690440000000000,2.8477810391307385,3240.7748225307805,False,False,False,False,overnight_or_pre,1678690440000000000,4.433694269036284,top_vanna,QQQ:2023-03-13:top_vanna:1:275.0,-4260000000000,1678711740000000000,1.366234466195765,1554.7748225307805,False,False,False,False,overnight_or_pre,1678711740000000000,ok,11285.556294367305,3214159,1,41.03838652497202,QQQ,2.813510388867118,3201.7748225307805,False,False,False,1.4743188247194907,1677.7748225307805,False,False,False,284.5,baseline_proxy_not_known_inventory,,289.66,275.0,high,2023
3645945504.387397,1678716000000000000,1407,1.2415959314882068,1412.9361700335794,False,False,False,0.23995064144676678,273.0638299664206,False,False,False,-2.0,2023-03-13,0DTE,28a6ca45f105c85441489f7141867f2a2c05bbb9528a82145dc91d9edff0d552,-25560000000000,1678690440000000000,0.7584040685117931,863.0638299664206,False,False,False,False,overnight_or_pre,1678690440000000000,4.433694269036284,top_vanna,QQQ:2023-03-13:top_vanna:2:300.0,-4260000000000,1678711740000000000,2.2399506414467667,2549.0638299664206,False,False,False,False,overnight_or_pre,1678711740000000000,ok,12311.515957491605,3214159,2,41.03838652497202,QQQ,0.7926747187754135,902.0638299664206,False,False,False,2.131866282923041,2426.0638299664206,False,False,False,284.5,baseline_proxy_not_known_inventory,,289.66,300.0,high,2023
3645945504.387397,1678716000000000000,1407,5.136275847742137,5845.081914730552,False,False,False,3.6547292748071634,4159.081914730552,False,False,False,-2.0,2023-03-13,0DTE,28a6ca45f105c85441489f7141867f2a2c05bbb9528a82145dc91d9edff0d552,-25560000000000,1678690440000000000,3.136275847742137,3569.081914730552,False,False,False,False,overnight_or_pre,1678690440000000000,4.433694269036284,top_vanna,QQQ:2023-03-13:top_vanna:3:273.0,-4260000000000,1678711740000000000,1.6547292748071634,1883.081914730552,False,False,False,False,overnight_or_pre,1678711740000000000,ok,11203.479521317362,3214159,3,41.03838652497202,QQQ,3.1020051974785168,3530.081914730552,False,False,False,1.7628136333308893,2006.081914730552,False,False,False,284.5,baseline_proxy_not_known_inventory,,289.66,273.0,high,2023
3645945504.387397,1678716000000000000,1407,0.8477810391307385,964.7748225307805,False,False,False,0.6337655338042351,721.2251774692195,False,False,False,2.0,2023-03-13,0DTE,28a6ca45f105c85441489f7141867f2a2c05bbb9528a82145dc91d9edff0d552,-25560000000000,1678690440000000000,2.8477810391307385,3240.7748225307805,False,False,False,False,overnight_or_pre,1678690440000000000,4.433694269036284,top_vega,QQQ:2023-03-13:top_vega:1:275.0,-4260000000000,1678711740000000000,1.366234466195765,1554.7748225307805,False,False,False,False,overnight_or_pre,1678711740000000000,ok,11285.556294367305,3214159,1,41.03838652497202,QQQ,2.813510388867118,3201.7748225307805,False,False,False,1.4743188247194907,1677.7748225307805,False,False,False,284.5,baseline_proxy_not_known_inventory,,289.66,275.0,high,2023
3645945504.387397,1678716000000000000,1407,5.136275847742137,5845.081914730552,False,False,False,3.6547292748071634,4159.081914730552,False,False,False,-2.0,2023-03-13,0DTE,28a6ca45f105c85441489f7141867f2a2c05bbb9528a82145dc91d9edff0d552,-25560000000000,1678690440000000000,3.136275847742137,3569.081914730552,False,False,False,False,overnight_or_pre,1678690440000000000,4.433694269036284,top_vega,QQQ:2023-03-13:top_vega:2:273.0,-4260000000000,1678711740000000000,1.6547292748071634,1883.081914730552,False,False,False,False,overnight_or_pre,1678711740000000000,ok,11203.479521317362,3214159,2,41.03838652497202,QQQ,3.1020051974785168,3530.081914730552,False,False,False,1.7628136333308893,2006.081914730552,False,False,False,284.5,baseline_proxy_not_known_inventory,,289.66,273.0,high,2023
3645945504.387397,1678716000000000000,1407,1.5300907400996053,1741.2432622333508,False,False,False,0.04854416716463166,55.24326223335083,False,False,False,-2.0,2023-03-13,0DTE,28a6ca45f105c85441489f7141867f2a2c05bbb9528a82145dc91d9edff0d552,-25560000000000,1678690440000000000,0.46990925990039467,534.7567377666492,False,False,False,False,overnight_or_pre,1678690440000000000,4.433694269036284,top_vega,QQQ:2023-03-13:top_vega:3:298.0,-4260000000000,1678711740000000000,1.9514558328353684,2220.756737766649,False,False,False,False,overnight_or_pre,1678711740000000000,ok,12229.439184441662,3214159,3,41.03838652497202,QQQ,0.5041799101640151,573.7567377666492,False,False,False,1.8433714743116425,2097.756737766649,False,False,False,284.5,baseline_proxy_not_known_inventory,,289.66,298.0,high,2023
5340576355.305574,1699282800000000000,1334,3.0391239420957215,2285.4212044559827,False,False,False,2.403485644223381,1807.4212044559827,False,False,False,-2.0,2023-11-06,0DTE,28a6ca45f105c85441489f7141867f2a2c05bbb9528a82145dc91d9edff0d552,-1260000000000,1699281540000000000,1.0391239420957217,781.4212044559827,False,False,False,False,rth,1699281540000000000,2.6864592333371977,key_gamma,QQQ:2023-11-06:key_gamma:1:365.0,12060000000000,1699294860000000000,0.4034856442233812,303.42120445598266,False,False,False,True,rth,1699294860000000000,ok,15062.144698886004,3207287,1,41.26614985996166,QQQ,1.0391239420957217,781.4212044559827,False,False,False,0.4034856442233812,303.42120445598266,False,False,False,188.0,baseline_proxy_not_known_inventory,-361737041.2572517,368.8,365.0,low,2023
5340576355.305574,1699282800000000000,1334,0.5948856234337481,447.3539888221785,False,False,False,1.2305239213060883,925.3539888221785,False,False,False,-1.0,2023-11-06,0DTE,28a6ca45f105c85441489f7141867f2a2c05bbb9528a82145dc91d9edff0d552,-1260000000000,1699281540000000000,1.594885623433748,1199.3539888221785,False,False,False,False,rth,1699281540000000000,2.6864592333371977,call_wall,QQQ:2023-11-06:call_wall:1:377.0,12060000000000,1699294860000000000,2.2305239213060886,1677.3539888221785,False,False,False,True,rth,1699294860000000000,ok,15557.338497205545,3207287,1,41.26614985996166,QQQ,1.594885623433748,1199.3539888221785,False,False,False,2.2305239213060886,1677.3539888221785,False,False,False,188.0,baseline_proxy_not_known_inventory,132386568.49985017,368.8,377.0,low,2023
5340576355.305574,1699282800000000000,1334,0.9608760579042783,722.5787955440173,False,False,False,1.5965143557766188,1200.5787955440173,False,False,False,2.0,2023-11-06,0DTE,28a6ca45f105c85441489f7141867f2a2c05bbb9528a82145dc91d9edff0d552,-1260000000000,1699281540000000000,1.0391239420957217,781.4212044559827,False,False,False,False,rth,1699281540000000000,2.6864592333371977,put_wall,QQQ:2023-11-06:put_wall:1:365.0,12060000000000,1699294860000000000,0.4034856442233812,303.42120445598266,False,False,False,True,rth,1699294860000000000,ok,15062.144698886004,3207287,1,41.26614985996166,QQQ,1.0391239420957217,781.4212044559827,False,False,False,0.4034856442233812,303.42120445598266,False,False,False,188.0,baseline_proxy_not_known_inventory,-361737041.2572517,368.8,365.0,low,2023
5340576355.305574,1699282800000000000,1334,11.380154232939034,8557.875983170154,False,False,False,10.744515935066694,8079.875983170154,False,False,False,-2.0,2023-11-06,0DTE,28a6ca45f105c85441489f7141867f2a2c05bbb9528a82145dc91d9edff0d552,-1260000000000,1699281540000000000,9.380154232939034,7053.875983170154,False,False,False,False,rth,1699281540000000000,2.6864592333371977,gamma_flip,QQQ:2023-11-06:gamma_flip:1:327.0,12060000000000,1699294860000000000,8.744515935066694,6575.875983170154,False,False,False,True,rth,1699294860000000000,ok,13494.031004207462,3207287,1,41.26614985996166,QQQ,9.380154232939034,7053.875983170154,False,False,False,8.744515935066694,6575.875983170154,False,False,False,188.0,baseline_proxy_not_known_inventory,,368.8,327.0,low,2023
5340576355.305574,1699282800000000000,1334,1.234131913370278,928.0671988544491,False,False,False,0.5984936154979377,450.0671988544491,False,False,False,2.0,2023-11-06,0DTE,28a6ca45f105c85441489f7141867f2a2c05bbb9528a82145dc91d9edff0d552,-1260000000000,1699281540000000000,3.234131913370278,2432.067198854449,False,False,False,False,rth,1699281540000000000,2.6864592333371977,max_pain,QQQ:2023-11-06:max_pain:1:355.0,12060000000000,1699294860000000000,2.5984936154979374,1954.067198854449,False,False,False,True,rth,1699294860000000000,ok,14649.483200286388,3207287,1,41.26614985996166,QQQ,3.234131913370278,2432.067198854449,False,False,False,2.5984936154979374,1954.067198854449,False,False,False,188.0,baseline_proxy_not_known_inventory,,368.8,355.0,low,2023
5340576355.305574,1699282800000000000,1334,0.03912394209572163,29.42120445598266,False,False,False,0.5965143557766188,448.57879554401734,False,False,False,1.0,2023-11-06,0DTE,28a6ca45f105c85441489f7141867f2a2c05bbb9528a82145dc91d9edff0d552,-1260000000000,1699281540000000000,1.0391239420957217,781.4212044559827,False,False,False,False,rth,1699281540000000000,2.6864592333371977,top_gamma,QQQ:2023-11-06:top_gamma:1:365.0,12060000000000,1699294860000000000,0.4034856442233812,303.42120445598266,False,False,False,True,rth,1699294860000000000,ok,15062.144698886004,3207287,1,41.26614985996166,QQQ,1.0391239420957217,781.4212044559827,False,False,False,0.4034856442233812,303.42120445598266,False,False,False,188.0,baseline_proxy_not_known_inventory,,368.8,365.0,low,2023
5340576355.305574,1699282800000000000,1334,1.1803768550317397,887.6433949838683,False,False,False,1.8160151529040802,1365.6433949838683,False,False,False,2.0,2023-11-06,0DTE,28a6ca45f105c85441489f7141867f2a2c05bbb9528a82145dc91d9edff0d552,-1260000000000,1699281540000000000,0.8196231449682602,616.3566050161317,False,False,False,False,rth,1699281540000000000,2.6864592333371977,top_gamma,QQQ:2023-11-06:top_gamma:2:366.0,12060000000000,1699294860000000000,0.18398484709591975,138.35660501613165,False,False,False,True,rth,1699294860000000000,ok,15103.410848745967,3207287,2,41.26614985996166,QQQ,0.8196231449682602,616.3566050161317,False,False,False,0.18398484709591975,138.35660501613165,False,False,False,188.0,baseline_proxy_not_known_inventory,,368.8,366.0,low,2023
5340576355.305574,1699282800000000000,1334,2.594885623433748,1951.3539888221785,False,False,False,3.2305239213060886,2429.3539888221785,False,False,False,1.0,2023-11-06,0DTE,28a6ca45f105c85441489f7141867f2a2c05bbb9528a82145dc91d9edff0d552,-1260000000000,1699281540000000000,1.594885623433748,1199.3539888221785,False,False,False,False,rth,1699281540000000000,2.6864592333371977,top_gamma,QQQ:2023-11-06:top_gamma:3:377.0,12060000000000,1699294860000000000,2.2305239213060886,1677.3539888221785,False,False,False,True,rth,1699294860000000000,ok,15557.338497205545,3207287,3,41.26614985996166,QQQ,1.594885623433748,1199.3539888221785,False,False,False,2.2305239213060886,1677.3539888221785,False,False,False,188.0,baseline_proxy_not_known_inventory,,368.8,377.0,low,2023
5340576355.305574,1699282800000000000,1334,3.253388014816113,2446.547787141717,False,False,False,3.8890263126884532,2924.547787141717,False,False,False,1.0,2023-11-06,0DTE,28a6ca45f105c85441489f7141867f2a2c05bbb9528a82145dc91d9edff0d552,-1260000000000,1699281540000000000,2.253388014816113,1694.547787141717,False,False,False,False,rth,1699281540000000000,2.6864592333371977,top_vanna,QQQ:2023-11-06:top_vanna:1:380.0,12060000000000,1699294860000000000,2.8890263126884532,2172.547787141717,False,False,False,True,rth,1699294860000000000,ok,15681.13694678543,3207287,1,41.26614985996166,QQQ,2.253388014816113,1694.547787141717,False,False,False,2.8890263126884532,2172.547787141717,False,False,False,188.0,baseline_proxy_not_known_inventory,,368.8,380.0,low,2023
5340576355.305574,1699282800000000000,1334,4.892634304752643,3679.2609971739876,False,False,False,4.2569960068803026,3201.2609971739876,False,False,False,-1.0,2023-11-06,0DTE,28a6ca45f105c85441489f7141867f2a2c05bbb9528a82145dc91d9edff0d552,-1260000000000,1699281540000000000,3.892634304752643,2927.2609971739876,False,False,False,False,rth,1699281540000000000,2.6864592333371977,top_vanna,QQQ:2023-11-06:top_vanna:2:352.0,12060000000000,1699294860000000000,3.2569960068803026,2449.2609971739876,False,False,False,True,rth,1699294860000000000,ok,14525.684750706503,3207287,2,41.26614985996166,QQQ,3.892634304752643,2927.2609971739876,False,False,False,3.2569960068803026,2449.2609971739876,False,False,False,188.0,baseline_proxy_not_known_inventory,,368.8,352.0,low,2023
5340576355.305574,1699282800000000000,1334,9.185146261664478,6907.229988771687,False,False,False,8.549507963792138,6429.229988771687,False,False,False,-2.0,2023-11-06,0DTE,28a6ca45f105c85441489f7141867f2a2c05bbb9528a82145dc91d9edff0d552,-1260000000000,1699281540000000000,7.185146261664477,5403.229988771687,False,False,False,False,rth,1699281540000000000,2.6864592333371977,top_vanna,QQQ:2023-11-06:top_vanna:3:337.0,12060000000000,1699294860000000000,6.549507963792137,4925.229988771687,False,False,False,True,rth,1699294860000000000,ok,13906.692502807078,3207287,3,41.26614985996166,QQQ,7.185146261664477,5403.229988771687,False,False,False,6.549507963792137,4925.229988771687,False,False,False,188.0,baseline_proxy_not_known_inventory,,368.8,337.0,low,2023
5340576355.305574,1699282800000000000,1334,8.185146261664478,6155.229988771687,False,False,False,7.549507963792137,5677.229988771687,False,False,False,-1.0,2023-11-06,0DTE,28a6ca45f105c85441489f7141867f2a2c05bbb9528a82145dc91d9edff0d552,-1260000000000,1699281540000000000,7.185146261664477,5403.229988771687,False,False,False,False,rth,1699281540000000000,2.6864592333371977,top_vega,QQQ:2023-11-06:top_vega:1:337.0,12060000000000,1699294860000000000,6.549507963792137,4925.229988771687,False,False,False,True,rth,1699294860000000000,ok,13906.692502807078,3207287,1,41.26614985996166,QQQ,7.185146261664477,5403.229988771687,False,False,False,6.549507963792137,4925.229988771687,False,False,False,188.0,baseline_proxy_not_known_inventory,,368.8,337.0,low,2023
5340576355.305574,1699282800000000000,1334,2.6731335076251814,2010.1963977341366,False,False,False,2.037495209752841,1532.1963977341366,False,False,False,1.0,2023-11-06,0DTE,28a6ca45f105c85441489f7141867f2a2c05bbb9528a82145dc91d9edff0d552,-1260000000000,1699281540000000000,3.6731335076251814,2762.1963977341366,False,False,False,False,rth,1699281540000000000,2.6864592333371977,top_vega,QQQ:2023-11-06:top_vega:2:353.0,12060000000000,1699294860000000000,3.037495209752841,2284.1963977341366,False,False,False,True,rth,1699294860000000000,ok,14566.950900566466,3207287,2,41.26614985996166,QQQ,3.6731335076251814,2762.1963977341366,False,False,False,3.037495209752841,2284.1963977341366,False,False,False,188.0,baseline_proxy_not_known_inventory,,368.8,353.0,low,2023
5340576355.305574,1699282800000000000,1334,3.253388014816113,2446.547787141717,False,False,False,3.8890263126884532,2924.547787141717,False,False,False,1.0,2023-11-06,0DTE,28a6ca45f105c85441489f7141867f2a2c05bbb9528a82145dc91d9edff0d552,-1260000000000,1699281540000000000,2.253388014816113,1694.547787141717,False,False,False,False,rth,1699281540000000000,2.6864592333371977,top_vega,QQQ:2023-11-06:top_vega:3:380.0,12060000000000,1699294860000000000,2.8890263126884532,2172.547787141717,False,False,False,True,rth,1699294860000000000,ok,15681.13694678543,3207287,3,41.26614985996166,QQQ,2.253388014816113,1694.547787141717,False,False,False,2.8890263126884532,2172.547787141717,False,False,False,188.0,baseline_proxy_not_known_inventory,,368.8,380.0,low,2023
7921263077.889763,1704207600000000000,1410,0.23279596733939084,157.6028698887676,False,False,False,2.6906984784176773,1821.6028698887676,False,False,False,2.0,2024-01-02,0DTE,8bd0d4a923f05bd3c94c189f582f7f0ef316e33da697d5a69f66e907ddf24ce2,-50100000000000,1704157500000000000,1.767204032660609,1196.3971301112324,False,False,False,False,overnight_or_pre,1704157500000000000,2.2339405364068883,key_gamma,QQQ:2024-01-02:key_gamma:1:402.78000000000003,18840000000000,1704226440000000000,0.6906984784176774,467.6028698887676,False,False,False,True,rth,1704226440000000000,ok,16739.400717472192,2464861,1,41.559662141795,QQQ,0.7923148155261927,536.3971301112324,False,False,False,0.6906984784176774,467.6028698887676,False,False,False,169.25,baseline_proxy_not_known_inventory,-326494319.9031187,403.58,402.78000000000003,low,2024
7921263077.889763,1704207600000000000,1410,2.7672040326606093,1873.3971301112324,False,False,False,0.3093015215823226,209.3971301112324,False,False,False,-1.0,2024-01-02,0DTE,8bd0d4a923f05bd3c94c189f582f7f0ef316e33da697d5a69f66e907ddf24ce2,-50100000000000,1704157500000000000,1.767204032660609,1196.3971301112324,False,False,False,False,overnight_or_pre,1704157500000000000,2.2339405364068883,call_wall,QQQ:2024-01-02:call_wall:1:402.78000000000003,18840000000000,1704226440000000000,0.6906984784176774,467.6028698887676,False,False,False,True,rth,1704226440000000000,ok,16739.400717472192,2464861,1,41.559662141795,QQQ,0.7923148155261927,536.3971301112324,False,False,False,0.6906984784176774,467.6028698887676,False,False,False,169.25,baseline_proxy_not_known_inventory,174046956.45192173,403.58,402.78000000000003,low,2024
7921263077.889763,1704207600000000000,1410,0.23279596733939084,157.6028698887676,False,False,False,2.6906984784176773,1821.6028698887676,False,False,False,2.0,2024-01-02,0DTE,8bd0d4a923f05bd3c94c189f582f7f0ef316e33da697d5a69f66e907ddf24ce2,-50100000000000,1704157500000000000,1.767204032660609,1196.3971301112324,False,False,False,False,overnight_or_pre,1704157500000000000,2.2339405364068883,put_wall,QQQ:2024-01-02:put_wall:1:402.78000000000003,18840000000000,1704226440000000000,0.6906984784176774,467.6028698887676,False,False,False,True,rth,1704226440000000000,ok,16739.400717472192,2464861,1,41.559662141795,QQQ,0.7923148155261927,536.3971301112324,False,False,False,0.6906984784176774,467.6028698887676,False,False,False,169.25,baseline_proxy_not_known_inventory,-326494319.9031187,403.58,402.78000000000003,low,2024
7921263077.889763,1704207600000000000,1410,10.289707417350776,6966.1319215464755,False,False,False,7.83180490627249,5302.1319215464755,False,False,False,1.0,2024-01-02,0DTE,8bd0d4a923f05bd3c94c189f582f7f0ef316e33da697d5a69f66e907ddf24ce2,-50100000000000,1704157500000000000,11.289707417350776,7643.1319215464755,False,False,False,False,overnight_or_pre,1704157500000000000,2.2339405364068883,gamma_flip,QQQ:2024-01-02:gamma_flip:1:364.0,18840000000000,1704226440000000000,8.83180490627249,5979.1319215464755,False,False,False,True,rth,1704226440000000000,ok,15127.717019613381,2464861,1,41.559662141795,QQQ,10.31481820021636,6983.1319215464755,False,False,False,8.83180490627249,5979.1319215464755,False,False,False,169.25,baseline_proxy_not_known_inventory,,403.58,364.0,low,2024
7921263077.889763,1704207600000000000,1410,0.28681738932577117,194.17537257354707,False,False,False,2.744719900404058,1858.175372573547,False,False,False,2.0,2024-01-02,0DTE,8bd0d4a923f05bd3c94c189f582f7f0ef316e33da697d5a69f66e907ddf24ce2,-50100000000000,1704157500000000000,1.713182610674229,1159.824627426453,False,False,False,False,overnight_or_pre,1704157500000000000,2.2339405364068883,max_pain,QQQ:2024-01-02:max_pain:1:403.0,18840000000000,1704226440000000000,0.7447199004040577,504.17537257354707,False,False,False,True,rth,1704226440000000000,ok,16748.543843143387,2464861,1,41.559662141795,QQQ,0.7382933935398123,499.82462742645293,False,False,False,0.7447199004040577,504.17537257354707,False,False,False,169.25,baseline_proxy_not_known_inventory,,403.58,403.0,low,2024
7921263077.889763,1704207600000000000,1410,0.7672040326606091,519.3971301112324,False,False,False,1.6906984784176775,1144.6028698887676,False,False,False,1.0,2024-01-02,0DTE,8bd0d4a923f05bd3c94c189f582f7f0ef316e33da697d5a69f66e907ddf24ce2,-50100000000000,1704157500000000000,1.767204032660609,1196.3971301112324,False,False,False,False,overnight_or_pre,1704157500000000000,2.2339405364068883,top_gamma,QQQ:2024-01-02:top_gamma:1:402.78000000000003,18840000000000,1704226440000000000,0.6906984784176774,467.6028698887676,False,False,False,True,rth,1704226440000000000,ok,16739.400717472192,2464861,1,41.559662141795,QQQ,0.7923148155261927,536.3971301112324,False,False,False,0.6906984784176774,467.6028698887676,False,False,False,169.25,baseline_proxy_not_known_inventory,,403.58,402.78000000000003,low,2024
7921263077.889763,1704207600000000000,1410,1.977171295739819,1338.5449672158575,False,False,False,0.4807312153384676,325.45503278414253,False,False,False,2.0,2024-01-02,0DTE,8bd0d4a923f05bd3c94c189f582f7f0ef316e33da697d5a69f66e907ddf24ce2,-50100000000000,1704157500000000000,3.9771712957398084,2692.54496721585,False,False,False,False,overnight_or_pre,1704157500000000000,2.2339405364068883,top_gamma,QQQ:2024-01-02:top_gamma:2:393.78000000000003,18840000000000,1704226440000000000,1.5192687846615216,1028.5449672158502,False,False,False,True,rth,1704226440000000000,ok,16365.363758196037,2464861,2,41.559662141795,QQQ,3.0022820786053916,2032.5449672158502,False,False,False,1.5192687846615216,1028.5449672158502,False,False,False,169.25,baseline_proxy_not_known_inventory,,403.58,393.78000000000003,low,2024
7921263077.889763,1704207600000000000,1410,1.6953902831538825,1147.7792216951784,False,False,False,0.7625122279244041,516.2207783048216,False,False,False,1.0,2024-01-02,0DTE,8bd0d4a923f05bd3c94c189f582f7f0ef316e33da697d5a69f66e907ddf24ce2,-50100000000000,1704157500000000000,2.6953902831538823,1824.7792216951784,False,False,False,False,overnight_or_pre,1704157500000000000,2.2339405364068883,top_gamma,QQQ:2024-01-02:top_gamma:3:399.0,18840000000000,1704226440000000000,0.2374877720755959,160.77922169517842,False,False,False,True,rth,1704226440000000000,ok,16582.305194576205,2464861,3,41.559662141795,QQQ,1.720501066019466,1164.7792216951784,False,False,False,0.2374877720755959,160.77922169517842,False,False,False,169.25,baseline_proxy_not_known_inventory,,403.58,399.0,low,2024
7921263077.889763,1704207600000000000,1410,1.977171295739819,1338.5449672158575,False,False,False,0.4807312153384676,325.45503278414253,False,False,False,2.0,2024-01-02,0DTE,8bd0d4a923f05bd3c94c189f582f7f0ef316e33da697d5a69f66e907ddf24ce2,-50100000000000,1704157500000000000,3.9771712957398084,2692.54496721585,False,False,False,False,overnight_or_pre,1704157500000000000,2.2339405364068883,top_vanna,QQQ:2024-01-02:top_vanna:1:393.78000000000003,18840000000000,1704226440000000000,1.5192687846615216,1028.5449672158502,False,False,False,True,rth,1704226440000000000,ok,16365.363758196037,2464861,1,41.559662141795,QQQ,3.0022820786053916,2032.5449672158502,False,False,False,1.5192687846615216,1028.5449672158502,False,False,False,169.25,baseline_proxy_not_known_inventory,,403.58,393.78000000000003,low,2024
7921263077.889763,1704207600000000000,1410,0.23344040676471045,158.03915537970897,False,False,False,2.691342917842997,1822.039155379709,False,False,False,-1.0,2024-01-02,0DTE,8bd0d4a923f05bd3c94c189f582f7f0ef316e33da697d5a69f66e907ddf24ce2,-50100000000000,1704157500000000000,1.2334404067647105,835.039155379709,False,False,False,False,overnight_or_pre,1704157500000000000,2.2339405364068883,top_vanna,QQQ:2024-01-02:top_vanna:2:415.0,18840000000000,1704226440000000000,3.691342917842997,2499.039155379709,False,False,False,True,rth,1704226440000000000,ok,17247.259788844927,2464861,2,41.559662141795,QQQ,2.208329623899127,1495.039155379709,False,False,False,3.691342917842997,2499.039155379709,False,False,False,169.25,baseline_proxy_not_known_inventory,,403.58,415.0,low,2024
7921263077.889763,1704207600000000000,1410,4.695390283153882,3178.7792216951784,False,False,False,2.2374877720755957,1514.7792216951784,False,False,False,-2.0,2024-01-02,0DTE,8bd0d4a923f05bd3c94c189f582f7f0ef316e33da697d5a69f66e907ddf24ce2,-50100000000000,1704157500000000000,2.6953902831538823,1824.7792216951784,False,False,False,False,overnight_or_pre,1704157500000000000,2.2339405364068883,top_vanna,QQQ:2024-01-02:top_vanna:3:399.0,18840000000000,1704226440000000000,0.2374877720755959,160.77922169517842,False,False,False,True,rth,1704226440000000000,ok,16582.305194576205,2464861,3,41.559662141795,QQQ,1.720501066019466,1164.7792216951784,False,False,False,0.2374877720755959,160.77922169517842,False,False,False,169.25,baseline_proxy_not_known_inventory,,403.58,399.0,low,2024
7921263077.889763,1704207600000000000,1410,5.977171295739808,4046.54496721585,False,False,False,3.519268784661522,2382.54496721585,False,False,False,-2.0,2024-01-02,0DTE,8bd0d4a923f05bd3c94c189f582f7f0ef316e33da697d5a69f66e907ddf24ce2,-50100000000000,1704157500000000000,3.9771712957398084,2692.54496721585,False,False,False,False,overnight_or_pre,1704157500000000000,2.2339405364068883,top_vega,QQQ:2024-01-02:top_vega:1:393.78000000000003,18840000000000,1704226440000000000,1.5192687846615216,1028.5449672158502,False,False,False,True,rth,1704226440000000000,ok,16365.363758196037,2464861,1,41.559662141795,QQQ,3.0022820786053916,2032.5449672158502,False,False,False,1.5192687846615216,1028.5449672158502,False,False,False,169.25,baseline_proxy_not_known_inventory,,403.58,393.78000000000003,low,2024
7921263077.889763,1704207600000000000,1410,4.695390283153882,3178.7792216951784,False,False,False,2.2374877720755957,1514.7792216951784,False,False,False,-2.0,2024-01-02,0DTE,8bd0d4a923f05bd3c94c189f582f7f0ef316e33da697d5a69f66e907ddf24ce2,-50100000000000,1704157500000000000,2.6953902831538823,1824.7792216951784,False,False,False,False,overnight_or_pre,1704157500000000000,2.2339405364068883,top_vega,QQQ:2024-01-02:top_vega:2:399.0,18840000000000,1704226440000000000,0.2374877720755959,160.77922169517842,False,False,False,True,rth,1704226440000000000,ok,16582.305194576205,2464861,2,41.559662141795,QQQ,1.720501066019466,1164.7792216951784,False,False,False,0.2374877720755959,160.77922169517842,False,False,False,169.25,baseline_proxy_not_known_inventory,,403.58,399.0,low,2024
7921263077.889763,1704207600000000000,1410,3.2334404067647102,2189.039155379709,False,False,False,5.691342917842997,3853.039155379709,False,False,False,2.0,2024-01-02,0DTE,8bd0d4a923f05bd3c94c189f582f7f0ef316e33da697d5a69f66e907ddf24ce2,-50100000000000,1704157500000000000,1.2334404067647105,835.039155379709,False,False,False,False,overnight_or_pre,1704157500000000000,2.2339405364068883,top_vega,QQQ:2024-01-02:top_vega:3:415.0,18840000000000,1704226440000000000,3.691342917842997,2499.039155379709,False,False,False,True,rth,1704226440000000000,ok,17247.259788844927,2464861,3,41.559662141795,QQQ,2.208329623899127,1495.039155379709,False,False,False,3.691342917842997,2499.039155379709,False,False,False,169.25,baseline_proxy_not_known_inventory,,403.58,415.0,low,2024
5872750550.663587,1709305200000000000,1648,2.6854573874167937,2269.2114923671907,False,False,False,1.0606053164108764,896.2114923671907,False,False,False,-2.0,2024-03-01,0DTE,8bd0d4a923f05bd3c94c189f582f7f0ef316e33da697d5a69f66e907ddf24ce2,16200000000000,1709321400000000000,0.6854573874167936,579.2114923671907,False,False,False,True,rth,1709321400000000000,2.8624544190617573,key_gamma,QQQ:2024-03-01:key_gamma:1:443.0,-16500000000000,1709288700000000000,0.9393946835891235,793.7885076328093,False,False,False,False,overnight_or_pre,1709288700000000000,ok,18227.947126908202,2108486,1,41.1466075099508,QQQ,0.6854573874167936,579.2114923671907,False,False,False,0.6352526717548039,536.7885076328093,False,False,False,211.25,baseline_proxy_not_known_inventory,295570951.45511556,440.8,443.0,low,2024
5872750550.663587,1709305200000000000,1648,2.6854573874167937,2269.2114923671907,False,False,False,1.0606053164108764,896.2114923671907,False,False,False,-2.0,2024-03-01,0DTE,8bd0d4a923f05bd3c94c189f582f7f0ef316e33da697d5a69f66e907ddf24ce2,16200000000000,1709321400000000000,0.6854573874167936,579.2114923671907,False,False,False,True,rth,1709321400000000000,2.8624544190617573,call_wall,QQQ:2024-03-01:call_wall:1:443.0,-16500000000000,1709288700000000000,0.9393946835891235,793.7885076328093,False,False,False,False,overnight_or_pre,1709288700000000000,ok,18227.947126908202,2108486,1,41.1466075099508,QQQ,0.6854573874167936,579.2114923671907,False,False,False,0.6352526717548039,536.7885076328093,False,False,False,211.25,baseline_proxy_not_known_inventory,295570951.45511556,440.8,443.0,low,2024
5872750550.663587,1709305200000000000,1648,3.8280026305384918,3234.6622228050255,False,False,False,2.2031505595325744,1861.6622228050255,False,False,False,-1.0,2024-03-01,0DTE,8bd0d4a923f05bd3c94c189f582f7f0ef316e33da697d5a69f66e907ddf24ce2,16200000000000,1709321400000000000,2.8280026305384918,2389.6622228050255,False,False,False,True,rth,1709321400000000000,2.8624544190617573,put_wall,QQQ:2024-03-01:put_wall:1:432.0,-16500000000000,1709288700000000000,1.2031505595325747,1016.6622228050255,False,False,False,False,overnight_or_pre,1709288700000000000,ok,17775.334444298744,2108486,1,41.1466075099508,QQQ,2.8280026305384918,2389.6622228050255,False,False,False,1.507292571366894,1273.6622228050255,False,False,False,211.25,baseline_proxy_not_known_inventory,-259560759.89121908,440.8,432.0,low,2024
5872750550.663587,1709305200000000000,1648,8.450415200187367,7140.600844158325,False,False,False,6.82556312918145,5767.600844158325,False,False,False,1.0,2024-03-01,0DTE,8bd0d4a923f05bd3c94c189f582f7f0ef316e33da697d5a69f66e907ddf24ce2,16200000000000,1709321400000000000,9.450415200187376,7985.600844158333,False,False,False,True,rth,1709321400000000000,2.8624544190617573,gamma_flip,QQQ:2024-03-01:gamma_flip:1:398.0,-16500000000000,1709288700000000000,7.825563129181459,6612.600844158333,False,False,False,False,overnight_or_pre,1709288700000000000,ok,16376.349788960417,2108486,1,41.1466075099508,QQQ,9.450415200187376,7985.600844158333,False,False,False,8.129705141015778,6869.600844158333,False,False,False,211.25,baseline_proxy_not_known_inventory,,440.8,398.0,low,2024
5872750550.663587,1709305200000000000,1648,2.269787908268155,1917.970782486591,False,False,False,0.6449358372622378,544.9707824865909,False,False,False,-1.0,2024-03-01,0DTE,8bd0d4a923f05bd3c94c189f582f7f0ef316e33da697d5a69f66e907ddf24ce2,16200000000000,1709321400000000000,1.269787908268155,1072.970782486591,False,False,False,True,rth,1709321400000000000,2.8624544190617573,max_pain,QQQ:2024-03-01:max_pain:1:440.0,-16500000000000,1709288700000000000,0.35506416273776226,300.0292175134091,False,False,False,False,overnight_or_pre,1709288700000000000,ok,18104.507304378352,2108486,1,41.1466075099508,QQQ,1.269787908268155,1072.970782486591,False,False,False,0.050922150903442716,43.029217513409094,False,False,False,211.25,baseline_proxy_not_known_inventory,,440.8,440.0,low,2024
5872750550.663587,1709305200000000000,1648,2.6854573874167937,2269.2114923671907,False,False,False,1.0606053164108764,896.2114923671907,False,False,False,-2.0,2024-03-01,0DTE,8bd0d4a923f05bd3c94c189f582f7f0ef316e33da697d5a69f66e907ddf24ce2,16200000000000,1709321400000000000,0.6854573874167936,579.2114923671907,False,False,False,True,rth,1709321400000000000,2.8624544190617573,top_gamma,QQQ:2024-03-01:top_gamma:1:443.0,-16500000000000,1709288700000000000,0.9393946835891235,793.7885076328093,False,False,False,False,overnight_or_pre,1709288700000000000,ok,18227.947126908202,2108486,1,41.1466075099508,QQQ,0.6854573874167936,579.2114923671907,False,False,False,0.6352526717548039,536.7885076328093,False,False,False,211.25,baseline_proxy_not_known_inventory,,440.8,443.0,low,2024
5872750550.663587,1709305200000000000,1648,3.8280026305384918,3234.6622228050255,False,False,False,2.2031505595325744,1861.6622228050255,False,False,False,-1.0,2024-03-01,0DTE,8bd0d4a923f05bd3c94c189f582f7f0ef316e33da697d5a69f66e907ddf24ce2,16200000000000,1709321400000000000,2.8280026305384918,2389.6622228050255,False,False,False,True,rth,1709321400000000000,2.8624544190617573,top_gamma,QQQ:2024-03-01:top_gamma:2:432.0,-16500000000000,1709288700000000000,1.2031505595325747,1016.6622228050255,False,False,False,False,overnight_or_pre,1709288700000000000,ok,17775.334444298744,2108486,2,41.1466075099508,QQQ,2.8280026305384918,2389.6622228050255,False,False,False,1.507292571366894,1273.6622228050255,False,False,False,211.25,baseline_proxy_not_known_inventory,,440.8,432.0,low,2024
5872750550.663587,1709305200000000000,1648,3.269787908268155,2762.970782486591,False,False,False,1.6449358372622378,1389.970782486591,False,False,False,-2.0,2024-03-01,0DTE,8bd0d4a923f05bd3c94c189f582f7f0ef316e33da697d5a69f66e907ddf24ce2,16200000000000,1709321400000000000,1.269787908268155,1072.970782486591,False,False,False,True,rth,1709321400000000000,2.8624544190617573,top_gamma,QQQ:2024-03-01:top_gamma:3:440.0,-16500000000000,1709288700000000000,0.35506416273776226,300.0292175134091,False,False,False,False,overnight_or_pre,1709288700000000000,ok,18104.507304378352,2108486,3,41.1466075099508,QQQ,1.269787908268155,1072.970782486591,False,False,False,0.050922150903442716,43.029217513409094,False,False,False,211.25,baseline_proxy_not_known_inventory,,440.8,440.0,low,2024
5872750550.663587,1709305200000000000,1648,0.8280026305384918,699.6622228050255,False,False,False,0.7968494404674255,673.3377771949745,False,False,False,2.0,2024-03-01,0DTE,8bd0d4a923f05bd3c94c189f582f7f0ef316e33da697d5a69f66e907ddf24ce2,16200000000000,1709321400000000000,2.8280026305384918,2389.6622228050255,False,False,False,True,rth,1709321400000000000,2.8624544190617573,top_vanna,QQQ:2024-03-01:top_vanna:1:432.0,-16500000000000,1709288700000000000,1.2031505595325747,1016.6622228050255,False,False,False,False,overnight_or_pre,1709288700000000000,ok,17775.334444298744,2108486,1,41.1466075099508,QQQ,2.8280026305384918,2389.6622228050255,False,False,False,1.507292571366894,1273.6622228050255,False,False,False,211.25,baseline_proxy_not_known_inventory,,440.8,432.0,low,2024
5872750550.663587,1709305200000000000,1648,3.3862173528088113,2861.3536631234456,False,False,False,1.7613652818028942,1488.3536631234456,False,False,False,1.0,2024-03-01,0DTE,8bd0d4a923f05bd3c94c189f582f7f0ef316e33da697d5a69f66e907ddf24ce2,16200000000000,1709321400000000000,4.386217352808812,3706.3536631234456,False,False,False,True,rth,1709321400000000000,2.8624544190617573,top_vanna,QQQ:2024-03-01:top_vanna:2:424.0,-16500000000000,1709288700000000000,2.761365281802894,2333.3536631234456,False,False,False,False,overnight_or_pre,1709288700000000000,ok,17446.16158421914,2108486,2,41.1466075099508,QQQ,4.386217352808812,3706.3536631234456,False,False,False,3.065507293637214,2590.3536631234456,False,False,False,211.25,baseline_proxy_not_known_inventory,,440.8,424.0,low,2024
5872750550.663587,1709305200000000000,1648,2.6854573874167937,2269.2114923671907,False,False,False,1.0606053164108764,896.2114923671907,False,False,False,-2.0,2024-03-01,0DTE,8bd0d4a923f05bd3c94c189f582f7f0ef316e33da697d5a69f66e907ddf24ce2,16200000000000,1709321400000000000,0.6854573874167936,579.2114923671907,False,False,False,True,rth,1709321400000000000,2.8624544190617573,top_vanna,QQQ:2024-03-01:top_vanna:3:443.0,-16500000000000,1709288700000000000,0.9393946835891235,793.7885076328093,False,False,False,False,overnight_or_pre,1709288700000000000,ok,18227.947126908202,2108486,3,41.1466075099508,QQQ,0.6854573874167936,579.2114923671907,False,False,False,0.6352526717548039,536.7885076328093,False,False,False,211.25,baseline_proxy_not_known_inventory,,440.8,443.0,low,2024
5872750550.663587,1709305200000000000,1648,0.7302120917318451,617.0292175134091,False,False,False,2.3550641627377624,1990.029217513409,False,False,False,2.0,2024-03-01,0DTE,8bd0d4a923f05bd3c94c189f582f7f0ef316e33da697d5a69f66e907ddf24ce2,16200000000000,1709321400000000000,1.269787908268155,1072.970782486591,False,False,False,True,rth,1709321400000000000,2.8624544190617573,top_vega,QQQ:2024-03-01:top_vega:1:440.0,-16500000000000,1709288700000000000,0.35506416273776226,300.0292175134091,False,False,False,False,overnight_or_pre,1709288700000000000,ok,18104.507304378352,2108486,1,41.1466075099508,QQQ,1.269787908268155,1072.970782486591,False,False,False,0.050922150903442716,43.029217513409094,False,False,False,211.25,baseline_proxy_not_known_inventory,,440.8,440.0,low,2024
5872750550.663587,1709305200000000000,1648,3.8280026305384918,3234.6622228050255,False,False,False,2.2031505595325744,1861.6622228050255,False,False,False,-1.0,2024-03-01,0DTE,8bd0d4a923f05bd3c94c189f582f7f0ef316e33da697d5a69f66e907ddf24ce2,16200000000000,1709321400000000000,2.8280026305384918,2389.6622228050255,False,False,False,True,rth,1709321400000000000,2.8624544190617573,top_vega,QQQ:2024-03-01:top_vega:2:432.0,-16500000000000,1709288700000000000,1.2031505595325747,1016.6622228050255,False,False,False,False,overnight_or_pre,1709288700000000000,ok,17775.334444298744,2108486,2,41.1466075099508,QQQ,2.8280026305384918,2389.6622228050255,False,False,False,1.507292571366894,1273.6622228050255,False,False,False,211.25,baseline_proxy_not_known_inventory,,440.8,432.0,low,2024
5872750550.663587,1709305200000000000,1648,1.2884268140021646,1088.7206578318292,False,False,False,2.913278885008082,2461.720657831829,False,False,False,1.0,2024-03-01,0DTE,8bd0d4a923f05bd3c94c189f582f7f0ef316e33da697d5a69f66e907ddf24ce2,16200000000000,1709321400000000000,0.2884268140021647,243.72065783182916,False,False,False,True,rth,1709321400000000000,2.8624544190617573,top_vega,QQQ:2024-03-01:top_vega:3:448.0,-16500000000000,1709288700000000000,1.9132788850080817,1616.7206578318292,False,False,False,False,overnight_or_pre,1709288700000000000,ok,18433.680164457957,2108486,3,41.1466075099508,QQQ,0.2884268140021647,243.72065783182916,False,False,False,1.6091368731737623,1359.7206578318292,False,False,False,211.25,baseline_proxy_not_known_inventory,,440.8,448.0,low,2024
4919735704.550857,1735830000000000000,1217,0.5873643606892386,720.1087062050065,False,False,False,1.0659798481198968,1306.8912937949935,False,False,False,1.0,2025-01-02,0DTE,ba227282046f8175d0100fba965ad480a3d2a5b278ca8f0b49800cb8a25ec991,-9840000000000,1735820160000000000,1.5873643606892385,1946.1087062050065,False,False,False,False,overnight_or_pre,1735820160000000000,4.812049424720916,key_gamma,QQQ:2025-01-02:key_gamma:1:506.0,10200000000000,1735840200000000000,0.06597984811989685,80.89129379499354,False,False,False,True,rth,1735840200000000000,ok,21003.97282344875,1513211,1,41.50982771432559,QQQ,1.435651473250413,1760.1087062050065,False,False,False,0.06597984811989685,80.89129379499354,False,False,False,306.5,baseline_proxy_not_known_inventory,215692089.02711555,515.38,506.0,mid,2025
4919735704.550857,1735830000000000000,1217,3.5873643606892385,4398.1087062050065,False,False,False,1.9340201518801032,2371.1087062050065,False,False,False,-2.0,2025-01-02,0DTE,ba227282046f8175d0100fba965ad480a3d2a5b278ca8f0b49800cb8a25ec991,-9840000000000,1735820160000000000,1.5873643606892385,1946.1087062050065,False,False,False,False,overnight_or_pre,1735820160000000000,4.812049424720916,call_wall,QQQ:2025-01-02:call_wall:1:506.0,10200000000000,1735840200000000000,0.06597984811989685,80.89129379499354,False,False,False,True,rth,1735840200000000000,ok,21003.97282344875,1513211,1,41.50982771432559,QQQ,1.435651473250413,1760.1087062050065,False,False,False,0.06597984811989685,80.89129379499354,False,False,False,306.5,baseline_proxy_not_known_inventory,215692089.02711555,515.38,506.0,mid,2025
4919735704.550857,1735830000000000000,1217,2.045637408463135,2507.9514627758035,False,False,False,0.3922931996539996,480.9514627758035,False,False,False,-1.0,2025-01-02,0DTE,ba227282046f8175d0100fba965ad480a3d2a5b278ca8f0b49800cb8a25ec991,-9840000000000,1735820160000000000,1.045637408463135,1281.9514627758035,False,False,False,False,overnight_or_pre,1735820160000000000,4.812049424720916,put_wall,QQQ:2025-01-02:put_wall:1:510.0,10200000000000,1735840200000000000,0.6077068003460004,745.0485372241965,False,False,False,True,rth,1735840200000000000,ok,21170.01213430605,1513211,1,41.50982771432559,QQQ,0.8939245210243095,1095.9514627758035,False,False,False,0.6077068003460004,745.0485372241965,False,False,False,306.5,baseline_proxy_not_known_inventory,-194578378.26748428,515.38,510.0,mid,2025
4919735704.550857,1735830000000000000,1217,5.817224311289494,7131.91700564092,False,False,False,4.163880102480359,5104.91700564092,False,False,False,2.0,2025-01-02,0DTE,ba227282046f8175d0100fba965ad480a3d2a5b278ca8f0b49800cb8a25ec991,-9840000000000,1735820160000000000,7.817224311289494,9583.91700564092,False,False,False,False,overnight_or_pre,1735820160000000000,4.812049424720916,gamma_flip,QQQ:2025-01-02:gamma_flip:1:460.0,10200000000000,1735840200000000000,6.163880102480359,7556.91700564092,False,False,False,True,rth,1735840200000000000,ok,19094.52074858977,1513211,1,41.50982771432559,QQQ,7.665511423850669,9397.91700564092,False,False,False,6.163880102480359,7556.91700564092,False,False,False,306.5,baseline_proxy_not_known_inventory,,515.38,460.0,mid,2025
4919735704.550857,1735830000000000000,1217,0.2252260676499227,276.1271589388052,False,False,False,1.8785702764590582,2303.127158938805,False,False,False,1.0,2025-01-02,0DTE,ba227282046f8175d0100fba965ad480a3d2a5b278ca8f0b49800cb8a25ec991,-9840000000000,1735820160000000000,0.7747739323500773,949.8728410611948,False,False,False,False,overnight_or_pre,1735820160000000000,4.812049424720916,max_pain,QQQ:2025-01-02:max_pain:1:512.0,10200000000000,1735840200000000000,0.878570276459058,1077.1271589388052,False,False,False,True,rth,1735840200000000000,ok,21253.0317897347,1513211,1,41.50982771432559,QQQ,0.6230610449112518,763.8728410611948,False,False,False,0.878570276459058,1077.1271589388052,False,False,False,306.5,baseline_proxy_not_known_inventory,,515.38,512.0,mid,2025
4919735704.550857,1735830000000000000,1217,2.5873643606892385,3172.1087062050065,False,False,False,0.9340201518801031,1145.1087062050065,False,False,False,-1.0,2025-01-02,0DTE,ba227282046f8175d0100fba965ad480a3d2a5b278ca8f0b49800cb8a25ec991,-9840000000000,1735820160000000000,1.5873643606892385,1946.1087062050065,False,False,False,False,overnight_or_pre,1735820160000000000,4.812049424720916,top_gamma,QQQ:2025-01-02:top_gamma:1:506.0,10200000000000,1735840200000000000,0.06597984811989685,80.89129379499354,False,False,False,True,rth,1735840200000000000,ok,21003.97282344875,1513211,1,41.50982771432559,QQQ,1.435651473250413,1760.1087062050065,False,False,False,0.06597984811989685,80.89129379499354,False,False,False,306.5,baseline_proxy_not_known_inventory,,515.38,506.0,mid,2025
4919735704.550857,1735830000000000000,1217,2.045637408463135,2507.9514627758035,False,False,False,0.3922931996539996,480.9514627758035,False,False,False,-1.0,2025-01-02,0DTE,ba227282046f8175d0100fba965ad480a3d2a5b278ca8f0b49800cb8a25ec991,-9840000000000,1735820160000000000,1.045637408463135,1281.9514627758035,False,False,False,False,overnight_or_pre,1735820160000000000,4.812049424720916,top_gamma,QQQ:2025-01-02:top_gamma:2:510.0,10200000000000,1735840200000000000,0.6077068003460004,745.0485372241965,False,False,False,True,rth,1735840200000000000,ok,21170.01213430605,1513211,2,41.50982771432559,QQQ,0.8939245210243095,1095.9514627758035,False,False,False,0.6077068003460004,745.0485372241965,False,False,False,306.5,baseline_proxy_not_known_inventory,,515.38,510.0,mid,2025
4919735704.550857,1735830000000000000,1217,0.7227960987457674,886.1480170623108,False,False,False,0.930548110063368,1140.8519829376892,False,False,False,1.0,2025-01-02,0DTE,ba227282046f8175d0100fba965ad480a3d2a5b278ca8f0b49800cb8a25ec991,-9840000000000,1735820160000000000,1.7227960987457673,2112.148017062311,False,False,False,False,overnight_or_pre,1735820160000000000,4.812049424720916,top_gamma,QQQ:2025-01-02:top_gamma:3:505.0,10200000000000,1735840200000000000,0.069451889936632,85.14801706231083,False,False,False,True,rth,1735840200000000000,ok,20962.462995734422,1513211,3,41.50982771432559,QQQ,1.571083211306942,1926.1480170623108,False,False,False,0.069451889936632,85.14801706231083,False,False,False,306.5,baseline_proxy_not_known_inventory,,515.38,505.0,mid,2025
4919735704.550857,1735830000000000000,1217,3.5873643606892385,4398.1087062050065,False,False,False,1.9340201518801032,2371.1087062050065,False,False,False,-2.0,2025-01-02,0DTE,ba227282046f8175d0100fba965ad480a3d2a5b278ca8f0b49800cb8a25ec991,-9840000000000,1735820160000000000,1.5873643606892385,1946.1087062050065,False,False,False,False,overnight_or_pre,1735820160000000000,4.812049424720916,top_vanna,QQQ:2025-01-02:top_vanna:1:506.0,10200000000000,1735840200000000000,0.06597984811989685,80.89129379499354,False,False,False,True,rth,1735840200000000000,ok,21003.97282344875,1513211,1,41.50982771432559,QQQ,1.435651473250413,1760.1087062050065,False,False,False,0.06597984811989685,80.89129379499354,False,False,False,306.5,baseline_proxy_not_known_inventory,,515.38,506.0,mid,2025
4919735704.550857,1735830000000000000,1217,3.7227960987457673,4564.148017062311,False,False,False,2.069451889936632,2537.148017062311,False,False,False,-2.0,2025-01-02,0DTE,ba227282046f8175d0100fba965ad480a3d2a5b278ca8f0b49800cb8a25ec991,-9840000000000,1735820160000000000,1.7227960987457673,2112.148017062311,False,False,False,False,overnight_or_pre,1735820160000000000,4.812049424720916,top_vanna,QQQ:2025-01-02:top_vanna:2:505.0,10200000000000,1735840200000000000,0.069451889936632,85.14801706231083,False,False,False,True,rth,1735840200000000000,ok,20962.462995734422,1513211,2,41.50982771432559,QQQ,1.571083211306942,1926.1480170623108,False,False,False,0.069451889936632,85.14801706231083,False,False,False,306.5,baseline_proxy_not_known_inventory,,515.38,505.0,mid,2025
4919735704.550857,1735830000000000000,1217,1.1495930756717547,1409.4011107735714,False,False,False,0.5037511331373806,617.5988892264286,False,False,False,-2.0,2025-01-02,0DTE,ba227282046f8175d0100fba965ad480a3d2a5b278ca8f0b49800cb8a25ec991,-9840000000000,1735820160000000000,0.8504069243282452,1042.5988892264286,False,False,False,False,overnight_or_pre,1735820160000000000,4.812049424720916,top_vanna,QQQ:2025-01-02:top_vanna:3:524.0,10200000000000,1735840200000000000,2.5037511331373805,3069.5988892264286,False,False,False,True,rth,1735840200000000000,ok,21751.149722306607,1513211,3,41.50982771432559,QQQ,1.0021198117670707,1228.5988892264286,False,False,False,2.5037511331373805,3069.5988892264286,False,False,False,306.5,baseline_proxy_not_known_inventory,,515.38,524.0,mid,2025
4919735704.550857,1735830000000000000,1217,0.41263563931076147,505.89129379499354,False,False,False,2.065979848119897,2532.8912937949935,False,False,False,2.0,2025-01-02,0DTE,ba227282046f8175d0100fba965ad480a3d2a5b278ca8f0b49800cb8a25ec991,-9840000000000,1735820160000000000,1.5873643606892385,1946.1087062050065,False,False,False,False,overnight_or_pre,1735820160000000000,4.812049424720916,top_vega,QQQ:2025-01-02:top_vega:1:506.0,10200000000000,1735840200000000000,0.06597984811989685,80.89129379499354,False,False,False,True,rth,1735840200000000000,ok,21003.97282344875,1513211,1,41.50982771432559,QQQ,1.435651473250413,1760.1087062050065,False,False,False,0.06597984811989685,80.89129379499354,False,False,False,306.5,baseline_proxy_not_known_inventory,,515.38,506.0,mid,2025
4919735704.550857,1735830000000000000,1217,0.7227960987457674,886.1480170623108,False,False,False,0.930548110063368,1140.8519829376892,False,False,False,1.0,2025-01-02,0DTE,ba227282046f8175d0100fba965ad480a3d2a5b278ca8f0b49800cb8a25ec991,-9840000000000,1735820160000000000,1.7227960987457673,2112.148017062311,False,False,False,False,overnight_or_pre,1735820160000000000,4.812049424720916,top_vega,QQQ:2025-01-02:top_vega:2:505.0,10200000000000,1735840200000000000,0.069451889936632,85.14801706231083,False,False,False,True,rth,1735840200000000000,ok,20962.462995734422,1513211,2,41.50982771432559,QQQ,1.571083211306942,1926.1480170623108,False,False,False,0.069451889936632,85.14801706231083,False,False,False,306.5,baseline_proxy_not_known_inventory,,515.38,505.0,mid,2025
4919735704.550857,1735830000000000000,1217,0.2850248137282837,349.4404216308758,False,False,False,1.3683193950808517,1677.5595783691242,False,False,False,-1.0,2025-01-02,0DTE,ba227282046f8175d0100fba965ad480a3d2a5b278ca8f0b49800cb8a25ec991,-9840000000000,1735820160000000000,0.7149751862717163,876.5595783691242,False,False,False,False,overnight_or_pre,1735820160000000000,4.812049424720916,top_vega,QQQ:2025-01-02:top_vega:3:523.0,10200000000000,1735840200000000000,2.3683193950808517,2903.559578369124,False,False,False,True,rth,1735840200000000000,ok,21709.63989459228,1513211,3,41.50982771432559,QQQ,0.8666880737105418,1062.5595783691242,False,False,False,2.3683193950808517,2903.559578369124,False,False,False,306.5,baseline_proxy_not_known_inventory,,515.38,523.0,mid,2025
5955543238.058224,1741014000000000000,1351,3.9572712768127634,7657.319920632697,False,False,False,2.2947389770711615,4440.319920632697,False,False,False,-2.0,2025-03-03,0DTE,ba227282046f8175d0100fba965ad480a3d2a5b278ca8f0b49800cb8a25ec991,-1620000000000,1741012380000000000,1.9572712768127634,3787.319920632697,False,False,False,False,rth,1741012380000000000,5.834017181945172,key_gamma,QQQ:2025-03-03:key_gamma:1:490.0,20640000000000,1741034640000000000,0.2947389770711613,570.3199206326972,False,False,False,True,rth,1741034640000000000,ok,20174.170019841826,1758632,1,41.1717755506976,QQQ,1.9572712768127634,3787.319920632697,False,False,False,0.2947389770711613,570.3199206326972,False,False,False,483.75,baseline_proxy_not_known_inventory,-407280901.82739705,506.31,490.0,mid,2025
5955543238.058224,1741014000000000000,1351,1.5104078466073732,2922.639183185267,False,False,False,0.15212445313422893,294.36081681473297,False,False,False,-1.0,2025-03-03,0DTE,ba227282046f8175d0100fba965ad480a3d2a5b278ca8f0b49800cb8a25ec991,-1620000000000,1741012380000000000,0.5104078466073732,987.639183185267,False,False,False,False,rth,1741012380000000000,5.834017181945172,call_wall,QQQ:2025-03-03:call_wall:1:507.0,20640000000000,1741034640000000000,1.152124453134229,2229.360816814733,False,False,False,True,rth,1741034640000000000,ok,20874.090204203683,1758632,1,41.1717755506976,QQQ,0.5104078466073732,987.639183185267,False,False,False,1.152124453134229,2229.360816814733,False,False,False,483.75,baseline_proxy_not_known_inventory,280805784.13257426,506.31,507.0,mid,2025
5955543238.058224,1741014000000000000,1351,0.042728723187236604,82.68007936730282,False,False,False,1.7052610229288387,3299.680079367303,False,False,False,2.0,2025-03-03,0DTE,ba227282046f8175d0100fba965ad480a3d2a5b278ca8f0b49800cb8a25ec991,-1620000000000,1741012380000000000,1.9572712768127634,3787.319920632697,False,False,False,False,rth,1741012380000000000,5.834017181945172,put_wall,QQQ:2025-03-03:put_wall:1:490.0,20640000000000,1741034640000000000,0.2947389770711613,570.3199206326972,False,False,False,True,rth,1741034640000000000,ok,20174.170019841826,1758632,1,41.1717755506976,QQQ,1.9572712768127634,3787.319920632697,False,False,False,0.2947389770711613,570.3199206326972,False,False,False,483.75,baseline_proxy_not_known_inventory,-407280901.82739705,506.31,490.0,mid,2025
5955543238.058224,1741014000000000000,1351,5.510559683057574,10662.932986716405,False,False,False,3.8480273833159715,7445.932986716405,False,False,False,-1.0,2025-03-03,0DTE,ba227282046f8175d0100fba965ad480a3d2a5b278ca8f0b49800cb8a25ec991,-1620000000000,1741012380000000000,4.510559683057574,8727.932986716405,False,False,False,False,rth,1741012380000000000,5.834017181945172,gamma_flip,QQQ:2025-03-03:gamma_flip:1:460.0,20640000000000,1741034640000000000,2.8480273833159715,5510.932986716405,False,False,False,True,rth,1741034640000000000,ok,18939.0167533209,1758632,1,41.1717755506976,QQQ,4.510559683057574,8727.932986716405,False,False,False,2.8480273833159715,5510.932986716405,False,False,False,483.75,baseline_proxy_not_known_inventory,,506.31,460.0,mid,2025
5955543238.058224,1741014000000000000,1351,1.59551746014886,3087.326285388044,False,False,False,0.06701483959274201,129.6737146119558,False,False,False,-1.0,2025-03-03,0DTE,ba227282046f8175d0100fba965ad480a3d2a5b278ca8f0b49800cb8a25ec991,-1620000000000,1741012380000000000,0.5955174601488601,1152.3262853880442,False,False,False,False,rth,1741012380000000000,5.834017181945172,max_pain,QQQ:2025-03-03:max_pain:1:506.0,20640000000000,1741034640000000000,1.0670148395927421,2064.673714611956,False,False,False,True,rth,1741034640000000000,ok,20832.91842865299,1758632,1,41.1717755506976,QQQ,0.5955174601488601,1152.3262853880442,False,False,False,1.0670148395927421,2064.673714611956,False,False,False,483.75,baseline_proxy_not_known_inventory,,506.31,506.0,mid,2025
5955543238.058224,1741014000000000000,1351,2.9572712768127634,5722.319920632697,False,False,False,1.2947389770711613,2505.319920632697,False,False,False,-1.0,2025-03-03,0DTE,ba227282046f8175d0100fba965ad480a3d2a5b278ca8f0b49800cb8a25ec991,-1620000000000,1741012380000000000,1.9572712768127634,3787.319920632697,False,False,False,False,rth,1741012380000000000,5.834017181945172,top_gamma,QQQ:2025-03-03:top_gamma:1:490.0,20640000000000,1741034640000000000,0.2947389770711613,570.3199206326972,False,False,False,True,rth,1741034640000000000,ok,20174.170019841826,1758632,1,41.1717755506976,QQQ,1.9572712768127634,3787.319920632697,False,False,False,0.2947389770711613,570.3199206326972,False,False,False,483.75,baseline_proxy_not_known_inventory,,506.31,490.0,mid,2025
5955543238.058224,1741014000000000000,1351,1.5104078466073732,2922.639183185267,False,False,False,0.15212445313422893,294.36081681473297,False,False,False,-1.0,2025-03-03,0DTE,ba227282046f8175d0100fba965ad480a3d2a5b278ca8f0b49800cb8a25ec991,-1620000000000,1741012380000000000,0.5104078466073732,987.639183185267,False,False,False,False,rth,1741012380000000000,5.834017181945172,top_gamma,QQQ:2025-03-03:top_gamma:2:507.0,20640000000000,1741034640000000000,1.152124453134229,2229.360816814733,False,False,False,True,rth,1741034640000000000,ok,20874.090204203683,1758632,2,41.1717755506976,QQQ,0.5104078466073732,987.639183185267,False,False,False,1.152124453134229,2229.360816814733,False,False,False,483.75,baseline_proxy_not_known_inventory,,506.31,507.0,mid,2025
5955543238.058224,1741014000000000000,1351,1.914640551816912,3704.829467765725,False,False,False,0.25210825207531007,487.829467765725,False,False,False,-2.0,2025-03-03,0DTE,ba227282046f8175d0100fba965ad480a3d2a5b278ca8f0b49800cb8a25ec991,-1620000000000,1741012380000000000,0.08535944818308787,165.17053223427502,False,False,False,False,rth,1741012380000000000,5.834017181945172,top_gamma,QQQ:2025-03-03:top_gamma:3:514.0,20640000000000,1741034640000000000,1.7478917479246898,3382.170532234275,False,False,False,True,rth,1741034640000000000,ok,21162.29263305857,1758632,3,41.1717755506976,QQQ,0.08535944818308787,165.17053223427502,False,False,False,1.7478917479246898,3382.170532234275,False,False,False,483.75,baseline_proxy_not_known_inventory,,506.31,514.0,mid,2025
5955543238.058224,1741014000000000000,1351,0.042728723187236604,82.68007936730282,False,False,False,1.7052610229288387,3299.680079367303,False,False,False,2.0,2025-03-03,0DTE,ba227282046f8175d0100fba965ad480a3d2a5b278ca8f0b49800cb8a25ec991,-1620000000000,1741012380000000000,1.9572712768127634,3787.319920632697,False,False,False,False,rth,1741012380000000000,5.834017181945172,top_vanna,QQQ:2025-03-03:top_vanna:1:490.0,20640000000000,1741034640000000000,0.2947389770711613,570.3199206326972,False,False,False,True,rth,1741034640000000000,ok,20174.170019841826,1758632,1,41.1717755506976,QQQ,1.9572712768127634,3787.319920632697,False,False,False,0.2947389770711613,570.3199206326972,False,False,False,483.75,baseline_proxy_not_known_inventory,,506.31,490.0,mid,2025
5955543238.058224,1741014000000000000,1351,2.085359448183088,4035.170532234275,False,False,False,3.74789174792469,7252.170532234275,False,False,False,2.0,2025-03-03,0DTE,ba227282046f8175d0100fba965ad480a3d2a5b278ca8f0b49800cb8a25ec991,-1620000000000,1741012380000000000,0.08535944818308787,165.17053223427502,False,False,False,False,rth,1741012380000000000,5.834017181945172,top_vanna,QQQ:2025-03-03:top_vanna:2:514.0,20640000000000,1741034640000000000,1.7478917479246898,3382.170532234275,False,False,False,True,rth,1741034640000000000,ok,21162.29263305857,1758632,2,41.1717755506976,QQQ,0.08535944818308787,165.17053223427502,False,False,False,1.7478917479246898,3382.170532234275,False,False,False,483.75,baseline_proxy_not_known_inventory,,506.31,514.0,mid,2025
5955543238.058224,1741014000000000000,1351,2.2555786752660767,4364.5447366398585,False,False,False,3.9181109750076786,7581.5447366398585,False,False,False,2.0,2025-03-03,0DTE,ba227282046f8175d0100fba965ad480a3d2a5b278ca8f0b49800cb8a25ec991,-1620000000000,1741012380000000000,0.25557867526607675,494.54473663985846,False,False,False,False,rth,1741012380000000000,5.834017181945172,top_vanna,QQQ:2025-03-03:top_vanna:3:516.0,20640000000000,1741034640000000000,1.9181109750076788,3711.5447366398585,False,False,False,True,rth,1741034640000000000,ok,21244.636184159965,1758632,3,41.1717755506976,QQQ,0.25557867526607675,494.54473663985846,False,False,False,1.9181109750076788,3711.5447366398585,False,False,False,483.75,baseline_proxy_not_known_inventory,,506.31,516.0,mid,2025
5955543238.058224,1741014000000000000,1351,0.9572712768127634,1852.3199206326972,False,False,False,0.7052610229288386,1364.6800793673028,False,False,False,1.0,2025-03-03,0DTE,ba227282046f8175d0100fba965ad480a3d2a5b278ca8f0b49800cb8a25ec991,-1620000000000,1741012380000000000,1.9572712768127634,3787.319920632697,False,False,False,False,rth,1741012380000000000,5.834017181945172,top_vega,QQQ:2025-03-03:top_vega:1:490.0,20640000000000,1741034640000000000,0.2947389770711613,570.3199206326972,False,False,False,True,rth,1741034640000000000,ok,20174.170019841826,1758632,1,41.1717755506976,QQQ,1.9572712768127634,3787.319920632697,False,False,False,0.2947389770711613,570.3199206326972,False,False,False,483.75,baseline_proxy_not_known_inventory,,506.31,490.0,mid,2025
5955543238.058224,1741014000000000000,1351,1.5747017669341212,3047.0479190175247,False,False,False,3.2372340666757236,6264.047919017525,False,False,False,2.0,2025-03-03,0DTE,ba227282046f8175d0100fba965ad480a3d2a5b278ca8f0b49800cb8a25ec991,-1620000000000,1741012380000000000,0.4252982330658787,822.9520809824753,False,False,False,False,rth,1741012380000000000,5.834017181945172,top_vega,QQQ:2025-03-03:top_vega:2:508.0,20640000000000,1741034640000000000,1.2372340666757233,2394.0479190175247,False,False,False,True,rth,1741034640000000000,ok,20915.26197975438,1758632,2,41.1717755506976,QQQ,0.4252982330658787,822.9520809824753,False,False,False,1.2372340666757233,2394.0479190175247,False,False,False,483.75,baseline_proxy_not_known_inventory,,506.31,508.0,mid,2025
5955543238.058224,1741014000000000000,1351,2.70194243618828,5228.258614024322,False,False,False,1.0394101364466781,2011.258614024322,False,False,False,-1.0,2025-03-03,0DTE,ba227282046f8175d0100fba965ad480a3d2a5b278ca8f0b49800cb8a25ec991,-1620000000000,1741012380000000000,1.70194243618828,3293.258614024322,False,False,False,False,rth,1741012380000000000,5.834017181945172,top_vega,QQQ:2025-03-03:top_vega:3:493.0,20640000000000,1741034640000000000,0.03941013644667804,76.25861402432201,False,False,False,True,rth,1741034640000000000,ok,20297.68534649392,1758632,3,41.1717755506976,QQQ,1.70194243618828,3293.258614024322,False,False,False,0.03941013644667804,76.25861402432201,False,False,False,483.75,baseline_proxy_not_known_inventory,,506.31,493.0,mid,2025
13274911395.823261,1767366000000000000,1329,1.6220760427680538,1605.8552823403734,False,False,False,0.5536815329895218,548.1447176596266,False,False,False,-1.0,2026-01-02,0DTE,8ac43f71e56842bc2dea7a934b3e4ba44861db84da5341bc7d4d7ea6beb01171,-600000000000,1767365400000000000,0.622076042768054,615.8552823403734,False,False,False,False,rth,1767365400000000000,2.876813855103245,key_gamma,QQQ:2026-01-02:key_gamma:1:619.0,13800000000000,1767379800000000000,1.553681532989522,1538.1447176596266,False,False,False,True,rth,1767379800000000000,ok,25649.786179414907,2278234,1,41.437457478860914,QQQ,0.622076042768054,615.8552823403734,False,False,False,1.553681532989522,1538.1447176596266,False,False,False,247.5,baseline_proxy_not_known_inventory,2211760288.1139092,621.19,619.0,low,2026
13274911395.823261,1767366000000000000,1329,2.622076042768054,2595.8552823403734,False,False,False,0.44631846701047817,441.8552823403734,False,False,False,-2.0,2026-01-02,0DTE,8ac43f71e56842bc2dea7a934b3e4ba44861db84da5341bc7d4d7ea6beb01171,-600000000000,1767365400000000000,0.622076042768054,615.8552823403734,False,False,False,False,rth,1767365400000000000,2.876813855103245,call_wall,QQQ:2026-01-02:call_wall:1:619.0,13800000000000,1767379800000000000,1.553681532989522,1538.1447176596266,False,False,False,True,rth,1767379800000000000,ok,25649.786179414907,2278234,1,41.437457478860914,QQQ,0.622076042768054,615.8552823403734,False,False,False,1.553681532989522,1538.1447176596266,False,False,False,247.5,baseline_proxy_not_known_inventory,2211760288.1139092,621.19,619.0,low,2026
13274911395.823261,1767366000000000000,1329,1.2104998866102754,1198.3948877441726,False,False,False,3.386257462367851,3352.3948877441726,False,False,False,2.0,2026-01-02,0DTE,8ac43f71e56842bc2dea7a934b3e4ba44861db84da5341bc7d4d7ea6beb01171,-600000000000,1767365400000000000,0.7895001133897247,781.6051122558274,False,False,False,False,rth,1767365400000000000,2.876813855103245,put_wall,QQQ:2026-01-02:put_wall:1:618.0,13800000000000,1767379800000000000,1.3862574623678512,1372.3948877441726,False,False,False,True,rth,1767379800000000000,ok,25608.348721936043,2278234,1,41.437457478860914,QQQ,0.7895001133897247,781.6051122558274,False,False,False,1.3862574623678512,1372.3948877441726,False,False,False,247.5,baseline_proxy_not_known_inventory,-963735180.42975,621.19,618.0,low,2026
13274911395.823261,1767366000000000000,1329,0.5408036041236365,535.3955680824001,False,False,False,2.716561179881212,2689.3955680824,False,False,False,2.0,2026-01-02,0DTE,8ac43f71e56842bc2dea7a934b3e4ba44861db84da5341bc7d4d7ea6beb01171,-600000000000,1767365400000000000,1.4591963958763634,1444.6044319175999,False,False,False,False,rth,1767365400000000000,2.876813855103245,gamma_flip,QQQ:2026-01-02:gamma_flip:1:614.0,13800000000000,1767379800000000000,0.7165611798812123,709.3955680824001,False,False,False,True,rth,1767379800000000000,ok,25442.5988920206,2278234,1,41.437457478860914,QQQ,1.4591963958763634,1444.6044319175999,False,False,False,0.7165611798812123,709.3955680824001,False,False,False,247.5,baseline_proxy_not_known_inventory,,621.19,614.0,low,2026
13274911395.823261,1767366000000000000,1329,1.6220760427680538,1605.8552823403734,False,False,False,0.5536815329895218,548.1447176596266,False,False,False,-1.0,2026-01-02,0DTE,8ac43f71e56842bc2dea7a934b3e4ba44861db84da5341bc7d4d7ea6beb01171,-600000000000,1767365400000000000,0.622076042768054,615.8552823403734,False,False,False,False,rth,1767365400000000000,2.876813855103245,max_pain,QQQ:2026-01-02:max_pain:1:619.0,13800000000000,1767379800000000000,1.553681532989522,1538.1447176596266,False,False,False,True,rth,1767379800000000000,ok,25649.786179414907,2278234,1,41.437457478860914,QQQ,0.622076042768054,615.8552823403734,False,False,False,1.553681532989522,1538.1447176596266,False,False,False,247.5,baseline_proxy_not_known_inventory,,621.19,619.0,low,2026
13274911395.823261,1767366000000000000,1329,1.3779239572319462,1364.1447176596266,False,False,False,3.553681532989522,3518.1447176596266,False,False,False,2.0,2026-01-02,0DTE,8ac43f71e56842bc2dea7a934b3e4ba44861db84da5341bc7d4d7ea6beb01171,-600000000000,1767365400000000000,0.622076042768054,615.8552823403734,False,False,False,False,rth,1767365400000000000,2.876813855103245,top_gamma,QQQ:2026-01-02:top_gamma:1:619.0,13800000000000,1767379800000000000,1.553681532989522,1538.1447176596266,False,False,False,True,rth,1767379800000000000,ok,25649.786179414907,2278234,1,41.437457478860914,QQQ,0.622076042768054,615.8552823403734,False,False,False,1.553681532989522,1538.1447176596266,False,False,False,247.5,baseline_proxy_not_known_inventory,,621.19,619.0,low,2026
13274911395.823261,1767366000000000000,1329,1.7895001133897246,1771.6051122558274,False,False,False,0.3862574623678511,382.3948877441726,False,False,False,-1.0,2026-01-02,0DTE,8ac43f71e56842bc2dea7a934b3e4ba44861db84da5341bc7d4d7ea6beb01171,-600000000000,1767365400000000000,0.7895001133897247,781.6051122558274,False,False,False,False,rth,1767365400000000000,2.876813855103245,top_gamma,QQQ:2026-01-02:top_gamma:2:618.0,13800000000000,1767379800000000000,1.3862574623678512,1372.3948877441726,False,False,False,True,rth,1767379800000000000,ok,25608.348721936043,2278234,2,41.437457478860914,QQQ,0.7895001133897247,781.6051122558274,False,False,False,1.3862574623678512,1372.3948877441726,False,False,False,247.5,baseline_proxy_not_known_inventory,,621.19,618.0,low,2026
13274911395.823261,1767366000000000000,1329,1.047620239718585,1037.144037321399,False,False,False,3.2233778154761605,3191.144037321399,False,False,False,1.0,2026-01-02,0DTE,8ac43f71e56842bc2dea7a934b3e4ba44861db84da5341bc7d4d7ea6beb01171,-600000000000,1767365400000000000,0.04762023971858493,47.14403732139908,False,False,False,False,rth,1767365400000000000,2.876813855103245,top_gamma,QQQ:2026-01-02:top_gamma:3:623.0,13800000000000,1767379800000000000,2.2233778154761605,2201.144037321399,False,False,False,True,rth,1767379800000000000,ok,25815.53600933035,2278234,3,41.437457478860914,QQQ,0.04762023971858493,47.14403732139908,False,False,False,2.2233778154761605,2201.144037321399,False,False,False,247.5,baseline_proxy_not_known_inventory,,621.19,623.0,low,2026
13274911395.823261,1767366000000000000,1329,1.7895001133897246,1771.6051122558274,False,False,False,0.3862574623678511,382.3948877441726,False,False,False,-1.0,2026-01-02,0DTE,8ac43f71e56842bc2dea7a934b3e4ba44861db84da5341bc7d4d7ea6beb01171,-600000000000,1767365400000000000,0.7895001133897247,781.6051122558274,False,False,False,False,rth,1767365400000000000,2.876813855103245,top_vanna,QQQ:2026-01-02:top_vanna:1:618.0,13800000000000,1767379800000000000,1.3862574623678512,1372.3948877441726,False,False,False,True,rth,1767379800000000000,ok,25608.348721936043,2278234,1,41.437457478860914,QQQ,0.7895001133897247,781.6051122558274,False,False,False,1.3862574623678512,1372.3948877441726,False,False,False,247.5,baseline_proxy_not_known_inventory,,621.19,618.0,low,2026
13274911395.823261,1767366000000000000,1329,2.622076042768054,2595.8552823403734,False,False,False,0.44631846701047817,441.8552823403734,False,False,False,-2.0,2026-01-02,0DTE,8ac43f71e56842bc2dea7a934b3e4ba44861db84da5341bc7d4d7ea6beb01171,-600000000000,1767365400000000000,0.622076042768054,615.8552823403734,False,False,False,False,rth,1767365400000000000,2.876813855103245,top_vanna,QQQ:2026-01-02:top_vanna:2:619.0,13800000000000,1767379800000000000,1.553681532989522,1538.1447176596266,False,False,False,True,rth,1767379800000000000,ok,25649.786179414907,2278234,2,41.437457478860914,QQQ,0.622076042768054,615.8552823403734,False,False,False,1.553681532989522,1538.1447176596266,False,False,False,247.5,baseline_proxy_not_known_inventory,,621.19,619.0,low,2026
13274911395.823261,1767366000000000000,1329,0.9614686077413463,951.8539216639329,False,False,False,1.2142889680162294,1202.1460783360671,False,False,False,1.0,2026-01-02,0DTE,8ac43f71e56842bc2dea7a934b3e4ba44861db84da5341bc7d4d7ea6beb01171,-600000000000,1767365400000000000,1.9614686077413463,1941.8539216639329,False,False,False,False,rth,1767365400000000000,2.876813855103245,top_vanna,QQQ:2026-01-02:top_vanna:3:611.0,13800000000000,1767379800000000000,0.21428896801622943,212.14607833606715,False,False,False,True,rth,1767379800000000000,ok,25318.286519584017,2278234,3,41.437457478860914,QQQ,1.9614686077413463,1941.8539216639329,False,False,False,0.21428896801622943,212.14607833606715,False,False,False,247.5,baseline_proxy_not_known_inventory,,621.19,611.0,low,2026
13274911395.823261,1767366000000000000,1329,1.2104998866102754,1198.3948877441726,False,False,False,3.386257462367851,3352.3948877441726,False,False,False,2.0,2026-01-02,0DTE,8ac43f71e56842bc2dea7a934b3e4ba44861db84da5341bc7d4d7ea6beb01171,-600000000000,1767365400000000000,0.7895001133897247,781.6051122558274,False,False,False,False,rth,1767365400000000000,2.876813855103245,top_vega,QQQ:2026-01-02:top_vega:1:618.0,13800000000000,1767379800000000000,1.3862574623678512,1372.3948877441726,False,False,False,True,rth,1767379800000000000,ok,25608.348721936043,2278234,1,41.437457478860914,QQQ,0.7895001133897247,781.6051122558274,False,False,False,1.3862574623678512,1372.3948877441726,False,False,False,247.5,baseline_proxy_not_known_inventory,,621.19,618.0,low,2026
13274911395.823261,1767366000000000000,1329,2.0476202397185848,2027.144037321399,False,False,False,4.2233778154761605,4181.144037321399,False,False,False,2.0,2026-01-02,0DTE,8ac43f71e56842bc2dea7a934b3e4ba44861db84da5341bc7d4d7ea6beb01171,-600000000000,1767365400000000000,0.04762023971858493,47.14403732139908,False,False,False,False,rth,1767365400000000000,2.876813855103245,top_vega,QQQ:2026-01-02:top_vega:2:623.0,13800000000000,1767379800000000000,2.2233778154761605,2201.144037321399,False,False,False,True,rth,1767379800000000000,ok,25815.53600933035,2278234,2,41.437457478860914,QQQ,0.04762023971858493,47.14403732139908,False,False,False,2.2233778154761605,2201.144037321399,False,False,False,247.5,baseline_proxy_not_known_inventory,,621.19,623.0,low,2026
13274911395.823261,1767366000000000000,1329,2.9569241840113807,2927.354942171267,False,False,False,0.7811666082538049,773.3549421712669,False,False,False,-2.0,2026-01-02,0DTE,8ac43f71e56842bc2dea7a934b3e4ba44861db84da5341bc7d4d7ea6beb01171,-600000000000,1767365400000000000,0.9569241840113807,947.3549421712669,False,False,False,False,rth,1767365400000000000,2.876813855103245,top_vega,QQQ:2026-01-02:top_vega:3:617.0,13800000000000,1767379800000000000,1.218833391746195,1206.6450578287331,False,False,False,True,rth,1767379800000000000,ok,25566.911264457183,2278234,3,41.437457478860914,QQQ,0.9569241840113807,947.3549421712669,False,False,False,1.218833391746195,1206.6450578287331,False,False,False,247.5,baseline_proxy_not_known_inventory,,621.19,617.0,low,2026
