{"event": "manifest_ready", "run_id": "1e13829f2c88f1e1", "run_root": "/workspace/implementation/reports/research-work/P15-16A/1e13829f2c88f1e1", "manifest_sha256": "1e13829f2c88f1e19d09704094213260080b14095b0ecce9ed3fd27ad6b30bc7", "n_dates": 1742, "n_branches": 39, "job_count": 67938, "workers": 12, "cgroup_worker_count": 17, "cpu_quota_us": 1785000, "cpu_period_us": 100000, "cpu_quota_cpus": 17.85}
{"event": "run_started", "declared_sessions": 1742, "pending": 1742, "workers": 12, "run_id": "1e13829f2c88f1e1"}
{"event": "date_completed", "date": "2020-01-01", "ok": true, "resumed": false, "wall_seconds": 14.0492, "error": null, "completed": 1, "failed": 0, "remaining": 1741}
{"event": "date_completed", "date": "2020-01-17", "ok": true, "resumed": false, "wall_seconds": 19.7999, "error": null, "completed": 2, "failed": 0, "remaining": 1740}
{"event": "date_completed", "date": "2020-01-07", "ok": true, "resumed": false, "wall_seconds": 34.8595, "error": null, "completed": 3, "failed": 0, "remaining": 1739}
{"event": "date_completed", "date": "2020-01-09", "ok": true, "resumed": false, "wall_seconds": 35.1014, "error": null, "completed": 4, "failed": 0, "remaining": 1738}
{"event": "date_completed", "date": "2020-01-10", "ok": true, "resumed": false, "wall_seconds": 35.3308, "error": null, "completed": 5, "failed": 0, "remaining": 1737}
{"event": "date_completed", "date": "2020-01-15", "ok": true, "resumed": false, "wall_seconds": 36.7816, "error": null, "completed": 6, "failed": 0, "remaining": 1736}
{"event": "date_completed", "date": "2020-01-14", "ok": true, "resumed": false, "wall_seconds": 36.9904, "error": null, "completed": 7, "failed": 0, "remaining": 1735}
{"event": "date_completed", "date": "2020-01-16", "ok": true, "resumed": false, "wall_seconds": 37.2216, "error": null, "completed": 8, "failed": 0, "remaining": 1734}
{"event": "date_completed", "date": "2020-01-03", "ok": true, "resumed": false, "wall_seconds": 39.0102, "error": null, "completed": 9, "failed": 0, "remaining": 1733}
{"event": "date_completed", "date": "2020-01-02", "ok": true, "resumed": false, "wall_seconds": 39.0745, "error": null, "completed": 10, "failed": 0, "remaining": 1732}
{"event": "date_completed", "date": "2020-01-06", "ok": true, "resumed": false, "wall_seconds": 40.3575, "error": null, "completed": 11, "failed": 0, "remaining": 1731}
{"event": "date_completed", "date": "2020-01-13", "ok": true, "resumed": false, "wall_seconds": 40.7828, "error": null, "completed": 12, "failed": 0, "remaining": 1730}
{"event": "date_completed", "date": "2020-01-20", "ok": true, "resumed": false, "wall_seconds": 14.3137, "error": null, "completed": 13, "failed": 0, "remaining": 1729}
{"event": "date_completed", "date": "2020-01-08", "ok": true, "resumed": false, "wall_seconds": 51.3227, "error": null, "completed": 14, "failed": 0, "remaining": 1728}
{"event": "date_completed", "date": "2020-01-22", "ok": true, "resumed": false, "wall_seconds": 24.4193, "error": null, "completed": 15, "failed": 0, "remaining": 1727}
{"event": "date_completed", "date": "2020-01-23", "ok": true, "resumed": false, "wall_seconds": 24.5426, "error": null, "completed": 16, "failed": 0, "remaining": 1726}
{"event": "date_completed", "date": "2020-01-29", "ok": true, "resumed": false, "wall_seconds": 27.3693, "error": null, "completed": 17, "failed": 0, "remaining": 1725}
{"event": "date_completed", "date": "2020-02-03", "ok": true, "resumed": false, "wall_seconds": 28.7149, "error": null, "completed": 18, "failed": 0, "remaining": 1724}
{"event": "date_completed", "date": "2020-01-28", "ok": true, "resumed": false, "wall_seconds": 32.4172, "error": null, "completed": 19, "failed": 0, "remaining": 1723}
{"event": "date_completed", "date": "2020-01-21", "ok": true, "resumed": false, "wall_seconds": 37.2305, "error": null, "completed": 20, "failed": 0, "remaining": 1722}
{"event": "date_completed", "date": "2020-01-24", "ok": true, "resumed": false, "wall_seconds": 35.5232, "error": null, "completed": 21, "failed": 0, "remaining": 1721}
{"event": "date_completed", "date": "2020-01-30", "ok": true, "resumed": false, "wall_seconds": 33.9707, "error": null, "completed": 22, "failed": 0, "remaining": 1720}
{"event": "date_completed", "date": "2020-01-31", "ok": true, "resumed": false, "wall_seconds": 37.6121, "error": null, "completed": 23, "failed": 0, "remaining": 1719}
{"event": "date_completed", "date": "2020-02-04", "ok": true, "resumed": false, "wall_seconds": 31.1677, "error": null, "completed": 24, "failed": 0, "remaining": 1718}
{"event": "date_completed", "date": "2020-01-27", "ok": true, "resumed": false, "wall_seconds": 44.202, "error": null, "completed": 25, "failed": 0, "remaining": 1717}
{"event": "date_completed", "date": "2020-02-06", "ok": true, "resumed": false, "wall_seconds": 21.6084, "error": null, "completed": 26, "failed": 0, "remaining": 1716}
{"event": "date_completed", "date": "2020-02-05", "ok": true, "resumed": false, "wall_seconds": 31.6081, "error": null, "completed": 27, "failed": 0, "remaining": 1715}
{"event": "date_completed", "date": "2020-02-07", "ok": true, "resumed": false, "wall_seconds": 24.5485, "error": null, "completed": 28, "failed": 0, "remaining": 1714}
{"event": "date_completed", "date": "2020-02-17", "ok": true, "resumed": false, "wall_seconds": 14.1704, "error": null, "completed": 29, "failed": 0, "remaining": 1713}
{"event": "date_completed", "date": "2020-02-12", "ok": true, "resumed": false, "wall_seconds": 24.5825, "error": null, "completed": 30, "failed": 0, "remaining": 1712}
{"event": "date_completed", "date": "2020-02-10", "ok": true, "resumed": false, "wall_seconds": 29.1515, "error": null, "completed": 31, "failed": 0, "remaining": 1711}
{"event": "date_completed", "date": "2020-02-14", "ok": true, "resumed": false, "wall_seconds": 23.5386, "error": null, "completed": 32, "failed": 0, "remaining": 1710}
{"event": "date_completed", "date": "2020-02-11", "ok": true, "resumed": false, "wall_seconds": 27.8017, "error": null, "completed": 33, "failed": 0, "remaining": 1709}
{"event": "date_completed", "date": "2020-02-13", "ok": true, "resumed": false, "wall_seconds": 29.8572, "error": null, "completed": 34, "failed": 0, "remaining": 1708}
{"event": "date_completed", "date": "2020-02-19", "ok": true, "resumed": false, "wall_seconds": 23.5723, "error": null, "completed": 35, "failed": 0, "remaining": 1707}
{"event": "date_completed", "date": "2020-02-18", "ok": true, "resumed": false, "wall_seconds": 25.9903, "error": null, "completed": 36, "failed": 0, "remaining": 1706}
{"event": "date_completed", "date": "2020-02-20", "ok": true, "resumed": false, "wall_seconds": 33.2069, "error": null, "completed": 37, "failed": 0, "remaining": 1705}
{"event": "date_completed", "date": "2020-02-21", "ok": true, "resumed": false, "wall_seconds": 33.5633, "error": null, "completed": 38, "failed": 0, "remaining": 1704}
{"event": "date_failed", "date": "2020-03-09", "ok": false, "resumed": null, "wall_seconds": 7.0989, "error": "KeyError: 'upper_band'", "completed": 38, "failed": 1, "remaining": 1703}
{"event": "date_completed", "date": "2020-02-24", "ok": true, "resumed": false, "wall_seconds": 46.8486, "error": null, "completed": 39, "failed": 1, "remaining": 1702}
{"event": "date_completed", "date": "2020-03-04", "ok": true, "resumed": false, "wall_seconds": 46.2067, "error": null, "completed": 40, "failed": 1, "remaining": 1701}
{"event": "date_completed", "date": "2020-02-26", "ok": true, "resumed": false, "wall_seconds": 65.2806, "error": null, "completed": 41, "failed": 1, "remaining": 1700}
{"event": "date_completed", "date": "2020-03-05", "ok": true, "resumed": false, "wall_seconds": 55.2338, "error": null, "completed": 42, "failed": 1, "remaining": 1699}
{"event": "date_failed", "date": "2020-03-16", "ok": false, "resumed": null, "wall_seconds": 6.6285, "error": "KeyError: 'upper_band'", "completed": 42, "failed": 2, "remaining": 1698}
{"event": "date_completed", "date": "2020-03-06", "ok": true, "resumed": false, "wall_seconds": 57.4013, "error": null, "completed": 43, "failed": 2, "remaining": 1697}
{"event": "date_failed", "date": "2020-03-18", "ok": false, "resumed": null, "wall_seconds": 5.6007, "error": "KeyError: 'upper_band'", "completed": 43, "failed": 3, "remaining": 1696}
{"event": "date_failed", "date": "2020-03-17", "ok": false, "resumed": null, "wall_seconds": 7.0494, "error": "KeyError: 'upper_band'", "completed": 43, "failed": 4, "remaining": 1695}
{"event": "date_completed", "date": "2020-03-10", "ok": true, "resumed": false, "wall_seconds": 57.6656, "error": null, "completed": 44, "failed": 4, "remaining": 1694}
{"event": "date_completed", "date": "2020-02-25", "ok": true, "resumed": false, "wall_seconds": 89.0013, "error": null, "completed": 45, "failed": 4, "remaining": 1693}
{"event": "date_completed", "date": "2020-03-20", "ok": true, "resumed": false, "wall_seconds": 16.7439, "error": null, "completed": 46, "failed": 4, "remaining": 1692}
{"event": "date_completed", "date": "2020-03-03", "ok": true, "resumed": false, "wall_seconds": 85.0578, "error": null, "completed": 47, "failed": 4, "remaining": 1691}
{"event": "date_completed", "date": "2020-03-11", "ok": true, "resumed": false, "wall_seconds": 62.1441, "error": null, "completed": 48, "failed": 4, "remaining": 1690}
{"event": "date_completed", "date": "2020-03-02", "ok": true, "resumed": false, "wall_seconds": 91.0249, "error": null, "completed": 49, "failed": 4, "remaining": 1689}
{"event": "date_completed", "date": "2020-03-12", "ok": true, "resumed": false, "wall_seconds": 63.517, "error": null, "completed": 50, "failed": 4, "remaining": 1688}
{"event": "date_completed", "date": "2020-03-13", "ok": true, "resumed": false, "wall_seconds": 55.8005, "error": null, "completed": 51, "failed": 4, "remaining": 1687}
{"event": "date_completed", "date": "2020-03-19", "ok": true, "resumed": false, "wall_seconds": 44.963, "error": null, "completed": 52, "failed": 4, "remaining": 1686}
{"event": "date_completed", "date": "2020-03-27", "ok": true, "resumed": false, "wall_seconds": 24.8001, "error": null, "completed": 53, "failed": 4, "remaining": 1685}
{"event": "date_completed", "date": "2020-03-25", "ok": true, "resumed": false, "wall_seconds": 36.6268, "error": null, "completed": 54, "failed": 4, "remaining": 1684}
{"event": "date_completed", "date": "2020-03-31", "ok": true, "resumed": false, "wall_seconds": 26.9106, "error": null, "completed": 55, "failed": 4, "remaining": 1683}
{"event": "date_completed", "date": "2020-03-23", "ok": true, "resumed": false, "wall_seconds": 51.8831, "error": null, "completed": 56, "failed": 4, "remaining": 1682}
{"event": "date_completed", "date": "2020-03-30", "ok": true, "resumed": false, "wall_seconds": 34.2163, "error": null, "completed": 57, "failed": 4, "remaining": 1681}
{"event": "date_completed", "date": "2020-02-27", "ok": true, "resumed": false, "wall_seconds": 124.4659, "error": null, "completed": 58, "failed": 4, "remaining": 1680}
{"event": "date_completed", "date": "2020-04-01", "ok": true, "resumed": false, "wall_seconds": 25.7495, "error": null, "completed": 59, "failed": 4, "remaining": 1679}
{"event": "date_completed", "date": "2020-03-26", "ok": true, "resumed": false, "wall_seconds": 40.0051, "error": null, "completed": 60, "failed": 4, "remaining": 1678}
{"event": "date_completed", "date": "2020-04-10", "ok": true, "resumed": false, "wall_seconds": 5.1351, "error": null, "completed": 61, "failed": 4, "remaining": 1677}
{"event": "date_completed", "date": "2020-04-02", "ok": true, "resumed": false, "wall_seconds": 26.0139, "error": null, "completed": 62, "failed": 4, "remaining": 1676}
{"event": "date_completed", "date": "2020-04-03", "ok": true, "resumed": false, "wall_seconds": 24.6131, "error": null, "completed": 63, "failed": 4, "remaining": 1675}
{"event": "date_completed", "date": "2020-04-06", "ok": true, "resumed": false, "wall_seconds": 30.2091, "error": null, "completed": 64, "failed": 4, "remaining": 1674}
{"event": "date_completed", "date": "2020-04-07", "ok": true, "resumed": false, "wall_seconds": 28.6521, "error": null, "completed": 65, "failed": 4, "remaining": 1673}
{"event": "date_completed", "date": "2020-04-08", "ok": true, "resumed": false, "wall_seconds": 29.3078, "error": null, "completed": 66, "failed": 4, "remaining": 1672}
{"event": "date_completed", "date": "2020-04-13", "ok": true, "resumed": false, "wall_seconds": 25.5989, "error": null, "completed": 67, "failed": 4, "remaining": 1671}
{"event": "date_completed", "date": "2020-04-15", "ok": true, "resumed": false, "wall_seconds": 24.6684, "error": null, "completed": 68, "failed": 4, "remaining": 1670}
{"event": "date_completed", "date": "2020-04-09", "ok": true, "resumed": false, "wall_seconds": 31.9411, "error": null, "completed": 69, "failed": 4, "remaining": 1669}
{"event": "date_completed", "date": "2020-04-14", "ok": true, "resumed": false, "wall_seconds": 30.6421, "error": null, "completed": 70, "failed": 4, "remaining": 1668}
{"event": "date_completed", "date": "2020-04-17", "ok": true, "resumed": false, "wall_seconds": 23.0328, "error": null, "completed": 71, "failed": 4, "remaining": 1667}
{"event": "date_completed", "date": "2020-04-20", "ok": true, "resumed": false, "wall_seconds": 26.3115, "error": null, "completed": 72, "failed": 4, "remaining": 1666}
{"event": "date_completed", "date": "2020-04-16", "ok": true, "resumed": false, "wall_seconds": 34.3737, "error": null, "completed": 73, "failed": 4, "remaining": 1665}
{"event": "date_completed", "date": "2020-03-24", "ok": true, "resumed": false, "wall_seconds": 85.5386, "error": null, "completed": 74, "failed": 4, "remaining": 1664}
{"event": "date_completed", "date": "2020-04-22", "ok": true, "resumed": false, "wall_seconds": 27.0147, "error": null, "completed": 75, "failed": 4, "remaining": 1663}
{"event": "date_completed", "date": "2020-04-27", "ok": true, "resumed": false, "wall_seconds": 20.2145, "error": null, "completed": 76, "failed": 4, "remaining": 1662}
{"event": "date_completed", "date": "2020-04-24", "ok": true, "resumed": false, "wall_seconds": 23.3519, "error": null, "completed": 77, "failed": 4, "remaining": 1661}
{"event": "date_completed", "date": "2020-04-23", "ok": true, "resumed": false, "wall_seconds": 26.2669, "error": null, "completed": 78, "failed": 4, "remaining": 1660}
{"event": "date_completed", "date": "2020-04-21", "ok": true, "resumed": false, "wall_seconds": 32.55, "error": null, "completed": 79, "failed": 4, "remaining": 1659}
{"event": "date_completed", "date": "2020-04-28", "ok": true, "resumed": false, "wall_seconds": 22.1563, "error": null, "completed": 80, "failed": 4, "remaining": 1658}
{"event": "date_completed", "date": "2020-02-28", "ok": true, "resumed": false, "wall_seconds": 177.2791, "error": null, "completed": 81, "failed": 4, "remaining": 1657}
{"event": "date_completed", "date": "2020-04-30", "ok": true, "resumed": false, "wall_seconds": 20.9544, "error": null, "completed": 82, "failed": 4, "remaining": 1656}
{"event": "date_completed", "date": "2020-04-29", "ok": true, "resumed": false, "wall_seconds": 32.4072, "error": null, "completed": 83, "failed": 4, "remaining": 1655}
{"event": "date_completed", "date": "2020-05-01", "ok": true, "resumed": false, "wall_seconds": 25.0508, "error": null, "completed": 84, "failed": 4, "remaining": 1654}
{"event": "date_completed", "date": "2020-05-05", "ok": true, "resumed": false, "wall_seconds": 26.9645, "error": null, "completed": 85, "failed": 4, "remaining": 1653}
{"event": "date_failed", "date": "2020-05-15", "ok": false, "resumed": null, "wall_seconds": 12.7874, "error": "UnboundLocalError: cannot access local variable 'price' where it is not associated with a value", "completed": 85, "failed": 5, "remaining": 1652}
{"event": "date_completed", "date": "2020-05-07", "ok": true, "resumed": false, "wall_seconds": 22.0774, "error": null, "completed": 86, "failed": 5, "remaining": 1651}
{"event": "date_completed", "date": "2020-05-08", "ok": true, "resumed": false, "wall_seconds": 21.0794, "error": null, "completed": 87, "failed": 5, "remaining": 1650}
{"event": "date_completed", "date": "2020-05-04", "ok": true, "resumed": false, "wall_seconds": 32.9116, "error": null, "completed": 88, "failed": 5, "remaining": 1649}
{"event": "date_completed", "date": "2020-05-06", "ok": true, "resumed": false, "wall_seconds": 24.7404, "error": null, "completed": 89, "failed": 5, "remaining": 1648}
{"event": "date_completed", "date": "2020-05-11", "ok": true, "resumed": false, "wall_seconds": 23.4901, "error": null, "completed": 90, "failed": 5, "remaining": 1647}
{"event": "date_completed", "date": "2020-05-12", "ok": true, "resumed": false, "wall_seconds": 26.795, "error": null, "completed": 91, "failed": 5, "remaining": 1646}
{"event": "date_completed", "date": "2020-05-14", "ok": true, "resumed": false, "wall_seconds": 30.1149, "error": null, "completed": 92, "failed": 5, "remaining": 1645}
{"event": "date_completed", "date": "2020-05-13", "ok": true, "resumed": false, "wall_seconds": 31.9262, "error": null, "completed": 93, "failed": 5, "remaining": 1644}
{"event": "date_completed", "date": "2020-05-19", "ok": true, "resumed": false, "wall_seconds": 22.1137, "error": null, "completed": 94, "failed": 5, "remaining": 1643}
{"event": "date_completed", "date": "2020-05-18", "ok": true, "resumed": false, "wall_seconds": 25.1506, "error": null, "completed": 95, "failed": 5, "remaining": 1642}
{"event": "date_completed", "date": "2020-05-25", "ok": true, "resumed": false, "wall_seconds": 18.9586, "error": null, "completed": 96, "failed": 5, "remaining": 1641}
{"event": "date_completed", "date": "2020-05-20", "ok": true, "resumed": false, "wall_seconds": 25.7857, "error": null, "completed": 97, "failed": 5, "remaining": 1640}
{"event": "date_completed", "date": "2020-05-21", "ok": true, "resumed": false, "wall_seconds": 25.5938, "error": null, "completed": 98, "failed": 5, "remaining": 1639}
{"event": "date_completed", "date": "2020-05-22", "ok": true, "resumed": false, "wall_seconds": 24.5179, "error": null, "completed": 99, "failed": 5, "remaining": 1638}
{"event": "date_completed", "date": "2020-05-27", "ok": true, "resumed": false, "wall_seconds": 25.2376, "error": null, "completed": 100, "failed": 5, "remaining": 1637}
{"event": "date_completed", "date": "2020-05-26", "ok": true, "resumed": false, "wall_seconds": 25.7315, "error": null, "completed": 101, "failed": 5, "remaining": 1636}
{"event": "date_failed", "date": "2020-06-02", "ok": false, "resumed": null, "wall_seconds": 15.2985, "error": "UnboundLocalError: cannot access local variable 'price' where it is not associated with a value", "completed": 101, "failed": 6, "remaining": 1635}
{"event": "date_completed", "date": "2020-05-28", "ok": true, "resumed": false, "wall_seconds": 27.691, "error": null, "completed": 102, "failed": 6, "remaining": 1634}
{"event": "date_completed", "date": "2020-06-03", "ok": true, "resumed": false, "wall_seconds": 19.8753, "error": null, "completed": 103, "failed": 6, "remaining": 1633}
{"event": "date_completed", "date": "2020-05-29", "ok": true, "resumed": false, "wall_seconds": 30.7153, "error": null, "completed": 104, "failed": 6, "remaining": 1632}
{"event": "date_completed", "date": "2020-06-08", "ok": true, "resumed": false, "wall_seconds": 20.5734, "error": null, "completed": 105, "failed": 6, "remaining": 1631}
{"event": "date_completed", "date": "2020-06-04", "ok": true, "resumed": false, "wall_seconds": 26.0002, "error": null, "completed": 106, "failed": 6, "remaining": 1630}
{"event": "date_completed", "date": "2020-06-09", "ok": true, "resumed": false, "wall_seconds": 25.1667, "error": null, "completed": 107, "failed": 6, "remaining": 1629}
{"event": "date_completed", "date": "2020-06-10", "ok": true, "resumed": false, "wall_seconds": 24.3605, "error": null, "completed": 108, "failed": 6, "remaining": 1628}
{"event": "date_completed", "date": "2020-06-05", "ok": true, "resumed": false, "wall_seconds": 33.16, "error": null, "completed": 109, "failed": 6, "remaining": 1627}
{"event": "date_completed", "date": "2020-06-16", "ok": true, "resumed": false, "wall_seconds": 20.7466, "error": null, "completed": 110, "failed": 6, "remaining": 1626}
{"event": "date_completed", "date": "2020-06-01", "ok": true, "resumed": false, "wall_seconds": 41.4937, "error": null, "completed": 111, "failed": 6, "remaining": 1625}
{"event": "date_completed", "date": "2020-06-12", "ok": true, "resumed": false, "wall_seconds": 29.5656, "error": null, "completed": 112, "failed": 6, "remaining": 1624}
{"event": "date_completed", "date": "2020-06-15", "ok": true, "resumed": false, "wall_seconds": 28.1763, "error": null, "completed": 113, "failed": 6, "remaining": 1623}
{"event": "date_completed", "date": "2020-06-19", "ok": true, "resumed": false, "wall_seconds": 15.6845, "error": null, "completed": 114, "failed": 6, "remaining": 1622}
{"event": "date_completed", "date": "2020-06-18", "ok": true, "resumed": false, "wall_seconds": 22.2441, "error": null, "completed": 115, "failed": 6, "remaining": 1621}
{"event": "date_completed", "date": "2020-06-17", "ok": true, "resumed": false, "wall_seconds": 28.4272, "error": null, "completed": 116, "failed": 6, "remaining": 1620}
{"event": "date_completed", "date": "2020-06-11", "ok": true, "resumed": false, "wall_seconds": 38.1281, "error": null, "completed": 117, "failed": 6, "remaining": 1619}
{"event": "date_completed", "date": "2020-06-22", "ok": true, "resumed": false, "wall_seconds": 27.4913, "error": null, "completed": 118, "failed": 6, "remaining": 1618}
{"event": "date_completed", "date": "2020-07-03", "ok": true, "resumed": false, "wall_seconds": 14.2171, "error": null, "completed": 119, "failed": 6, "remaining": 1617}
{"event": "date_failed", "date": "2020-06-30", "ok": false, "resumed": null, "wall_seconds": 19.2501, "error": "ArrowInvalid: Cannot convert nan to Decimal128", "completed": 119, "failed": 7, "remaining": 1616}
{"event": "date_completed", "date": "2020-06-23", "ok": true, "resumed": false, "wall_seconds": 27.5799, "error": null, "completed": 120, "failed": 7, "remaining": 1615}
{"event": "date_completed", "date": "2020-06-24", "ok": true, "resumed": false, "wall_seconds": 27.7285, "error": null, "completed": 121, "failed": 7, "remaining": 1614}
{"event": "date_completed", "date": "2020-06-26", "ok": true, "resumed": false, "wall_seconds": 30.3125, "error": null, "completed": 122, "failed": 7, "remaining": 1613}
{"event": "date_completed", "date": "2020-06-25", "ok": true, "resumed": false, "wall_seconds": 31.0518, "error": null, "completed": 123, "failed": 7, "remaining": 1612}
{"event": "date_completed", "date": "2020-07-01", "ok": true, "resumed": false, "wall_seconds": 25.3174, "error": null, "completed": 124, "failed": 7, "remaining": 1611}
{"event": "date_completed", "date": "2020-06-29", "ok": true, "resumed": false, "wall_seconds": 28.6517, "error": null, "completed": 125, "failed": 7, "remaining": 1610}
{"event": "date_completed", "date": "2020-07-02", "ok": true, "resumed": false, "wall_seconds": 26.004, "error": null, "completed": 126, "failed": 7, "remaining": 1609}
{"event": "date_completed", "date": "2020-07-07", "ok": true, "resumed": false, "wall_seconds": 25.2524, "error": null, "completed": 127, "failed": 7, "remaining": 1608}
{"event": "date_completed", "date": "2020-07-06", "ok": true, "resumed": false, "wall_seconds": 26.3428, "error": null, "completed": 128, "failed": 7, "remaining": 1607}
{"event": "date_completed", "date": "2020-07-08", "ok": true, "resumed": false, "wall_seconds": 24.8505, "error": null, "completed": 129, "failed": 7, "remaining": 1606}
{"event": "date_completed", "date": "2020-07-10", "ok": true, "resumed": false, "wall_seconds": 26.554, "error": null, "completed": 130, "failed": 7, "remaining": 1605}
{"event": "date_completed", "date": "2020-07-21", "ok": true, "resumed": false, "wall_seconds": 23.6369, "error": null, "completed": 131, "failed": 7, "remaining": 1604}
{"event": "date_completed", "date": "2020-07-17", "ok": true, "resumed": false, "wall_seconds": 25.2427, "error": null, "completed": 132, "failed": 7, "remaining": 1603}
{"event": "date_completed", "date": "2020-07-09", "ok": true, "resumed": false, "wall_seconds": 37.167, "error": null, "completed": 133, "failed": 7, "remaining": 1602}
{"event": "date_completed", "date": "2020-07-22", "ok": true, "resumed": false, "wall_seconds": 22.6884, "error": null, "completed": 134, "failed": 7, "remaining": 1601}
{"event": "date_completed", "date": "2020-07-15", "ok": true, "resumed": false, "wall_seconds": 31.6862, "error": null, "completed": 135, "failed": 7, "remaining": 1600}
{"event": "date_completed", "date": "2020-07-20", "ok": true, "resumed": false, "wall_seconds": 30.7346, "error": null, "completed": 136, "failed": 7, "remaining": 1599}
{"event": "date_completed", "date": "2020-07-16", "ok": true, "resumed": false, "wall_seconds": 32.0809, "error": null, "completed": 137, "failed": 7, "remaining": 1598}
{"event": "date_completed", "date": "2020-07-13", "ok": true, "resumed": false, "wall_seconds": 40.9898, "error": null, "completed": 138, "failed": 7, "remaining": 1597}
{"event": "date_completed", "date": "2020-07-14", "ok": true, "resumed": false, "wall_seconds": 42.7778, "error": null, "completed": 139, "failed": 7, "remaining": 1596}
{"event": "date_completed", "date": "2020-07-23", "ok": true, "resumed": false, "wall_seconds": 29.9624, "error": null, "completed": 140, "failed": 7, "remaining": 1595}
{"event": "date_completed", "date": "2020-07-27", "ok": true, "resumed": false, "wall_seconds": 25.789, "error": null, "completed": 141, "failed": 7, "remaining": 1594}
{"event": "date_completed", "date": "2020-07-29", "ok": true, "resumed": false, "wall_seconds": 21.1301, "error": null, "completed": 142, "failed": 7, "remaining": 1593}
{"event": "date_completed", "date": "2020-07-24", "ok": true, "resumed": false, "wall_seconds": 33.8436, "error": null, "completed": 143, "failed": 7, "remaining": 1592}
{"event": "date_completed", "date": "2020-07-28", "ok": true, "resumed": false, "wall_seconds": 22.9571, "error": null, "completed": 144, "failed": 7, "remaining": 1591}
{"event": "date_completed", "date": "2020-08-03", "ok": true, "resumed": false, "wall_seconds": 22.8192, "error": null, "completed": 145, "failed": 7, "remaining": 1590}
{"event": "date_completed", "date": "2020-08-05", "ok": true, "resumed": false, "wall_seconds": 24.4926, "error": null, "completed": 146, "failed": 7, "remaining": 1589}
{"event": "date_completed", "date": "2020-07-31", "ok": true, "resumed": false, "wall_seconds": 27.5355, "error": null, "completed": 147, "failed": 7, "remaining": 1588}
{"event": "date_completed", "date": "2020-08-04", "ok": true, "resumed": false, "wall_seconds": 25.7935, "error": null, "completed": 148, "failed": 7, "remaining": 1587}
{"event": "date_completed", "date": "2020-07-30", "ok": true, "resumed": false, "wall_seconds": 29.4082, "error": null, "completed": 149, "failed": 7, "remaining": 1586}
{"event": "date_completed", "date": "2020-08-06", "ok": true, "resumed": false, "wall_seconds": 25.425, "error": null, "completed": 150, "failed": 7, "remaining": 1585}
{"event": "date_completed", "date": "2020-08-10", "ok": true, "resumed": false, "wall_seconds": 26.671, "error": null, "completed": 151, "failed": 7, "remaining": 1584}
{"event": "date_completed", "date": "2020-08-14", "ok": true, "resumed": false, "wall_seconds": 18.7002, "error": null, "completed": 152, "failed": 7, "remaining": 1583}
{"event": "date_completed", "date": "2020-08-07", "ok": true, "resumed": false, "wall_seconds": 31.2211, "error": null, "completed": 153, "failed": 7, "remaining": 1582}
{"event": "date_completed", "date": "2020-08-11", "ok": true, "resumed": false, "wall_seconds": 25.2378, "error": null, "completed": 154, "failed": 7, "remaining": 1581}
{"event": "date_completed", "date": "2020-08-12", "ok": true, "resumed": false, "wall_seconds": 25.788, "error": null, "completed": 155, "failed": 7, "remaining": 1580}
{"event": "date_completed", "date": "2020-08-13", "ok": true, "resumed": false, "wall_seconds": 26.4557, "error": null, "completed": 156, "failed": 7, "remaining": 1579}
{"event": "date_completed", "date": "2020-08-21", "ok": true, "resumed": false, "wall_seconds": 19.2482, "error": null, "completed": 157, "failed": 7, "remaining": 1578}
{"event": "date_completed", "date": "2020-08-18", "ok": true, "resumed": false, "wall_seconds": 25.4149, "error": null, "completed": 158, "failed": 7, "remaining": 1577}
{"event": "date_completed", "date": "2020-08-19", "ok": true, "resumed": false, "wall_seconds": 25.0483, "error": null, "completed": 159, "failed": 7, "remaining": 1576}
{"event": "date_completed", "date": "2020-08-20", "ok": true, "resumed": false, "wall_seconds": 29.6816, "error": null, "completed": 160, "failed": 7, "remaining": 1575}
{"event": "date_completed", "date": "2020-08-24", "ok": true, "resumed": false, "wall_seconds": 29.001, "error": null, "completed": 161, "failed": 7, "remaining": 1574}
{"event": "date_completed", "date": "2020-08-25", "ok": true, "resumed": false, "wall_seconds": 28.4314, "error": null, "completed": 162, "failed": 7, "remaining": 1573}
{"event": "date_completed", "date": "2020-08-27", "ok": true, "resumed": false, "wall_seconds": 27.1258, "error": null, "completed": 163, "failed": 7, "remaining": 1572}
{"event": "date_completed", "date": "2020-08-28", "ok": true, "resumed": false, "wall_seconds": 26.1001, "error": null, "completed": 164, "failed": 7, "remaining": 1571}
{"event": "date_completed", "date": "2020-08-31", "ok": true, "resumed": false, "wall_seconds": 24.6348, "error": null, "completed": 165, "failed": 7, "remaining": 1570}
{"event": "manifest_ready", "run_id": "1e13829f2c88f1e1", "run_root": "/workspace/implementation/reports/research-work/P15-16A/1e13829f2c88f1e1", "manifest_sha256": "1e13829f2c88f1e19d09704094213260080b14095b0ecce9ed3fd27ad6b30bc7", "n_dates": 1742, "n_branches": 39, "job_count": 67938, "workers": 12, "cgroup_worker_count": 17, "cpu_quota_us": 1785000, "cpu_period_us": 100000, "cpu_quota_cpus": 17.85}
{"event": "manifest_ready", "run_id": "1e13829f2c88f1e1", "run_root": "/workspace/implementation/reports/research-work/P15-16A/1e13829f2c88f1e1", "manifest_sha256": "1e13829f2c88f1e19d09704094213260080b14095b0ecce9ed3fd27ad6b30bc7", "n_dates": 1742, "n_branches": 39, "job_count": 67938, "workers": 12, "cgroup_worker_count": 17, "cpu_quota_us": 1785000, "cpu_period_us": 100000, "cpu_quota_cpus": 17.85}
{"event": "run_started", "declared_sessions": 1742, "pending": 1569, "workers": 12, "run_id": "1e13829f2c88f1e1"}
{"event": "date_completed", "date": "2020-06-02", "ok": true, "resumed": false, "wall_seconds": 25.3842, "error": null, "completed": 174, "failed": 0, "remaining": 1568}
{"event": "date_completed", "date": "2020-05-15", "ok": true, "resumed": false, "wall_seconds": 27.8349, "error": null, "completed": 175, "failed": 0, "remaining": 1567}
{"event": "date_completed", "date": "2020-06-30", "ok": true, "resumed": false, "wall_seconds": 28.0897, "error": null, "completed": 176, "failed": 0, "remaining": 1566}
{"event": "date_completed", "date": "2020-09-15", "ok": true, "resumed": false, "wall_seconds": 4.8921, "error": null, "completed": 177, "failed": 0, "remaining": 1565}
{"event": "date_completed", "date": "2020-09-08", "ok": true, "resumed": false, "wall_seconds": 31.4978, "error": null, "completed": 178, "failed": 0, "remaining": 1564}
{"event": "date_completed", "date": "2020-09-18", "ok": true, "resumed": false, "wall_seconds": 4.7799, "error": null, "completed": 179, "failed": 0, "remaining": 1563}
{"event": "date_completed", "date": "2020-09-17", "ok": true, "resumed": false, "wall_seconds": 5.9322, "error": null, "completed": 180, "failed": 0, "remaining": 1562}
{"event": "date_completed", "date": "2020-09-09", "ok": true, "resumed": false, "wall_seconds": 36.4284, "error": null, "completed": 181, "failed": 0, "remaining": 1561}
{"event": "date_completed", "date": "2020-03-18", "ok": true, "resumed": false, "wall_seconds": 38.9674, "error": null, "completed": 182, "failed": 0, "remaining": 1560}
{"event": "date_completed", "date": "2020-09-10", "ok": true, "resumed": false, "wall_seconds": 42.3415, "error": null, "completed": 183, "failed": 0, "remaining": 1559}
{"event": "date_completed", "date": "2020-03-16", "ok": true, "resumed": false, "wall_seconds": 47.1377, "error": null, "completed": 184, "failed": 0, "remaining": 1558}
{"event": "date_completed", "date": "2020-09-03", "ok": true, "resumed": false, "wall_seconds": 52.2999, "error": null, "completed": 185, "failed": 0, "remaining": 1557}
{"event": "date_completed", "date": "2020-09-04", "ok": true, "resumed": false, "wall_seconds": 55.0868, "error": null, "completed": 186, "failed": 0, "remaining": 1556}
{"event": "date_completed", "date": "2020-09-22", "ok": true, "resumed": false, "wall_seconds": 31.6876, "error": null, "completed": 187, "failed": 0, "remaining": 1555}
{"event": "date_completed", "date": "2020-09-29", "ok": true, "resumed": false, "wall_seconds": 22.0128, "error": null, "completed": 188, "failed": 0, "remaining": 1554}
{"event": "date_completed", "date": "2020-03-17", "ok": true, "resumed": false, "wall_seconds": 65.1764, "error": null, "completed": 189, "failed": 0, "remaining": 1553}
{"event": "date_completed", "date": "2020-09-28", "ok": true, "resumed": false, "wall_seconds": 26.2567, "error": null, "completed": 190, "failed": 0, "remaining": 1552}
{"event": "date_completed", "date": "2020-09-23", "ok": true, "resumed": false, "wall_seconds": 33.8267, "error": null, "completed": 191, "failed": 0, "remaining": 1551}
{"event": "date_completed", "date": "2020-09-25", "ok": true, "resumed": false, "wall_seconds": 33.4222, "error": null, "completed": 192, "failed": 0, "remaining": 1550}
{"event": "date_completed", "date": "2020-03-09", "ok": true, "resumed": false, "wall_seconds": 72.5921, "error": null, "completed": 193, "failed": 0, "remaining": 1549}
{"event": "date_completed", "date": "2020-09-21", "ok": true, "resumed": false, "wall_seconds": 42.2874, "error": null, "completed": 194, "failed": 0, "remaining": 1548}
{"event": "date_completed", "date": "2020-09-24", "ok": true, "resumed": false, "wall_seconds": 43.0557, "error": null, "completed": 195, "failed": 0, "remaining": 1547}
{"event": "date_completed", "date": "2020-10-01", "ok": true, "resumed": false, "wall_seconds": 30.3161, "error": null, "completed": 196, "failed": 0, "remaining": 1546}
{"event": "date_completed", "date": "2020-09-30", "ok": true, "resumed": false, "wall_seconds": 35.9991, "error": null, "completed": 197, "failed": 0, "remaining": 1545}
{"event": "date_completed", "date": "2020-10-02", "ok": true, "resumed": false, "wall_seconds": 31.8374, "error": null, "completed": 198, "failed": 0, "remaining": 1544}
{"event": "date_completed", "date": "2020-10-08", "ok": true, "resumed": false, "wall_seconds": 22.0451, "error": null, "completed": 199, "failed": 0, "remaining": 1543}
{"event": "date_completed", "date": "2020-10-05", "ok": true, "resumed": false, "wall_seconds": 26.5259, "error": null, "completed": 200, "failed": 0, "remaining": 1542}
{"event": "date_completed", "date": "2020-10-06", "ok": true, "resumed": false, "wall_seconds": 31.7186, "error": null, "completed": 201, "failed": 0, "remaining": 1541}
{"event": "date_completed", "date": "2020-10-09", "ok": true, "resumed": false, "wall_seconds": 31.9332, "error": null, "completed": 202, "failed": 0, "remaining": 1540}
{"event": "date_completed", "date": "2020-10-07", "ok": true, "resumed": false, "wall_seconds": 34.9308, "error": null, "completed": 203, "failed": 0, "remaining": 1539}
{"event": "date_completed", "date": "2020-10-15", "ok": true, "resumed": false, "wall_seconds": 25.0455, "error": null, "completed": 204, "failed": 0, "remaining": 1538}
{"event": "date_completed", "date": "2020-10-14", "ok": true, "resumed": false, "wall_seconds": 29.9396, "error": null, "completed": 205, "failed": 0, "remaining": 1537}
{"event": "date_completed", "date": "2020-10-13", "ok": true, "resumed": false, "wall_seconds": 36.4479, "error": null, "completed": 206, "failed": 0, "remaining": 1536}
{"event": "date_completed", "date": "2020-10-16", "ok": true, "resumed": false, "wall_seconds": 29.2993, "error": null, "completed": 207, "failed": 0, "remaining": 1535}
{"event": "date_completed", "date": "2020-10-12", "ok": true, "resumed": false, "wall_seconds": 42.1045, "error": null, "completed": 208, "failed": 0, "remaining": 1534}
{"event": "date_completed", "date": "2020-10-19", "ok": true, "resumed": false, "wall_seconds": 32.3017, "error": null, "completed": 209, "failed": 0, "remaining": 1533}
{"event": "date_completed", "date": "2020-10-20", "ok": true, "resumed": false, "wall_seconds": 30.5008, "error": null, "completed": 210, "failed": 0, "remaining": 1532}
{"event": "date_completed", "date": "2020-10-22", "ok": true, "resumed": false, "wall_seconds": 33.8517, "error": null, "completed": 211, "failed": 0, "remaining": 1531}
{"event": "date_completed", "date": "2020-10-23", "ok": true, "resumed": false, "wall_seconds": 28.4547, "error": null, "completed": 212, "failed": 0, "remaining": 1530}
{"event": "date_completed", "date": "2020-10-21", "ok": true, "resumed": false, "wall_seconds": 41.1412, "error": null, "completed": 213, "failed": 0, "remaining": 1529}
{"event": "date_completed", "date": "2020-10-27", "ok": true, "resumed": false, "wall_seconds": 37.8283, "error": null, "completed": 214, "failed": 0, "remaining": 1528}
{"event": "date_completed", "date": "2020-10-29", "ok": true, "resumed": false, "wall_seconds": 38.0357, "error": null, "completed": 215, "failed": 0, "remaining": 1527}
{"event": "date_completed", "date": "2020-10-26", "ok": true, "resumed": false, "wall_seconds": 47.2678, "error": null, "completed": 216, "failed": 0, "remaining": 1526}
{"event": "date_completed", "date": "2020-11-02", "ok": true, "resumed": false, "wall_seconds": 38.5982, "error": null, "completed": 217, "failed": 0, "remaining": 1525}
{"event": "date_completed", "date": "2020-10-30", "ok": true, "resumed": false, "wall_seconds": 44.7793, "error": null, "completed": 218, "failed": 0, "remaining": 1524}
{"event": "date_completed", "date": "2020-10-28", "ok": true, "resumed": false, "wall_seconds": 52.987, "error": null, "completed": 219, "failed": 0, "remaining": 1523}
{"event": "date_completed", "date": "2020-11-03", "ok": true, "resumed": false, "wall_seconds": 45.0677, "error": null, "completed": 220, "failed": 0, "remaining": 1522}
{"event": "date_completed", "date": "2020-11-05", "ok": true, "resumed": false, "wall_seconds": 46.6431, "error": null, "completed": 221, "failed": 0, "remaining": 1521}
{"event": "date_completed", "date": "2020-11-06", "ok": true, "resumed": false, "wall_seconds": 43.9862, "error": null, "completed": 222, "failed": 0, "remaining": 1520}
{"event": "date_completed", "date": "2020-11-09", "ok": true, "resumed": false, "wall_seconds": 56.3748, "error": null, "completed": 223, "failed": 0, "remaining": 1519}
{"event": "date_completed", "date": "2020-11-10", "ok": true, "resumed": false, "wall_seconds": 54.3207, "error": null, "completed": 224, "failed": 0, "remaining": 1518}
{"event": "date_completed", "date": "2020-11-12", "ok": true, "resumed": false, "wall_seconds": 42.4764, "error": null, "completed": 225, "failed": 0, "remaining": 1517}
{"event": "date_completed", "date": "2020-11-11", "ok": true, "resumed": false, "wall_seconds": 45.6456, "error": null, "completed": 226, "failed": 0, "remaining": 1516}
{"event": "date_completed", "date": "2020-11-04", "ok": true, "resumed": false, "wall_seconds": 71.2307, "error": null, "completed": 227, "failed": 0, "remaining": 1515}
{"event": "date_completed", "date": "2020-11-20", "ok": true, "resumed": false, "wall_seconds": 25.2175, "error": null, "completed": 228, "failed": 0, "remaining": 1514}
{"event": "date_completed", "date": "2020-11-18", "ok": true, "resumed": false, "wall_seconds": 36.3202, "error": null, "completed": 229, "failed": 0, "remaining": 1513}
{"event": "date_completed", "date": "2020-11-17", "ok": true, "resumed": false, "wall_seconds": 37.9454, "error": null, "completed": 230, "failed": 0, "remaining": 1512}
{"event": "date_completed", "date": "2020-11-23", "ok": true, "resumed": false, "wall_seconds": 25.7201, "error": null, "completed": 231, "failed": 0, "remaining": 1511}
{"event": "date_completed", "date": "2020-11-26", "ok": true, "resumed": false, "wall_seconds": 15.719, "error": null, "completed": 232, "failed": 0, "remaining": 1510}
{"event": "date_completed", "date": "2020-11-19", "ok": true, "resumed": false, "wall_seconds": 41.9924, "error": null, "completed": 233, "failed": 0, "remaining": 1509}
{"event": "date_completed", "date": "2020-11-25", "ok": true, "resumed": false, "wall_seconds": 21.7712, "error": null, "completed": 234, "failed": 0, "remaining": 1508}
{"event": "date_completed", "date": "2020-11-24", "ok": true, "resumed": false, "wall_seconds": 24.0943, "error": null, "completed": 235, "failed": 0, "remaining": 1507}
{"event": "date_completed", "date": "2020-11-27", "ok": true, "resumed": false, "wall_seconds": 21.9489, "error": null, "completed": 236, "failed": 0, "remaining": 1506}
{"event": "date_completed", "date": "2020-11-13", "ok": true, "resumed": false, "wall_seconds": 60.2247, "error": null, "completed": 237, "failed": 0, "remaining": 1505}
{"event": "date_completed", "date": "2020-11-16", "ok": true, "resumed": false, "wall_seconds": 61.3241, "error": null, "completed": 238, "failed": 0, "remaining": 1504}
{"event": "date_completed", "date": "2020-11-30", "ok": true, "resumed": false, "wall_seconds": 26.1224, "error": null, "completed": 239, "failed": 0, "remaining": 1503}
{"event": "date_completed", "date": "2020-12-03", "ok": true, "resumed": false, "wall_seconds": 21.1746, "error": null, "completed": 240, "failed": 0, "remaining": 1502}
{"event": "date_completed", "date": "2020-12-01", "ok": true, "resumed": false, "wall_seconds": 23.6784, "error": null, "completed": 241, "failed": 0, "remaining": 1501}
{"event": "date_completed", "date": "2020-12-04", "ok": true, "resumed": false, "wall_seconds": 22.6811, "error": null, "completed": 242, "failed": 0, "remaining": 1500}
{"event": "date_completed", "date": "2020-12-02", "ok": true, "resumed": false, "wall_seconds": 25.3736, "error": null, "completed": 243, "failed": 0, "remaining": 1499}
{"event": "date_completed", "date": "2020-12-07", "ok": true, "resumed": false, "wall_seconds": 19.8957, "error": null, "completed": 244, "failed": 0, "remaining": 1498}
{"event": "date_completed", "date": "2020-12-08", "ok": true, "resumed": false, "wall_seconds": 25.5178, "error": null, "completed": 245, "failed": 0, "remaining": 1497}
{"event": "date_completed", "date": "2020-12-11", "ok": true, "resumed": false, "wall_seconds": 19.2208, "error": null, "completed": 246, "failed": 0, "remaining": 1496}
{"event": "date_completed", "date": "2020-12-14", "ok": true, "resumed": false, "wall_seconds": 19.2043, "error": null, "completed": 247, "failed": 0, "remaining": 1495}
{"event": "date_completed", "date": "2020-12-18", "ok": true, "resumed": false, "wall_seconds": 14.3336, "error": null, "completed": 248, "failed": 0, "remaining": 1494}
{"event": "date_completed", "date": "2020-12-25", "ok": true, "resumed": false, "wall_seconds": 3.9113, "error": null, "completed": 249, "failed": 0, "remaining": 1493}
{"event": "date_completed", "date": "2020-12-15", "ok": true, "resumed": false, "wall_seconds": 18.3465, "error": null, "completed": 250, "failed": 0, "remaining": 1492}
{"event": "date_completed", "date": "2020-12-17", "ok": true, "resumed": false, "wall_seconds": 19.0828, "error": null, "completed": 251, "failed": 0, "remaining": 1491}
{"event": "date_completed", "date": "2020-12-09", "ok": true, "resumed": false, "wall_seconds": 29.0494, "error": null, "completed": 252, "failed": 0, "remaining": 1490}
{"event": "date_completed", "date": "2021-01-01", "ok": true, "resumed": false, "wall_seconds": 3.6682, "error": null, "completed": 253, "failed": 0, "remaining": 1489}
{"event": "date_completed", "date": "2020-12-10", "ok": true, "resumed": false, "wall_seconds": 30.7184, "error": null, "completed": 254, "failed": 0, "remaining": 1488}
{"event": "date_completed", "date": "2020-12-23", "ok": true, "resumed": false, "wall_seconds": 18.6829, "error": null, "completed": 255, "failed": 0, "remaining": 1487}
{"event": "date_completed", "date": "2020-12-22", "ok": true, "resumed": false, "wall_seconds": 21.2191, "error": null, "completed": 256, "failed": 0, "remaining": 1486}
{"event": "date_completed", "date": "2020-12-16", "ok": true, "resumed": false, "wall_seconds": 29.8197, "error": null, "completed": 257, "failed": 0, "remaining": 1485}
{"event": "date_completed", "date": "2020-12-21", "ok": true, "resumed": false, "wall_seconds": 26.7292, "error": null, "completed": 258, "failed": 0, "remaining": 1484}
{"event": "date_completed", "date": "2020-12-24", "ok": true, "resumed": false, "wall_seconds": 20.0105, "error": null, "completed": 259, "failed": 0, "remaining": 1483}
{"event": "date_completed", "date": "2020-12-28", "ok": true, "resumed": false, "wall_seconds": 19.68, "error": null, "completed": 260, "failed": 0, "remaining": 1482}
{"event": "date_completed", "date": "2020-12-30", "ok": true, "resumed": false, "wall_seconds": 17.8401, "error": null, "completed": 261, "failed": 0, "remaining": 1481}
{"event": "date_completed", "date": "2020-12-29", "ok": true, "resumed": false, "wall_seconds": 21.3057, "error": null, "completed": 262, "failed": 0, "remaining": 1480}
{"event": "date_completed", "date": "2020-12-31", "ok": true, "resumed": false, "wall_seconds": 19.1949, "error": null, "completed": 263, "failed": 0, "remaining": 1479}
{"event": "date_completed", "date": "2021-01-05", "ok": true, "resumed": false, "wall_seconds": 25.2113, "error": null, "completed": 264, "failed": 0, "remaining": 1478}
{"event": "date_completed", "date": "2021-01-12", "ok": true, "resumed": false, "wall_seconds": 21.4755, "error": null, "completed": 265, "failed": 0, "remaining": 1477}
{"event": "date_completed", "date": "2021-01-07", "ok": true, "resumed": false, "wall_seconds": 26.9525, "error": null, "completed": 266, "failed": 0, "remaining": 1476}
{"event": "date_completed", "date": "2021-01-11", "ok": true, "resumed": false, "wall_seconds": 22.4779, "error": null, "completed": 267, "failed": 0, "remaining": 1475}
{"event": "date_completed", "date": "2021-01-18", "ok": true, "resumed": false, "wall_seconds": 17.4295, "error": null, "completed": 268, "failed": 0, "remaining": 1474}
{"event": "date_completed", "date": "2021-01-14", "ok": true, "resumed": false, "wall_seconds": 21.7284, "error": null, "completed": 269, "failed": 0, "remaining": 1473}
{"event": "date_completed", "date": "2021-01-13", "ok": true, "resumed": false, "wall_seconds": 22.3894, "error": null, "completed": 270, "failed": 0, "remaining": 1472}
{"event": "date_completed", "date": "2021-01-04", "ok": true, "resumed": false, "wall_seconds": 34.3901, "error": null, "completed": 271, "failed": 0, "remaining": 1471}
{"event": "date_completed", "date": "2021-01-08", "ok": true, "resumed": false, "wall_seconds": 31.6163, "error": null, "completed": 272, "failed": 0, "remaining": 1470}
{"event": "date_completed", "date": "2021-01-15", "ok": true, "resumed": false, "wall_seconds": 24.2539, "error": null, "completed": 273, "failed": 0, "remaining": 1469}
{"event": "date_completed", "date": "2021-01-19", "ok": true, "resumed": false, "wall_seconds": 22.8203, "error": null, "completed": 274, "failed": 0, "remaining": 1468}
{"event": "date_completed", "date": "2021-01-06", "ok": true, "resumed": false, "wall_seconds": 46.704, "error": null, "completed": 275, "failed": 0, "remaining": 1467}
{"event": "date_completed", "date": "2021-01-22", "ok": true, "resumed": false, "wall_seconds": 19.2347, "error": null, "completed": 276, "failed": 0, "remaining": 1466}
{"event": "date_completed", "date": "2021-01-21", "ok": true, "resumed": false, "wall_seconds": 20.5664, "error": null, "completed": 277, "failed": 0, "remaining": 1465}
{"event": "date_completed", "date": "2021-01-20", "ok": true, "resumed": false, "wall_seconds": 27.1453, "error": null, "completed": 278, "failed": 0, "remaining": 1464}
{"event": "date_completed", "date": "2021-01-26", "ok": true, "resumed": false, "wall_seconds": 22.2044, "error": null, "completed": 279, "failed": 0, "remaining": 1463}
{"event": "date_completed", "date": "2021-01-25", "ok": true, "resumed": false, "wall_seconds": 27.2985, "error": null, "completed": 280, "failed": 0, "remaining": 1462}
{"event": "date_completed", "date": "2021-02-03", "ok": true, "resumed": false, "wall_seconds": 23.3334, "error": null, "completed": 281, "failed": 0, "remaining": 1461}
{"event": "date_completed", "date": "2021-02-02", "ok": true, "resumed": false, "wall_seconds": 26.3625, "error": null, "completed": 282, "failed": 0, "remaining": 1460}
{"event": "date_completed", "date": "2021-01-29", "ok": true, "resumed": false, "wall_seconds": 34.264, "error": null, "completed": 283, "failed": 0, "remaining": 1459}
{"event": "date_completed", "date": "2021-01-28", "ok": true, "resumed": false, "wall_seconds": 36.5991, "error": null, "completed": 284, "failed": 0, "remaining": 1458}
{"event": "date_completed", "date": "2021-02-08", "ok": true, "resumed": false, "wall_seconds": 20.2325, "error": null, "completed": 285, "failed": 0, "remaining": 1457}
{"event": "date_completed", "date": "2021-02-01", "ok": true, "resumed": false, "wall_seconds": 35.8304, "error": null, "completed": 286, "failed": 0, "remaining": 1456}
{"event": "date_completed", "date": "2021-02-04", "ok": true, "resumed": false, "wall_seconds": 23.5976, "error": null, "completed": 287, "failed": 0, "remaining": 1455}
{"event": "date_completed", "date": "2021-02-05", "ok": true, "resumed": false, "wall_seconds": 25.4635, "error": null, "completed": 288, "failed": 0, "remaining": 1454}
{"event": "date_completed", "date": "2021-02-09", "ok": true, "resumed": false, "wall_seconds": 21.4166, "error": null, "completed": 289, "failed": 0, "remaining": 1453}
{"event": "date_completed", "date": "2021-02-15", "ok": true, "resumed": false, "wall_seconds": 14.4383, "error": null, "completed": 290, "failed": 0, "remaining": 1452}
{"event": "date_completed", "date": "2021-02-10", "ok": true, "resumed": false, "wall_seconds": 25.3684, "error": null, "completed": 291, "failed": 0, "remaining": 1451}
{"event": "date_completed", "date": "2021-01-27", "ok": true, "resumed": false, "wall_seconds": 48.5316, "error": null, "completed": 292, "failed": 0, "remaining": 1450}
{"event": "date_completed", "date": "2021-02-11", "ok": true, "resumed": false, "wall_seconds": 26.2278, "error": null, "completed": 293, "failed": 0, "remaining": 1449}
{"event": "date_completed", "date": "2021-02-12", "ok": true, "resumed": false, "wall_seconds": 24.8774, "error": null, "completed": 294, "failed": 0, "remaining": 1448}
{"event": "date_completed", "date": "2021-02-16", "ok": true, "resumed": false, "wall_seconds": 23.6391, "error": null, "completed": 295, "failed": 0, "remaining": 1447}
{"event": "date_completed", "date": "2021-02-19", "ok": true, "resumed": false, "wall_seconds": 23.2191, "error": null, "completed": 296, "failed": 0, "remaining": 1446}
{"event": "date_completed", "date": "2021-02-17", "ok": true, "resumed": false, "wall_seconds": 27.1131, "error": null, "completed": 297, "failed": 0, "remaining": 1445}
{"event": "date_completed", "date": "2021-02-18", "ok": true, "resumed": false, "wall_seconds": 29.0302, "error": null, "completed": 298, "failed": 0, "remaining": 1444}
{"event": "date_completed", "date": "2021-02-22", "ok": true, "resumed": false, "wall_seconds": 29.4284, "error": null, "completed": 299, "failed": 0, "remaining": 1443}
{"event": "date_completed", "date": "2021-02-24", "ok": true, "resumed": false, "wall_seconds": 31.5282, "error": null, "completed": 300, "failed": 0, "remaining": 1442}
{"event": "date_completed", "date": "2021-03-02", "ok": true, "resumed": false, "wall_seconds": 28.655, "error": null, "completed": 301, "failed": 0, "remaining": 1441}
{"event": "date_completed", "date": "2021-02-26", "ok": true, "resumed": false, "wall_seconds": 39.0775, "error": null, "completed": 302, "failed": 0, "remaining": 1440}
{"event": "date_completed", "date": "2021-02-23", "ok": true, "resumed": false, "wall_seconds": 48.0101, "error": null, "completed": 303, "failed": 0, "remaining": 1439}
{"event": "date_completed", "date": "2021-02-25", "ok": true, "resumed": false, "wall_seconds": 47.7595, "error": null, "completed": 304, "failed": 0, "remaining": 1438}
{"event": "date_completed", "date": "2021-03-03", "ok": true, "resumed": false, "wall_seconds": 40.5185, "error": null, "completed": 305, "failed": 0, "remaining": 1437}
{"event": "date_completed", "date": "2021-03-10", "ok": true, "resumed": false, "wall_seconds": 31.2086, "error": null, "completed": 306, "failed": 0, "remaining": 1436}
{"event": "date_completed", "date": "2021-03-01", "ok": true, "resumed": false, "wall_seconds": 53.8223, "error": null, "completed": 307, "failed": 0, "remaining": 1435}
{"event": "date_completed", "date": "2021-03-08", "ok": true, "resumed": false, "wall_seconds": 39.4138, "error": null, "completed": 308, "failed": 0, "remaining": 1434}
{"event": "date_completed", "date": "2021-03-12", "ok": true, "resumed": false, "wall_seconds": 23.3646, "error": null, "completed": 309, "failed": 0, "remaining": 1433}
{"event": "date_completed", "date": "2021-03-09", "ok": true, "resumed": false, "wall_seconds": 37.7877, "error": null, "completed": 310, "failed": 0, "remaining": 1432}
{"event": "date_completed", "date": "2021-03-11", "ok": true, "resumed": false, "wall_seconds": 34.3916, "error": null, "completed": 311, "failed": 0, "remaining": 1431}
{"event": "date_completed", "date": "2021-03-15", "ok": true, "resumed": false, "wall_seconds": 23.2188, "error": null, "completed": 312, "failed": 0, "remaining": 1430}
{"event": "date_completed", "date": "2021-03-18", "ok": true, "resumed": false, "wall_seconds": 19.0386, "error": null, "completed": 313, "failed": 0, "remaining": 1429}
{"event": "date_completed", "date": "2021-03-04", "ok": true, "resumed": false, "wall_seconds": 54.5106, "error": null, "completed": 314, "failed": 0, "remaining": 1428}
{"event": "date_completed", "date": "2021-03-16", "ok": true, "resumed": false, "wall_seconds": 24.3718, "error": null, "completed": 315, "failed": 0, "remaining": 1427}
{"event": "date_completed", "date": "2021-03-19", "ok": true, "resumed": false, "wall_seconds": 14.7344, "error": null, "completed": 316, "failed": 0, "remaining": 1426}
{"event": "date_completed", "date": "2021-03-17", "ok": true, "resumed": false, "wall_seconds": 29.3535, "error": null, "completed": 317, "failed": 0, "remaining": 1425}
{"event": "date_completed", "date": "2021-04-02", "ok": true, "resumed": false, "wall_seconds": 7.7483, "error": null, "completed": 318, "failed": 0, "remaining": 1424}
{"event": "date_completed", "date": "2021-03-05", "ok": true, "resumed": false, "wall_seconds": 65.0336, "error": null, "completed": 319, "failed": 0, "remaining": 1423}
{"event": "date_completed", "date": "2021-03-23", "ok": true, "resumed": false, "wall_seconds": 26.2306, "error": null, "completed": 320, "failed": 0, "remaining": 1422}
{"event": "date_completed", "date": "2021-03-22", "ok": true, "resumed": false, "wall_seconds": 31.5328, "error": null, "completed": 321, "failed": 0, "remaining": 1421}
{"event": "date_completed", "date": "2021-03-24", "ok": true, "resumed": false, "wall_seconds": 32.915, "error": null, "completed": 322, "failed": 0, "remaining": 1420}
{"event": "date_completed", "date": "2021-03-30", "ok": true, "resumed": false, "wall_seconds": 23.7535, "error": null, "completed": 323, "failed": 0, "remaining": 1419}
{"event": "date_completed", "date": "2021-03-29", "ok": true, "resumed": false, "wall_seconds": 28.7125, "error": null, "completed": 324, "failed": 0, "remaining": 1418}
{"event": "date_completed", "date": "2021-03-26", "ok": true, "resumed": false, "wall_seconds": 30.4947, "error": null, "completed": 325, "failed": 0, "remaining": 1417}
{"event": "date_completed", "date": "2021-03-25", "ok": true, "resumed": false, "wall_seconds": 35.5118, "error": null, "completed": 326, "failed": 0, "remaining": 1416}
{"event": "date_completed", "date": "2021-04-06", "ok": true, "resumed": false, "wall_seconds": 22.8174, "error": null, "completed": 327, "failed": 0, "remaining": 1415}
{"event": "date_completed", "date": "2021-04-05", "ok": true, "resumed": false, "wall_seconds": 25.6182, "error": null, "completed": 328, "failed": 0, "remaining": 1414}
{"event": "date_completed", "date": "2021-04-07", "ok": true, "resumed": false, "wall_seconds": 23.4129, "error": null, "completed": 329, "failed": 0, "remaining": 1413}
{"event": "date_completed", "date": "2021-04-08", "ok": true, "resumed": false, "wall_seconds": 22.2336, "error": null, "completed": 330, "failed": 0, "remaining": 1412}
{"event": "date_completed", "date": "2021-04-12", "ok": true, "resumed": false, "wall_seconds": 19.1583, "error": null, "completed": 331, "failed": 0, "remaining": 1411}
{"event": "date_completed", "date": "2021-04-09", "ok": true, "resumed": false, "wall_seconds": 23.5868, "error": null, "completed": 332, "failed": 0, "remaining": 1410}
{"event": "date_completed", "date": "2021-04-13", "ok": true, "resumed": false, "wall_seconds": 22.2796, "error": null, "completed": 333, "failed": 0, "remaining": 1409}
{"event": "date_completed", "date": "2021-04-16", "ok": true, "resumed": false, "wall_seconds": 19.9245, "error": null, "completed": 334, "failed": 0, "remaining": 1408}
{"event": "date_completed", "date": "2021-03-31", "ok": true, "resumed": false, "wall_seconds": 47.4873, "error": null, "completed": 335, "failed": 0, "remaining": 1407}
{"event": "date_completed", "date": "2021-04-14", "ok": true, "resumed": false, "wall_seconds": 26.9281, "error": null, "completed": 336, "failed": 0, "remaining": 1406}
{"event": "date_completed", "date": "2021-04-01", "ok": true, "resumed": false, "wall_seconds": 50.5697, "error": null, "completed": 337, "failed": 0, "remaining": 1405}
{"event": "date_completed", "date": "2021-04-15", "ok": true, "resumed": false, "wall_seconds": 26.1206, "error": null, "completed": 338, "failed": 0, "remaining": 1404}
{"event": "date_completed", "date": "2021-04-19", "ok": true, "resumed": false, "wall_seconds": 23.1448, "error": null, "completed": 339, "failed": 0, "remaining": 1403}
{"event": "date_completed", "date": "2021-04-20", "ok": true, "resumed": false, "wall_seconds": 27.8096, "error": null, "completed": 340, "failed": 0, "remaining": 1402}
{"event": "date_completed", "date": "2021-04-21", "ok": true, "resumed": false, "wall_seconds": 28.3186, "error": null, "completed": 341, "failed": 0, "remaining": 1401}
{"event": "date_completed", "date": "2021-04-22", "ok": true, "resumed": false, "wall_seconds": 28.0384, "error": null, "completed": 342, "failed": 0, "remaining": 1400}
{"event": "date_completed", "date": "2021-04-27", "ok": true, "resumed": false, "wall_seconds": 20.9965, "error": null, "completed": 343, "failed": 0, "remaining": 1399}
{"event": "date_completed", "date": "2021-04-26", "ok": true, "resumed": false, "wall_seconds": 26.0033, "error": null, "completed": 344, "failed": 0, "remaining": 1398}
{"event": "date_completed", "date": "2021-04-28", "ok": true, "resumed": false, "wall_seconds": 22.975, "error": null, "completed": 345, "failed": 0, "remaining": 1397}
{"event": "date_completed", "date": "2021-04-23", "ok": true, "resumed": false, "wall_seconds": 27.8415, "error": null, "completed": 346, "failed": 0, "remaining": 1396}
{"event": "date_completed", "date": "2021-04-30", "ok": true, "resumed": false, "wall_seconds": 22.2356, "error": null, "completed": 347, "failed": 0, "remaining": 1395}
{"event": "date_completed", "date": "2021-04-29", "ok": true, "resumed": false, "wall_seconds": 30.5045, "error": null, "completed": 348, "failed": 0, "remaining": 1394}
{"event": "date_completed", "date": "2021-05-03", "ok": true, "resumed": false, "wall_seconds": 29.1588, "error": null, "completed": 349, "failed": 0, "remaining": 1393}
{"event": "date_completed", "date": "2021-05-05", "ok": true, "resumed": false, "wall_seconds": 29.9156, "error": null, "completed": 350, "failed": 0, "remaining": 1392}
{"event": "date_completed", "date": "2021-05-04", "ok": true, "resumed": false, "wall_seconds": 34.5596, "error": null, "completed": 351, "failed": 0, "remaining": 1391}
{"event": "date_completed", "date": "2021-05-06", "ok": true, "resumed": false, "wall_seconds": 26.844, "error": null, "completed": 352, "failed": 0, "remaining": 1390}
{"event": "date_completed", "date": "2021-05-07", "ok": true, "resumed": false, "wall_seconds": 25.3667, "error": null, "completed": 353, "failed": 0, "remaining": 1389}
{"event": "date_completed", "date": "2021-05-10", "ok": true, "resumed": false, "wall_seconds": 32.2677, "error": null, "completed": 354, "failed": 0, "remaining": 1388}
{"event": "date_completed", "date": "2021-05-17", "ok": true, "resumed": false, "wall_seconds": 25.551, "error": null, "completed": 355, "failed": 0, "remaining": 1387}
{"event": "date_completed", "date": "2021-05-14", "ok": true, "resumed": false, "wall_seconds": 34.352, "error": null, "completed": 356, "failed": 0, "remaining": 1386}
{"event": "date_completed", "date": "2021-05-18", "ok": true, "resumed": false, "wall_seconds": 27.618, "error": null, "completed": 357, "failed": 0, "remaining": 1385}
{"event": "date_completed", "date": "2021-05-13", "ok": true, "resumed": false, "wall_seconds": 38.2155, "error": null, "completed": 358, "failed": 0, "remaining": 1384}
{"event": "date_completed", "date": "2021-05-20", "ok": true, "resumed": false, "wall_seconds": 28.6813, "error": null, "completed": 359, "failed": 0, "remaining": 1383}
{"event": "date_completed", "date": "2021-05-21", "ok": true, "resumed": false, "wall_seconds": 27.4472, "error": null, "completed": 360, "failed": 0, "remaining": 1382}
{"event": "date_completed", "date": "2021-05-25", "ok": true, "resumed": false, "wall_seconds": 23.3482, "error": null, "completed": 361, "failed": 0, "remaining": 1381}
{"event": "date_completed", "date": "2021-05-11", "ok": true, "resumed": false, "wall_seconds": 48.3214, "error": null, "completed": 362, "failed": 0, "remaining": 1380}
{"event": "date_completed", "date": "2021-05-24", "ok": true, "resumed": false, "wall_seconds": 26.9929, "error": null, "completed": 363, "failed": 0, "remaining": 1379}
{"event": "date_completed", "date": "2021-05-27", "ok": true, "resumed": false, "wall_seconds": 20.2412, "error": null, "completed": 364, "failed": 0, "remaining": 1378}
{"event": "date_completed", "date": "2021-05-26", "ok": true, "resumed": false, "wall_seconds": 21.5282, "error": null, "completed": 365, "failed": 0, "remaining": 1377}
{"event": "date_completed", "date": "2021-05-31", "ok": true, "resumed": false, "wall_seconds": 14.8233, "error": null, "completed": 366, "failed": 0, "remaining": 1376}
{"event": "date_completed", "date": "2021-05-19", "ok": true, "resumed": false, "wall_seconds": 40.9095, "error": null, "completed": 367, "failed": 0, "remaining": 1375}
{"event": "date_completed", "date": "2021-05-12", "ok": true, "resumed": false, "wall_seconds": 54.8929, "error": null, "completed": 368, "failed": 0, "remaining": 1374}
{"event": "date_completed", "date": "2021-05-28", "ok": true, "resumed": false, "wall_seconds": 20.9991, "error": null, "completed": 369, "failed": 0, "remaining": 1373}
{"event": "date_completed", "date": "2021-06-02", "ok": true, "resumed": false, "wall_seconds": 19.9729, "error": null, "completed": 370, "failed": 0, "remaining": 1372}
{"event": "date_completed", "date": "2021-06-01", "ok": true, "resumed": false, "wall_seconds": 27.9756, "error": null, "completed": 371, "failed": 0, "remaining": 1371}
{"event": "date_completed", "date": "2021-06-07", "ok": true, "resumed": false, "wall_seconds": 22.0003, "error": null, "completed": 372, "failed": 0, "remaining": 1370}
{"event": "date_completed", "date": "2021-06-04", "ok": true, "resumed": false, "wall_seconds": 28.0244, "error": null, "completed": 373, "failed": 0, "remaining": 1369}
{"event": "date_completed", "date": "2021-06-09", "ok": true, "resumed": false, "wall_seconds": 22.8598, "error": null, "completed": 374, "failed": 0, "remaining": 1368}
{"event": "date_completed", "date": "2021-06-08", "ok": true, "resumed": false, "wall_seconds": 27.2923, "error": null, "completed": 375, "failed": 0, "remaining": 1367}
{"event": "date_completed", "date": "2021-06-11", "ok": true, "resumed": false, "wall_seconds": 22.739, "error": null, "completed": 376, "failed": 0, "remaining": 1366}
{"event": "date_completed", "date": "2021-06-14", "ok": true, "resumed": false, "wall_seconds": 22.1838, "error": null, "completed": 377, "failed": 0, "remaining": 1365}
{"event": "date_completed", "date": "2021-06-10", "ok": true, "resumed": false, "wall_seconds": 25.1356, "error": null, "completed": 378, "failed": 0, "remaining": 1364}
{"event": "date_completed", "date": "2021-06-03", "ok": true, "resumed": false, "wall_seconds": 32.1333, "error": null, "completed": 379, "failed": 0, "remaining": 1363}
{"event": "date_completed", "date": "2021-06-15", "ok": true, "resumed": false, "wall_seconds": 21.0431, "error": null, "completed": 380, "failed": 0, "remaining": 1362}
{"event": "date_completed", "date": "2021-06-18", "ok": true, "resumed": false, "wall_seconds": 16.2922, "error": null, "completed": 381, "failed": 0, "remaining": 1361}
{"event": "date_completed", "date": "2021-06-16", "ok": true, "resumed": false, "wall_seconds": 28.9887, "error": null, "completed": 382, "failed": 0, "remaining": 1360}
{"event": "date_completed", "date": "2021-06-22", "ok": true, "resumed": false, "wall_seconds": 20.4653, "error": null, "completed": 383, "failed": 0, "remaining": 1359}
{"event": "date_completed", "date": "2021-06-25", "ok": true, "resumed": false, "wall_seconds": 20.5552, "error": null, "completed": 384, "failed": 0, "remaining": 1358}
{"event": "date_completed", "date": "2021-06-23", "ok": true, "resumed": false, "wall_seconds": 21.304, "error": null, "completed": 385, "failed": 0, "remaining": 1357}
{"event": "date_completed", "date": "2021-06-30", "ok": true, "resumed": false, "wall_seconds": 20.337, "error": null, "completed": 386, "failed": 0, "remaining": 1356}
{"event": "date_completed", "date": "2021-06-29", "ok": true, "resumed": false, "wall_seconds": 21.0738, "error": null, "completed": 387, "failed": 0, "remaining": 1355}
{"event": "date_completed", "date": "2021-06-28", "ok": true, "resumed": false, "wall_seconds": 22.6231, "error": null, "completed": 388, "failed": 0, "remaining": 1354}
{"event": "date_completed", "date": "2021-06-21", "ok": true, "resumed": false, "wall_seconds": 30.1053, "error": null, "completed": 389, "failed": 0, "remaining": 1353}
{"event": "date_completed", "date": "2021-07-05", "ok": true, "resumed": false, "wall_seconds": 15.6968, "error": null, "completed": 390, "failed": 0, "remaining": 1352}
{"event": "date_completed", "date": "2021-07-01", "ok": true, "resumed": false, "wall_seconds": 26.6124, "error": null, "completed": 391, "failed": 0, "remaining": 1351}
{"event": "date_completed", "date": "2021-07-02", "ok": true, "resumed": false, "wall_seconds": 25.1763, "error": null, "completed": 392, "failed": 0, "remaining": 1350}
{"event": "date_completed", "date": "2021-06-24", "ok": true, "resumed": false, "wall_seconds": 36.5019, "error": null, "completed": 393, "failed": 0, "remaining": 1349}
{"event": "date_completed", "date": "2021-06-17", "ok": true, "resumed": false, "wall_seconds": 46.4322, "error": null, "completed": 394, "failed": 0, "remaining": 1348}
{"event": "date_completed", "date": "2021-07-06", "ok": true, "resumed": false, "wall_seconds": 24.89, "error": null, "completed": 395, "failed": 0, "remaining": 1347}
{"event": "date_completed", "date": "2021-07-12", "ok": true, "resumed": false, "wall_seconds": 22.4437, "error": null, "completed": 396, "failed": 0, "remaining": 1346}
{"event": "date_completed", "date": "2021-07-07", "ok": true, "resumed": false, "wall_seconds": 25.9065, "error": null, "completed": 397, "failed": 0, "remaining": 1345}
{"event": "date_completed", "date": "2021-07-09", "ok": true, "resumed": false, "wall_seconds": 26.3959, "error": null, "completed": 398, "failed": 0, "remaining": 1344}
{"event": "date_completed", "date": "2021-07-14", "ok": true, "resumed": false, "wall_seconds": 26.165, "error": null, "completed": 399, "failed": 0, "remaining": 1343}
{"event": "date_completed", "date": "2021-07-08", "ok": true, "resumed": false, "wall_seconds": 30.5057, "error": null, "completed": 400, "failed": 0, "remaining": 1342}
{"event": "date_completed", "date": "2021-07-15", "ok": true, "resumed": false, "wall_seconds": 27.67, "error": null, "completed": 401, "failed": 0, "remaining": 1341}
{"event": "date_completed", "date": "2021-07-16", "ok": true, "resumed": false, "wall_seconds": 26.0095, "error": null, "completed": 402, "failed": 0, "remaining": 1340}
{"event": "date_completed", "date": "2021-07-21", "ok": true, "resumed": false, "wall_seconds": 24.8665, "error": null, "completed": 403, "failed": 0, "remaining": 1339}
{"event": "date_completed", "date": "2021-07-22", "ok": true, "resumed": false, "wall_seconds": 21.3074, "error": null, "completed": 404, "failed": 0, "remaining": 1338}
{"event": "date_completed", "date": "2021-07-13", "ok": true, "resumed": false, "wall_seconds": 43.5052, "error": null, "completed": 405, "failed": 0, "remaining": 1337}
{"event": "date_completed", "date": "2021-07-20", "ok": true, "resumed": false, "wall_seconds": 31.6862, "error": null, "completed": 406, "failed": 0, "remaining": 1336}
{"event": "date_completed", "date": "2021-07-26", "ok": true, "resumed": false, "wall_seconds": 22.301, "error": null, "completed": 407, "failed": 0, "remaining": 1335}
{"event": "date_completed", "date": "2021-07-19", "ok": true, "resumed": false, "wall_seconds": 34.7695, "error": null, "completed": 408, "failed": 0, "remaining": 1334}
{"event": "date_completed", "date": "2021-07-23", "ok": true, "resumed": false, "wall_seconds": 24.4871, "error": null, "completed": 409, "failed": 0, "remaining": 1333}
{"event": "date_completed", "date": "2021-07-29", "ok": true, "resumed": false, "wall_seconds": 25.3763, "error": null, "completed": 410, "failed": 0, "remaining": 1332}
{"event": "date_completed", "date": "2021-07-28", "ok": true, "resumed": false, "wall_seconds": 29.7618, "error": null, "completed": 411, "failed": 0, "remaining": 1331}
{"event": "date_completed", "date": "2021-08-02", "ok": true, "resumed": false, "wall_seconds": 25.0942, "error": null, "completed": 412, "failed": 0, "remaining": 1330}
{"event": "date_completed", "date": "2021-07-27", "ok": true, "resumed": false, "wall_seconds": 31.4424, "error": null, "completed": 413, "failed": 0, "remaining": 1329}
{"event": "date_completed", "date": "2021-07-30", "ok": true, "resumed": false, "wall_seconds": 32.539, "error": null, "completed": 414, "failed": 0, "remaining": 1328}
{"event": "date_completed", "date": "2021-08-05", "ok": true, "resumed": false, "wall_seconds": 20.756, "error": null, "completed": 415, "failed": 0, "remaining": 1327}
{"event": "date_completed", "date": "2021-08-06", "ok": true, "resumed": false, "wall_seconds": 21.1255, "error": null, "completed": 416, "failed": 0, "remaining": 1326}
{"event": "date_completed", "date": "2021-08-09", "ok": true, "resumed": false, "wall_seconds": 21.9299, "error": null, "completed": 417, "failed": 0, "remaining": 1325}
{"event": "date_completed", "date": "2021-08-04", "ok": true, "resumed": false, "wall_seconds": 26.4008, "error": null, "completed": 418, "failed": 0, "remaining": 1324}
{"event": "date_completed", "date": "2021-08-03", "ok": true, "resumed": false, "wall_seconds": 30.2377, "error": null, "completed": 419, "failed": 0, "remaining": 1323}
{"event": "date_completed", "date": "2021-08-10", "ok": true, "resumed": false, "wall_seconds": 23.485, "error": null, "completed": 420, "failed": 0, "remaining": 1322}
{"event": "date_completed", "date": "2021-08-11", "ok": true, "resumed": false, "wall_seconds": 23.2097, "error": null, "completed": 421, "failed": 0, "remaining": 1321}
{"event": "date_completed", "date": "2021-08-13", "ok": true, "resumed": false, "wall_seconds": 20.9243, "error": null, "completed": 422, "failed": 0, "remaining": 1320}
{"event": "date_completed", "date": "2021-08-12", "ok": true, "resumed": false, "wall_seconds": 25.2135, "error": null, "completed": 423, "failed": 0, "remaining": 1319}
{"event": "date_completed", "date": "2021-08-17", "ok": true, "resumed": false, "wall_seconds": 24.8631, "error": null, "completed": 424, "failed": 0, "remaining": 1318}
{"event": "date_completed", "date": "2021-08-16", "ok": true, "resumed": false, "wall_seconds": 25.3332, "error": null, "completed": 425, "failed": 0, "remaining": 1317}
{"event": "date_completed", "date": "2021-08-24", "ok": true, "resumed": false, "wall_seconds": 16.2972, "error": null, "completed": 426, "failed": 0, "remaining": 1316}
{"event": "date_completed", "date": "2021-08-23", "ok": true, "resumed": false, "wall_seconds": 22.5813, "error": null, "completed": 427, "failed": 0, "remaining": 1315}
{"event": "date_completed", "date": "2021-08-25", "ok": true, "resumed": false, "wall_seconds": 21.7803, "error": null, "completed": 428, "failed": 0, "remaining": 1314}
{"event": "date_completed", "date": "2021-08-18", "ok": true, "resumed": false, "wall_seconds": 27.2607, "error": null, "completed": 429, "failed": 0, "remaining": 1313}
{"event": "date_completed", "date": "2021-08-20", "ok": true, "resumed": false, "wall_seconds": 26.3126, "error": null, "completed": 430, "failed": 0, "remaining": 1312}
{"event": "date_completed", "date": "2021-08-26", "ok": true, "resumed": false, "wall_seconds": 23.1819, "error": null, "completed": 431, "failed": 0, "remaining": 1311}
{"event": "date_completed", "date": "2021-08-19", "ok": true, "resumed": false, "wall_seconds": 31.0358, "error": null, "completed": 432, "failed": 0, "remaining": 1310}
{"event": "date_completed", "date": "2021-08-27", "ok": true, "resumed": false, "wall_seconds": 27.006, "error": null, "completed": 433, "failed": 0, "remaining": 1309}
{"event": "date_completed", "date": "2021-08-31", "ok": true, "resumed": false, "wall_seconds": 20.8751, "error": null, "completed": 434, "failed": 0, "remaining": 1308}
{"event": "date_completed", "date": "2021-08-30", "ok": true, "resumed": false, "wall_seconds": 22.9185, "error": null, "completed": 435, "failed": 0, "remaining": 1307}
{"event": "date_completed", "date": "2021-09-06", "ok": true, "resumed": false, "wall_seconds": 15.4422, "error": null, "completed": 436, "failed": 0, "remaining": 1306}
{"event": "date_completed", "date": "2021-09-03", "ok": true, "resumed": false, "wall_seconds": 22.0885, "error": null, "completed": 437, "failed": 0, "remaining": 1305}
{"event": "date_completed", "date": "2021-09-02", "ok": true, "resumed": false, "wall_seconds": 27.5621, "error": null, "completed": 438, "failed": 0, "remaining": 1304}
{"event": "date_completed", "date": "2021-09-08", "ok": true, "resumed": false, "wall_seconds": 24.6503, "error": null, "completed": 439, "failed": 0, "remaining": 1303}
{"event": "date_completed", "date": "2021-09-13", "ok": true, "resumed": false, "wall_seconds": 23.4608, "error": null, "completed": 440, "failed": 0, "remaining": 1302}
{"event": "date_completed", "date": "2021-09-09", "ok": true, "resumed": false, "wall_seconds": 28.4887, "error": null, "completed": 441, "failed": 0, "remaining": 1301}
{"event": "date_completed", "date": "2021-09-14", "ok": true, "resumed": false, "wall_seconds": 23.911, "error": null, "completed": 442, "failed": 0, "remaining": 1300}
{"event": "date_completed", "date": "2021-09-17", "ok": true, "resumed": false, "wall_seconds": 16.2612, "error": null, "completed": 443, "failed": 0, "remaining": 1299}
{"event": "date_completed", "date": "2021-09-10", "ok": true, "resumed": false, "wall_seconds": 30.1967, "error": null, "completed": 444, "failed": 0, "remaining": 1298}
{"event": "date_completed", "date": "2021-09-16", "ok": true, "resumed": false, "wall_seconds": 29.0989, "error": null, "completed": 445, "failed": 0, "remaining": 1297}
{"event": "date_completed", "date": "2021-09-07", "ok": true, "resumed": false, "wall_seconds": 41.6434, "error": null, "completed": 446, "failed": 0, "remaining": 1296}
{"event": "date_completed", "date": "2021-09-01", "ok": true, "resumed": false, "wall_seconds": 51.5248, "error": null, "completed": 447, "failed": 0, "remaining": 1295}
{"event": "date_completed", "date": "2021-09-15", "ok": true, "resumed": false, "wall_seconds": 35.6829, "error": null, "completed": 448, "failed": 0, "remaining": 1294}
{"event": "date_completed", "date": "2021-09-21", "ok": true, "resumed": false, "wall_seconds": 25.691, "error": null, "completed": 449, "failed": 0, "remaining": 1293}
{"event": "date_completed", "date": "2021-09-24", "ok": true, "resumed": false, "wall_seconds": 23.3718, "error": null, "completed": 450, "failed": 0, "remaining": 1292}
{"event": "date_completed", "date": "2021-09-23", "ok": true, "resumed": false, "wall_seconds": 28.4438, "error": null, "completed": 451, "failed": 0, "remaining": 1291}
{"event": "date_completed", "date": "2021-09-20", "ok": true, "resumed": false, "wall_seconds": 40.4565, "error": null, "completed": 452, "failed": 0, "remaining": 1290}
{"event": "date_completed", "date": "2021-09-22", "ok": true, "resumed": false, "wall_seconds": 31.9871, "error": null, "completed": 453, "failed": 0, "remaining": 1289}
{"event": "date_completed", "date": "2021-09-27", "ok": true, "resumed": false, "wall_seconds": 28.0553, "error": null, "completed": 454, "failed": 0, "remaining": 1288}
{"event": "date_completed", "date": "2021-09-29", "ok": true, "resumed": false, "wall_seconds": 30.6857, "error": null, "completed": 455, "failed": 0, "remaining": 1287}
{"event": "date_completed", "date": "2021-09-28", "ok": true, "resumed": false, "wall_seconds": 37.9656, "error": null, "completed": 456, "failed": 0, "remaining": 1286}
{"event": "date_completed", "date": "2021-09-30", "ok": true, "resumed": false, "wall_seconds": 30.9011, "error": null, "completed": 457, "failed": 0, "remaining": 1285}
{"event": "date_completed", "date": "2021-10-05", "ok": true, "resumed": false, "wall_seconds": 34.3387, "error": null, "completed": 458, "failed": 0, "remaining": 1284}
{"event": "date_completed", "date": "2021-10-07", "ok": true, "resumed": false, "wall_seconds": 27.804, "error": null, "completed": 459, "failed": 0, "remaining": 1283}
{"event": "date_completed", "date": "2021-10-08", "ok": true, "resumed": false, "wall_seconds": 24.6739, "error": null, "completed": 460, "failed": 0, "remaining": 1282}
{"event": "date_completed", "date": "2021-10-12", "ok": true, "resumed": false, "wall_seconds": 24.9546, "error": null, "completed": 461, "failed": 0, "remaining": 1281}
{"event": "date_completed", "date": "2021-10-11", "ok": true, "resumed": false, "wall_seconds": 26.0336, "error": null, "completed": 462, "failed": 0, "remaining": 1280}
{"event": "date_completed", "date": "2021-10-04", "ok": true, "resumed": false, "wall_seconds": 40.1118, "error": null, "completed": 463, "failed": 0, "remaining": 1279}
{"event": "date_completed", "date": "2021-10-13", "ok": true, "resumed": false, "wall_seconds": 25.7033, "error": null, "completed": 464, "failed": 0, "remaining": 1278}
{"event": "date_completed", "date": "2021-10-06", "ok": true, "resumed": false, "wall_seconds": 40.9419, "error": null, "completed": 465, "failed": 0, "remaining": 1277}
{"event": "date_completed", "date": "2021-10-01", "ok": true, "resumed": false, "wall_seconds": 47.9557, "error": null, "completed": 466, "failed": 0, "remaining": 1276}
{"event": "date_completed", "date": "2021-10-15", "ok": true, "resumed": false, "wall_seconds": 25.0031, "error": null, "completed": 467, "failed": 0, "remaining": 1275}
{"event": "date_completed", "date": "2021-10-18", "ok": true, "resumed": false, "wall_seconds": 31.3566, "error": null, "completed": 468, "failed": 0, "remaining": 1274}
{"event": "date_completed", "date": "2021-10-19", "ok": true, "resumed": false, "wall_seconds": 24.3656, "error": null, "completed": 469, "failed": 0, "remaining": 1273}
{"event": "date_completed", "date": "2021-10-20", "ok": true, "resumed": false, "wall_seconds": 24.9857, "error": null, "completed": 470, "failed": 0, "remaining": 1272}
{"event": "date_completed", "date": "2021-10-21", "ok": true, "resumed": false, "wall_seconds": 25.3767, "error": null, "completed": 471, "failed": 0, "remaining": 1271}
{"event": "date_completed", "date": "2021-10-25", "ok": true, "resumed": false, "wall_seconds": 24.7166, "error": null, "completed": 472, "failed": 0, "remaining": 1270}
{"event": "date_completed", "date": "2021-10-22", "ok": true, "resumed": false, "wall_seconds": 27.6987, "error": null, "completed": 473, "failed": 0, "remaining": 1269}
{"event": "date_completed", "date": "2021-10-28", "ok": true, "resumed": false, "wall_seconds": 25.0953, "error": null, "completed": 474, "failed": 0, "remaining": 1268}
{"event": "date_completed", "date": "2021-10-26", "ok": true, "resumed": false, "wall_seconds": 28.8764, "error": null, "completed": 475, "failed": 0, "remaining": 1267}
{"event": "date_completed", "date": "2021-10-27", "ok": true, "resumed": false, "wall_seconds": 28.1649, "error": null, "completed": 476, "failed": 0, "remaining": 1266}
{"event": "date_completed", "date": "2021-10-14", "ok": true, "resumed": false, "wall_seconds": 49.8427, "error": null, "completed": 477, "failed": 0, "remaining": 1265}
{"event": "date_completed", "date": "2021-10-29", "ok": true, "resumed": false, "wall_seconds": 28.9104, "error": null, "completed": 478, "failed": 0, "remaining": 1264}
{"event": "date_completed", "date": "2021-11-01", "ok": true, "resumed": false, "wall_seconds": 28.8076, "error": null, "completed": 479, "failed": 0, "remaining": 1263}
{"event": "date_completed", "date": "2021-11-02", "ok": true, "resumed": false, "wall_seconds": 25.4157, "error": null, "completed": 480, "failed": 0, "remaining": 1262}
{"event": "date_completed", "date": "2021-11-03", "ok": true, "resumed": false, "wall_seconds": 29.474, "error": null, "completed": 481, "failed": 0, "remaining": 1261}
{"event": "date_completed", "date": "2021-11-08", "ok": true, "resumed": false, "wall_seconds": 24.9241, "error": null, "completed": 482, "failed": 0, "remaining": 1260}
{"event": "date_completed", "date": "2021-11-05", "ok": true, "resumed": false, "wall_seconds": 26.9917, "error": null, "completed": 483, "failed": 0, "remaining": 1259}
{"event": "date_completed", "date": "2021-11-04", "ok": true, "resumed": false, "wall_seconds": 27.5764, "error": null, "completed": 484, "failed": 0, "remaining": 1258}
{"event": "date_completed", "date": "2021-11-11", "ok": true, "resumed": false, "wall_seconds": 22.9004, "error": null, "completed": 485, "failed": 0, "remaining": 1257}
{"event": "date_completed", "date": "2021-11-15", "ok": true, "resumed": false, "wall_seconds": 23.9911, "error": null, "completed": 486, "failed": 0, "remaining": 1256}
{"event": "date_completed", "date": "2021-11-09", "ok": true, "resumed": false, "wall_seconds": 27.8418, "error": null, "completed": 487, "failed": 0, "remaining": 1255}
{"event": "date_completed", "date": "2021-11-12", "ok": true, "resumed": false, "wall_seconds": 28.5553, "error": null, "completed": 488, "failed": 0, "remaining": 1254}
{"event": "date_completed", "date": "2021-11-16", "ok": true, "resumed": false, "wall_seconds": 24.3461, "error": null, "completed": 489, "failed": 0, "remaining": 1253}
{"event": "date_completed", "date": "2021-11-17", "ok": true, "resumed": false, "wall_seconds": 22.6354, "error": null, "completed": 490, "failed": 0, "remaining": 1252}
{"event": "date_completed", "date": "2021-11-10", "ok": true, "resumed": false, "wall_seconds": 36.8192, "error": null, "completed": 491, "failed": 0, "remaining": 1251}
{"event": "date_completed", "date": "2021-11-25", "ok": true, "resumed": false, "wall_seconds": 16.9257, "error": null, "completed": 492, "failed": 0, "remaining": 1250}
{"event": "date_completed", "date": "2021-11-18", "ok": true, "resumed": false, "wall_seconds": 25.1159, "error": null, "completed": 493, "failed": 0, "remaining": 1249}
{"event": "date_completed", "date": "2021-11-19", "ok": true, "resumed": false, "wall_seconds": 25.2843, "error": null, "completed": 494, "failed": 0, "remaining": 1248}
{"event": "date_completed", "date": "2021-11-24", "ok": true, "resumed": false, "wall_seconds": 29.7907, "error": null, "completed": 495, "failed": 0, "remaining": 1247}
{"event": "date_completed", "date": "2021-11-22", "ok": true, "resumed": false, "wall_seconds": 36.3005, "error": null, "completed": 496, "failed": 0, "remaining": 1246}
{"event": "date_completed", "date": "2021-11-26", "ok": true, "resumed": false, "wall_seconds": 34.4046, "error": null, "completed": 497, "failed": 0, "remaining": 1245}
{"event": "date_completed", "date": "2021-11-23", "ok": true, "resumed": false, "wall_seconds": 37.7145, "error": null, "completed": 498, "failed": 0, "remaining": 1244}
{"event": "date_completed", "date": "2021-11-29", "ok": true, "resumed": false, "wall_seconds": 35.1781, "error": null, "completed": 499, "failed": 0, "remaining": 1243}
{"event": "date_completed", "date": "2021-12-08", "ok": true, "resumed": false, "wall_seconds": 22.0481, "error": null, "completed": 500, "failed": 0, "remaining": 1242}
{"event": "date_completed", "date": "2021-11-30", "ok": true, "resumed": false, "wall_seconds": 44.392, "error": null, "completed": 501, "failed": 0, "remaining": 1241}
{"event": "date_completed", "date": "2021-12-06", "ok": true, "resumed": false, "wall_seconds": 36.3536, "error": null, "completed": 502, "failed": 0, "remaining": 1240}
{"event": "date_completed", "date": "2021-12-07", "ok": true, "resumed": false, "wall_seconds": 39.6468, "error": null, "completed": 503, "failed": 0, "remaining": 1239}
{"event": "date_completed", "date": "2021-12-13", "ok": true, "resumed": false, "wall_seconds": 23.1152, "error": null, "completed": 504, "failed": 0, "remaining": 1238}
{"event": "date_completed", "date": "2021-12-01", "ok": true, "resumed": false, "wall_seconds": 52.0578, "error": null, "completed": 505, "failed": 0, "remaining": 1237}
{"event": "date_completed", "date": "2021-12-09", "ok": true, "resumed": false, "wall_seconds": 31.3361, "error": null, "completed": 506, "failed": 0, "remaining": 1236}
{"event": "date_completed", "date": "2021-12-10", "ok": true, "resumed": false, "wall_seconds": 27.2387, "error": null, "completed": 507, "failed": 0, "remaining": 1235}
{"event": "date_completed", "date": "2021-12-03", "ok": true, "resumed": false, "wall_seconds": 49.0263, "error": null, "completed": 508, "failed": 0, "remaining": 1234}
{"event": "date_completed", "date": "2021-12-14", "ok": true, "resumed": false, "wall_seconds": 25.9747, "error": null, "completed": 509, "failed": 0, "remaining": 1233}
{"event": "date_completed", "date": "2021-12-24", "ok": true, "resumed": false, "wall_seconds": 4.4777, "error": null, "completed": 510, "failed": 0, "remaining": 1232}
{"event": "date_completed", "date": "2021-12-16", "ok": true, "resumed": false, "wall_seconds": 21.0706, "error": null, "completed": 511, "failed": 0, "remaining": 1231}
{"event": "date_completed", "date": "2021-12-17", "ok": true, "resumed": false, "wall_seconds": 19.1595, "error": null, "completed": 512, "failed": 0, "remaining": 1230}
{"event": "date_completed", "date": "2021-12-15", "ok": true, "resumed": false, "wall_seconds": 35.493, "error": null, "completed": 513, "failed": 0, "remaining": 1229}
{"event": "date_completed", "date": "2021-12-02", "ok": true, "resumed": false, "wall_seconds": 68.9206, "error": null, "completed": 514, "failed": 0, "remaining": 1228}
{"event": "date_completed", "date": "2021-12-29", "ok": true, "resumed": false, "wall_seconds": 21.7561, "error": null, "completed": 515, "failed": 0, "remaining": 1227}
{"event": "date_completed", "date": "2021-12-28", "ok": true, "resumed": false, "wall_seconds": 22.7833, "error": null, "completed": 516, "failed": 0, "remaining": 1226}
{"event": "date_completed", "date": "2021-12-30", "ok": true, "resumed": false, "wall_seconds": 22.6275, "error": null, "completed": 517, "failed": 0, "remaining": 1225}
{"event": "date_completed", "date": "2021-12-23", "ok": true, "resumed": false, "wall_seconds": 28.1316, "error": null, "completed": 518, "failed": 0, "remaining": 1224}
{"event": "date_completed", "date": "2021-12-20", "ok": true, "resumed": false, "wall_seconds": 34.951, "error": null, "completed": 519, "failed": 0, "remaining": 1223}
{"event": "date_completed", "date": "2021-12-27", "ok": true, "resumed": false, "wall_seconds": 27.7575, "error": null, "completed": 520, "failed": 0, "remaining": 1222}
{"event": "date_completed", "date": "2021-12-31", "ok": true, "resumed": false, "wall_seconds": 24.0354, "error": null, "completed": 521, "failed": 0, "remaining": 1221}
{"event": "date_completed", "date": "2021-12-21", "ok": true, "resumed": false, "wall_seconds": 33.9945, "error": null, "completed": 522, "failed": 0, "remaining": 1220}
{"event": "date_completed", "date": "2021-12-22", "ok": true, "resumed": false, "wall_seconds": 31.9994, "error": null, "completed": 523, "failed": 0, "remaining": 1219}
{"event": "date_completed", "date": "2022-01-03", "ok": true, "resumed": false, "wall_seconds": 31.7528, "error": null, "completed": 524, "failed": 0, "remaining": 1218}
{"event": "date_completed", "date": "2022-01-04", "ok": true, "resumed": false, "wall_seconds": 39.198, "error": null, "completed": 525, "failed": 0, "remaining": 1217}
{"event": "date_completed", "date": "2022-01-17", "ok": true, "resumed": false, "wall_seconds": 22.4494, "error": null, "completed": 526, "failed": 0, "remaining": 1216}
{"event": "date_completed", "date": "2022-01-05", "ok": true, "resumed": false, "wall_seconds": 41.3267, "error": null, "completed": 527, "failed": 0, "remaining": 1215}
{"event": "date_completed", "date": "2022-01-07", "ok": true, "resumed": false, "wall_seconds": 39.8448, "error": null, "completed": 528, "failed": 0, "remaining": 1214}
{"event": "date_completed", "date": "2022-01-12", "ok": true, "resumed": false, "wall_seconds": 38.9076, "error": null, "completed": 529, "failed": 0, "remaining": 1213}
{"event": "date_completed", "date": "2022-01-14", "ok": true, "resumed": false, "wall_seconds": 37.9486, "error": null, "completed": 530, "failed": 0, "remaining": 1212}
{"event": "date_completed", "date": "2022-01-11", "ok": true, "resumed": false, "wall_seconds": 44.847, "error": null, "completed": 531, "failed": 0, "remaining": 1211}
{"event": "date_completed", "date": "2022-01-10", "ok": true, "resumed": false, "wall_seconds": 48.8352, "error": null, "completed": 532, "failed": 0, "remaining": 1210}
{"event": "date_completed", "date": "2022-01-06", "ok": true, "resumed": false, "wall_seconds": 52.7436, "error": null, "completed": 533, "failed": 0, "remaining": 1209}
{"event": "date_completed", "date": "2022-01-19", "ok": true, "resumed": false, "wall_seconds": 40.428, "error": null, "completed": 534, "failed": 0, "remaining": 1208}
{"event": "date_completed", "date": "2022-01-13", "ok": true, "resumed": false, "wall_seconds": 53.386, "error": null, "completed": 535, "failed": 0, "remaining": 1207}
{"event": "date_completed", "date": "2022-01-18", "ok": true, "resumed": false, "wall_seconds": 69.8746, "error": null, "completed": 536, "failed": 0, "remaining": 1206}
{"event": "date_completed", "date": "2022-01-21", "ok": true, "resumed": false, "wall_seconds": 58.0648, "error": null, "completed": 537, "failed": 0, "remaining": 1205}
{"event": "date_completed", "date": "2022-01-20", "ok": true, "resumed": false, "wall_seconds": 62.4988, "error": null, "completed": 538, "failed": 0, "remaining": 1204}
{"event": "date_completed", "date": "2022-01-27", "ok": true, "resumed": false, "wall_seconds": 50.0442, "error": null, "completed": 539, "failed": 0, "remaining": 1203}
{"event": "date_completed", "date": "2022-02-01", "ok": true, "resumed": false, "wall_seconds": 41.2453, "error": null, "completed": 540, "failed": 0, "remaining": 1202}
{"event": "date_completed", "date": "2022-02-02", "ok": true, "resumed": false, "wall_seconds": 38.122, "error": null, "completed": 541, "failed": 0, "remaining": 1201}
{"event": "date_completed", "date": "2022-01-25", "ok": true, "resumed": false, "wall_seconds": 55.6449, "error": null, "completed": 542, "failed": 0, "remaining": 1200}
{"event": "date_completed", "date": "2022-01-31", "ok": true, "resumed": false, "wall_seconds": 46.5871, "error": null, "completed": 543, "failed": 0, "remaining": 1199}
{"event": "date_completed", "date": "2022-01-28", "ok": true, "resumed": false, "wall_seconds": 59.5839, "error": null, "completed": 544, "failed": 0, "remaining": 1198}
{"event": "date_completed", "date": "2022-01-26", "ok": true, "resumed": false, "wall_seconds": 67.7615, "error": null, "completed": 545, "failed": 0, "remaining": 1197}
{"event": "date_completed", "date": "2022-02-07", "ok": true, "resumed": false, "wall_seconds": 32.5279, "error": null, "completed": 546, "failed": 0, "remaining": 1196}
{"event": "date_completed", "date": "2022-02-09", "ok": true, "resumed": false, "wall_seconds": 31.9482, "error": null, "completed": 547, "failed": 0, "remaining": 1195}
{"event": "date_completed", "date": "2022-02-04", "ok": true, "resumed": false, "wall_seconds": 50.0082, "error": null, "completed": 548, "failed": 0, "remaining": 1194}
{"event": "date_completed", "date": "2022-02-03", "ok": true, "resumed": false, "wall_seconds": 69.2418, "error": null, "completed": 549, "failed": 0, "remaining": 1193}
{"event": "date_completed", "date": "2022-02-08", "ok": true, "resumed": false, "wall_seconds": 41.017, "error": null, "completed": 550, "failed": 0, "remaining": 1192}
{"event": "date_completed", "date": "2022-02-15", "ok": true, "resumed": false, "wall_seconds": 35.3037, "error": null, "completed": 551, "failed": 0, "remaining": 1191}
{"event": "date_completed", "date": "2022-02-14", "ok": true, "resumed": false, "wall_seconds": 45.7746, "error": null, "completed": 552, "failed": 0, "remaining": 1190}
{"event": "date_completed", "date": "2022-02-16", "ok": true, "resumed": false, "wall_seconds": 34.2693, "error": null, "completed": 553, "failed": 0, "remaining": 1189}
{"event": "date_completed", "date": "2022-02-10", "ok": true, "resumed": false, "wall_seconds": 51.5147, "error": null, "completed": 554, "failed": 0, "remaining": 1188}
{"event": "date_completed", "date": "2022-02-17", "ok": true, "resumed": false, "wall_seconds": 35.6255, "error": null, "completed": 555, "failed": 0, "remaining": 1187}
{"event": "date_completed", "date": "2022-01-24", "ok": true, "resumed": false, "wall_seconds": 111.9704, "error": null, "completed": 556, "failed": 0, "remaining": 1186}
{"event": "date_completed", "date": "2022-02-21", "ok": true, "resumed": false, "wall_seconds": 22.8174, "error": null, "completed": 557, "failed": 0, "remaining": 1185}
{"event": "date_completed", "date": "2022-02-11", "ok": true, "resumed": false, "wall_seconds": 54.9486, "error": null, "completed": 558, "failed": 0, "remaining": 1184}
{"event": "date_completed", "date": "2022-02-18", "ok": true, "resumed": false, "wall_seconds": 38.4919, "error": null, "completed": 559, "failed": 0, "remaining": 1183}
{"event": "date_completed", "date": "2022-02-25", "ok": true, "resumed": false, "wall_seconds": 42.6753, "error": null, "completed": 560, "failed": 0, "remaining": 1182}
{"event": "date_completed", "date": "2022-02-22", "ok": true, "resumed": false, "wall_seconds": 49.66, "error": null, "completed": 561, "failed": 0, "remaining": 1181}
{"event": "date_completed", "date": "2022-02-23", "ok": true, "resumed": false, "wall_seconds": 51.6095, "error": null, "completed": 562, "failed": 0, "remaining": 1180}
{"event": "date_completed", "date": "2022-03-03", "ok": true, "resumed": false, "wall_seconds": 33.2061, "error": null, "completed": 563, "failed": 0, "remaining": 1179}
{"event": "date_completed", "date": "2022-03-01", "ok": true, "resumed": false, "wall_seconds": 43.1299, "error": null, "completed": 564, "failed": 0, "remaining": 1178}
{"event": "date_completed", "date": "2022-02-28", "ok": true, "resumed": false, "wall_seconds": 45.2829, "error": null, "completed": 565, "failed": 0, "remaining": 1177}
{"event": "date_completed", "date": "2022-03-02", "ok": true, "resumed": false, "wall_seconds": 44.5321, "error": null, "completed": 566, "failed": 0, "remaining": 1176}
{"event": "date_completed", "date": "2022-03-04", "ok": true, "resumed": false, "wall_seconds": 44.3564, "error": null, "completed": 567, "failed": 0, "remaining": 1175}
{"event": "date_completed", "date": "2022-03-07", "ok": true, "resumed": false, "wall_seconds": 45.3351, "error": null, "completed": 568, "failed": 0, "remaining": 1174}
{"event": "date_completed", "date": "2022-03-09", "ok": true, "resumed": false, "wall_seconds": 45.3741, "error": null, "completed": 569, "failed": 0, "remaining": 1173}
{"event": "date_completed", "date": "2022-03-18", "ok": true, "resumed": false, "wall_seconds": 15.3247, "error": null, "completed": 570, "failed": 0, "remaining": 1172}
{"event": "date_completed", "date": "2022-03-14", "ok": true, "resumed": false, "wall_seconds": 27.9875, "error": null, "completed": 571, "failed": 0, "remaining": 1171}
{"event": "date_completed", "date": "2022-03-11", "ok": true, "resumed": false, "wall_seconds": 33.3798, "error": null, "completed": 572, "failed": 0, "remaining": 1170}
{"event": "date_completed", "date": "2022-03-15", "ok": true, "resumed": false, "wall_seconds": 30.7232, "error": null, "completed": 573, "failed": 0, "remaining": 1169}
{"event": "date_completed", "date": "2022-03-10", "ok": true, "resumed": false, "wall_seconds": 35.798, "error": null, "completed": 574, "failed": 0, "remaining": 1168}
{"event": "date_completed", "date": "2022-03-08", "ok": true, "resumed": false, "wall_seconds": 62.8986, "error": null, "completed": 575, "failed": 0, "remaining": 1167}
{"event": "date_completed", "date": "2022-02-24", "ok": true, "resumed": false, "wall_seconds": 84.4237, "error": null, "completed": 576, "failed": 0, "remaining": 1166}
{"event": "date_completed", "date": "2022-03-17", "ok": true, "resumed": false, "wall_seconds": 33.9662, "error": null, "completed": 577, "failed": 0, "remaining": 1165}
{"event": "date_completed", "date": "2022-03-21", "ok": true, "resumed": false, "wall_seconds": 32.7849, "error": null, "completed": 578, "failed": 0, "remaining": 1164}
{"event": "date_completed", "date": "2022-03-22", "ok": true, "resumed": false, "wall_seconds": 33.0469, "error": null, "completed": 579, "failed": 0, "remaining": 1163}
{"event": "date_completed", "date": "2022-03-16", "ok": true, "resumed": false, "wall_seconds": 42.7248, "error": null, "completed": 580, "failed": 0, "remaining": 1162}
{"event": "date_completed", "date": "2022-03-23", "ok": true, "resumed": false, "wall_seconds": 27.9119, "error": null, "completed": 581, "failed": 0, "remaining": 1161}
{"event": "date_completed", "date": "2022-03-25", "ok": true, "resumed": false, "wall_seconds": 26.4113, "error": null, "completed": 582, "failed": 0, "remaining": 1160}
{"event": "date_completed", "date": "2022-03-29", "ok": true, "resumed": false, "wall_seconds": 27.1528, "error": null, "completed": 583, "failed": 0, "remaining": 1159}
{"event": "date_completed", "date": "2022-03-24", "ok": true, "resumed": false, "wall_seconds": 32.5287, "error": null, "completed": 584, "failed": 0, "remaining": 1158}
{"event": "date_completed", "date": "2022-03-28", "ok": true, "resumed": false, "wall_seconds": 28.055, "error": null, "completed": 585, "failed": 0, "remaining": 1157}
{"event": "date_completed", "date": "2022-03-30", "ok": true, "resumed": false, "wall_seconds": 27.9133, "error": null, "completed": 586, "failed": 0, "remaining": 1156}
{"event": "date_completed", "date": "2022-03-31", "ok": true, "resumed": false, "wall_seconds": 27.9667, "error": null, "completed": 587, "failed": 0, "remaining": 1155}
{"event": "date_completed", "date": "2022-04-15", "ok": true, "resumed": false, "wall_seconds": 5.7516, "error": null, "completed": 588, "failed": 0, "remaining": 1154}
{"event": "date_completed", "date": "2022-04-01", "ok": true, "resumed": false, "wall_seconds": 33.2856, "error": null, "completed": 589, "failed": 0, "remaining": 1153}
{"event": "date_completed", "date": "2022-04-04", "ok": true, "resumed": false, "wall_seconds": 31.6916, "error": null, "completed": 590, "failed": 0, "remaining": 1152}
{"event": "date_completed", "date": "2022-04-05", "ok": true, "resumed": false, "wall_seconds": 36.156, "error": null, "completed": 591, "failed": 0, "remaining": 1151}
{"event": "date_completed", "date": "2022-04-07", "ok": true, "resumed": false, "wall_seconds": 36.6167, "error": null, "completed": 592, "failed": 0, "remaining": 1150}
{"event": "date_completed", "date": "2022-04-11", "ok": true, "resumed": false, "wall_seconds": 34.4576, "error": null, "completed": 593, "failed": 0, "remaining": 1149}
{"event": "date_completed", "date": "2022-04-18", "ok": true, "resumed": false, "wall_seconds": 27.7741, "error": null, "completed": 594, "failed": 0, "remaining": 1148}
{"event": "date_completed", "date": "2022-04-14", "ok": true, "resumed": false, "wall_seconds": 31.5433, "error": null, "completed": 595, "failed": 0, "remaining": 1147}
{"event": "date_completed", "date": "2022-04-08", "ok": true, "resumed": false, "wall_seconds": 40.0791, "error": null, "completed": 596, "failed": 0, "remaining": 1146}
{"event": "date_completed", "date": "2022-04-13", "ok": true, "resumed": false, "wall_seconds": 34.0276, "error": null, "completed": 597, "failed": 0, "remaining": 1145}
{"event": "date_completed", "date": "2022-04-06", "ok": true, "resumed": false, "wall_seconds": 46.3532, "error": null, "completed": 598, "failed": 0, "remaining": 1144}
{"event": "date_completed", "date": "2022-04-12", "ok": true, "resumed": false, "wall_seconds": 40.7517, "error": null, "completed": 599, "failed": 0, "remaining": 1143}
{"event": "date_completed", "date": "2022-04-19", "ok": true, "resumed": false, "wall_seconds": 36.4784, "error": null, "completed": 600, "failed": 0, "remaining": 1142}
{"event": "date_completed", "date": "2022-04-20", "ok": true, "resumed": false, "wall_seconds": 42.493, "error": null, "completed": 601, "failed": 0, "remaining": 1141}
{"event": "date_completed", "date": "2022-04-21", "ok": true, "resumed": false, "wall_seconds": 44.1233, "error": null, "completed": 602, "failed": 0, "remaining": 1140}
{"event": "date_completed", "date": "2022-04-25", "ok": true, "resumed": false, "wall_seconds": 43.4951, "error": null, "completed": 603, "failed": 0, "remaining": 1139}
{"event": "date_completed", "date": "2022-05-03", "ok": true, "resumed": false, "wall_seconds": 34.9691, "error": null, "completed": 604, "failed": 0, "remaining": 1138}
{"event": "date_completed", "date": "2022-04-27", "ok": true, "resumed": false, "wall_seconds": 39.5766, "error": null, "completed": 605, "failed": 0, "remaining": 1137}
{"event": "date_completed", "date": "2022-04-22", "ok": true, "resumed": false, "wall_seconds": 49.6825, "error": null, "completed": 606, "failed": 0, "remaining": 1136}
{"event": "date_completed", "date": "2022-04-26", "ok": true, "resumed": false, "wall_seconds": 44.7664, "error": null, "completed": 607, "failed": 0, "remaining": 1135}
{"event": "date_completed", "date": "2022-04-28", "ok": true, "resumed": false, "wall_seconds": 46.1863, "error": null, "completed": 608, "failed": 0, "remaining": 1134}
{"event": "date_completed", "date": "2022-04-29", "ok": true, "resumed": false, "wall_seconds": 46.274, "error": null, "completed": 609, "failed": 0, "remaining": 1133}
{"event": "date_completed", "date": "2022-05-02", "ok": true, "resumed": false, "wall_seconds": 49.9738, "error": null, "completed": 610, "failed": 0, "remaining": 1132}
{"event": "date_completed", "date": "2022-05-04", "ok": true, "resumed": false, "wall_seconds": 54.0029, "error": null, "completed": 611, "failed": 0, "remaining": 1131}
{"event": "date_completed", "date": "2022-05-06", "ok": true, "resumed": false, "wall_seconds": 48.2776, "error": null, "completed": 612, "failed": 0, "remaining": 1130}
{"event": "date_completed", "date": "2022-05-05", "ok": true, "resumed": false, "wall_seconds": 63.0259, "error": null, "completed": 613, "failed": 0, "remaining": 1129}
{"event": "date_completed", "date": "2022-05-16", "ok": true, "resumed": false, "wall_seconds": 37.6081, "error": null, "completed": 614, "failed": 0, "remaining": 1128}
{"event": "date_completed", "date": "2022-05-13", "ok": true, "resumed": false, "wall_seconds": 44.4192, "error": null, "completed": 615, "failed": 0, "remaining": 1127}
{"event": "date_completed", "date": "2022-05-17", "ok": true, "resumed": false, "wall_seconds": 40.2305, "error": null, "completed": 616, "failed": 0, "remaining": 1126}
{"event": "date_completed", "date": "2022-05-18", "ok": true, "resumed": false, "wall_seconds": 44.6713, "error": null, "completed": 617, "failed": 0, "remaining": 1125}
{"event": "date_completed", "date": "2022-05-10", "ok": true, "resumed": false, "wall_seconds": 55.086, "error": null, "completed": 618, "failed": 0, "remaining": 1124}
{"event": "date_completed", "date": "2022-05-19", "ok": true, "resumed": false, "wall_seconds": 46.9381, "error": null, "completed": 619, "failed": 0, "remaining": 1123}
{"event": "date_completed", "date": "2022-05-09", "ok": true, "resumed": false, "wall_seconds": 73.2025, "error": null, "completed": 620, "failed": 0, "remaining": 1122}
{"event": "date_completed", "date": "2022-05-11", "ok": true, "resumed": false, "wall_seconds": 65.5616, "error": null, "completed": 621, "failed": 0, "remaining": 1121}
{"event": "date_completed", "date": "2022-05-20", "ok": true, "resumed": false, "wall_seconds": 43.2894, "error": null, "completed": 622, "failed": 0, "remaining": 1120}
{"event": "date_completed", "date": "2022-05-23", "ok": true, "resumed": false, "wall_seconds": 35.1916, "error": null, "completed": 623, "failed": 0, "remaining": 1119}
{"event": "date_completed", "date": "2022-05-24", "ok": true, "resumed": false, "wall_seconds": 34.2129, "error": null, "completed": 624, "failed": 0, "remaining": 1118}
{"event": "date_completed", "date": "2022-05-30", "ok": true, "resumed": false, "wall_seconds": 20.5425, "error": null, "completed": 625, "failed": 0, "remaining": 1117}
{"event": "date_completed", "date": "2022-05-25", "ok": true, "resumed": false, "wall_seconds": 34.8886, "error": null, "completed": 626, "failed": 0, "remaining": 1116}
{"event": "date_completed", "date": "2022-05-12", "ok": true, "resumed": false, "wall_seconds": 79.7815, "error": null, "completed": 627, "failed": 0, "remaining": 1115}
{"event": "date_completed", "date": "2022-05-27", "ok": true, "resumed": false, "wall_seconds": 37.7669, "error": null, "completed": 628, "failed": 0, "remaining": 1114}
{"event": "date_completed", "date": "2022-05-31", "ok": true, "resumed": false, "wall_seconds": 40.8042, "error": null, "completed": 629, "failed": 0, "remaining": 1113}
{"event": "date_completed", "date": "2022-06-03", "ok": true, "resumed": false, "wall_seconds": 31.4513, "error": null, "completed": 630, "failed": 0, "remaining": 1112}
{"event": "date_completed", "date": "2022-06-08", "ok": true, "resumed": false, "wall_seconds": 25.7465, "error": null, "completed": 631, "failed": 0, "remaining": 1111}
{"event": "date_completed", "date": "2022-06-07", "ok": true, "resumed": false, "wall_seconds": 33.1316, "error": null, "completed": 632, "failed": 0, "remaining": 1110}
{"event": "date_completed", "date": "2022-06-02", "ok": true, "resumed": false, "wall_seconds": 39.6092, "error": null, "completed": 633, "failed": 0, "remaining": 1109}
{"event": "date_completed", "date": "2022-06-06", "ok": true, "resumed": false, "wall_seconds": 35.3077, "error": null, "completed": 634, "failed": 0, "remaining": 1108}
{"event": "date_completed", "date": "2022-06-01", "ok": true, "resumed": false, "wall_seconds": 42.5483, "error": null, "completed": 635, "failed": 0, "remaining": 1107}
{"event": "date_completed", "date": "2022-06-13", "ok": true, "resumed": false, "wall_seconds": 28.3493, "error": null, "completed": 636, "failed": 0, "remaining": 1106}
{"event": "date_completed", "date": "2022-06-10", "ok": true, "resumed": false, "wall_seconds": 32.9939, "error": null, "completed": 637, "failed": 0, "remaining": 1105}
{"event": "date_completed", "date": "2022-06-14", "ok": true, "resumed": false, "wall_seconds": 25.3584, "error": null, "completed": 638, "failed": 0, "remaining": 1104}
{"event": "date_completed", "date": "2022-05-26", "ok": true, "resumed": false, "wall_seconds": 64.1998, "error": null, "completed": 639, "failed": 0, "remaining": 1103}
{"event": "date_completed", "date": "2022-06-09", "ok": true, "resumed": false, "wall_seconds": 37.813, "error": null, "completed": 640, "failed": 0, "remaining": 1102}
{"event": "date_completed", "date": "2022-06-17", "ok": true, "resumed": false, "wall_seconds": 14.8558, "error": null, "completed": 641, "failed": 0, "remaining": 1101}
{"event": "date_completed", "date": "2022-06-16", "ok": true, "resumed": false, "wall_seconds": 19.5905, "error": null, "completed": 642, "failed": 0, "remaining": 1100}
{"event": "date_completed", "date": "2022-06-20", "ok": true, "resumed": false, "wall_seconds": 17.3033, "error": null, "completed": 643, "failed": 0, "remaining": 1099}
{"event": "date_completed", "date": "2022-06-15", "ok": true, "resumed": false, "wall_seconds": 32.6245, "error": null, "completed": 644, "failed": 0, "remaining": 1098}
{"event": "date_completed", "date": "2022-06-21", "ok": true, "resumed": false, "wall_seconds": 31.1733, "error": null, "completed": 645, "failed": 0, "remaining": 1097}
{"event": "date_completed", "date": "2022-07-04", "ok": true, "resumed": false, "wall_seconds": 17.8572, "error": null, "completed": 646, "failed": 0, "remaining": 1096}
{"event": "date_completed", "date": "2022-06-27", "ok": true, "resumed": false, "wall_seconds": 28.674, "error": null, "completed": 647, "failed": 0, "remaining": 1095}
{"event": "date_completed", "date": "2022-06-23", "ok": true, "resumed": false, "wall_seconds": 37.4375, "error": null, "completed": 648, "failed": 0, "remaining": 1094}
{"event": "date_completed", "date": "2022-07-01", "ok": true, "resumed": false, "wall_seconds": 34.4948, "error": null, "completed": 649, "failed": 0, "remaining": 1093}
{"event": "date_completed", "date": "2022-06-28", "ok": true, "resumed": false, "wall_seconds": 37.0239, "error": null, "completed": 650, "failed": 0, "remaining": 1092}
{"event": "date_completed", "date": "2022-06-30", "ok": true, "resumed": false, "wall_seconds": 37.7383, "error": null, "completed": 651, "failed": 0, "remaining": 1091}
{"event": "date_completed", "date": "2022-06-29", "ok": true, "resumed": false, "wall_seconds": 39.4308, "error": null, "completed": 652, "failed": 0, "remaining": 1090}
{"event": "date_completed", "date": "2022-07-05", "ok": true, "resumed": false, "wall_seconds": 39.3078, "error": null, "completed": 653, "failed": 0, "remaining": 1089}
{"event": "date_completed", "date": "2022-06-22", "ok": true, "resumed": false, "wall_seconds": 57.2871, "error": null, "completed": 654, "failed": 0, "remaining": 1088}
{"event": "date_completed", "date": "2022-06-24", "ok": true, "resumed": false, "wall_seconds": 55.0798, "error": null, "completed": 655, "failed": 0, "remaining": 1087}
{"event": "date_completed", "date": "2022-07-06", "ok": true, "resumed": false, "wall_seconds": 36.1719, "error": null, "completed": 656, "failed": 0, "remaining": 1086}
{"event": "date_completed", "date": "2022-07-08", "ok": true, "resumed": false, "wall_seconds": 31.0839, "error": null, "completed": 657, "failed": 0, "remaining": 1085}
{"event": "date_completed", "date": "2022-07-11", "ok": true, "resumed": false, "wall_seconds": 27.6115, "error": null, "completed": 658, "failed": 0, "remaining": 1084}
{"event": "date_completed", "date": "2022-07-07", "ok": true, "resumed": false, "wall_seconds": 34.2742, "error": null, "completed": 659, "failed": 0, "remaining": 1083}
{"event": "date_completed", "date": "2022-07-12", "ok": true, "resumed": false, "wall_seconds": 29.5158, "error": null, "completed": 660, "failed": 0, "remaining": 1082}
{"event": "date_completed", "date": "2022-07-15", "ok": true, "resumed": false, "wall_seconds": 30.7547, "error": null, "completed": 661, "failed": 0, "remaining": 1081}
{"event": "date_completed", "date": "2022-07-18", "ok": true, "resumed": false, "wall_seconds": 33.1167, "error": null, "completed": 662, "failed": 0, "remaining": 1080}
{"event": "date_completed", "date": "2022-07-14", "ok": true, "resumed": false, "wall_seconds": 41.0482, "error": null, "completed": 663, "failed": 0, "remaining": 1079}
{"event": "date_completed", "date": "2022-07-26", "ok": true, "resumed": false, "wall_seconds": 23.7577, "error": null, "completed": 664, "failed": 0, "remaining": 1078}
{"event": "date_completed", "date": "2022-07-20", "ok": true, "resumed": false, "wall_seconds": 31.3465, "error": null, "completed": 665, "failed": 0, "remaining": 1077}
{"event": "date_completed", "date": "2022-07-19", "ok": true, "resumed": false, "wall_seconds": 36.5878, "error": null, "completed": 666, "failed": 0, "remaining": 1076}
{"event": "date_completed", "date": "2022-07-25", "ok": true, "resumed": false, "wall_seconds": 29.2421, "error": null, "completed": 667, "failed": 0, "remaining": 1075}
{"event": "date_completed", "date": "2022-07-21", "ok": true, "resumed": false, "wall_seconds": 33.233, "error": null, "completed": 668, "failed": 0, "remaining": 1074}
{"event": "date_completed", "date": "2022-07-28", "ok": true, "resumed": false, "wall_seconds": 35.2079, "error": null, "completed": 669, "failed": 0, "remaining": 1073}
{"event": "date_completed", "date": "2022-07-13", "ok": true, "resumed": false, "wall_seconds": 59.9089, "error": null, "completed": 670, "failed": 0, "remaining": 1072}
{"event": "date_completed", "date": "2022-07-22", "ok": true, "resumed": false, "wall_seconds": 42.3723, "error": null, "completed": 671, "failed": 0, "remaining": 1071}
{"event": "date_completed", "date": "2022-07-29", "ok": true, "resumed": false, "wall_seconds": 30.5174, "error": null, "completed": 672, "failed": 0, "remaining": 1070}
{"event": "date_completed", "date": "2022-08-04", "ok": true, "resumed": false, "wall_seconds": 24.7366, "error": null, "completed": 673, "failed": 0, "remaining": 1069}
{"event": "date_completed", "date": "2022-08-02", "ok": true, "resumed": false, "wall_seconds": 31.4222, "error": null, "completed": 674, "failed": 0, "remaining": 1068}
{"event": "date_completed", "date": "2022-08-09", "ok": true, "resumed": false, "wall_seconds": 24.7305, "error": null, "completed": 675, "failed": 0, "remaining": 1067}
{"event": "date_completed", "date": "2022-08-05", "ok": true, "resumed": false, "wall_seconds": 32.8024, "error": null, "completed": 676, "failed": 0, "remaining": 1066}
{"event": "date_completed", "date": "2022-07-27", "ok": true, "resumed": false, "wall_seconds": 60.7145, "error": null, "completed": 677, "failed": 0, "remaining": 1065}
{"event": "date_completed", "date": "2022-08-03", "ok": true, "resumed": false, "wall_seconds": 37.6398, "error": null, "completed": 678, "failed": 0, "remaining": 1064}
{"event": "date_completed", "date": "2022-08-08", "ok": true, "resumed": false, "wall_seconds": 33.9687, "error": null, "completed": 679, "failed": 0, "remaining": 1063}
{"event": "date_completed", "date": "2022-08-01", "ok": true, "resumed": false, "wall_seconds": 47.8818, "error": null, "completed": 680, "failed": 0, "remaining": 1062}
{"event": "date_completed", "date": "2022-08-11", "ok": true, "resumed": false, "wall_seconds": 28.0716, "error": null, "completed": 681, "failed": 0, "remaining": 1061}
{"event": "date_completed", "date": "2022-08-15", "ok": true, "resumed": false, "wall_seconds": 23.9785, "error": null, "completed": 682, "failed": 0, "remaining": 1060}
{"event": "date_completed", "date": "2022-08-12", "ok": true, "resumed": false, "wall_seconds": 28.8437, "error": null, "completed": 683, "failed": 0, "remaining": 1059}
{"event": "date_completed", "date": "2022-08-10", "ok": true, "resumed": false, "wall_seconds": 30.7471, "error": null, "completed": 684, "failed": 0, "remaining": 1058}
{"event": "date_completed", "date": "2022-08-18", "ok": true, "resumed": false, "wall_seconds": 25.5694, "error": null, "completed": 685, "failed": 0, "remaining": 1057}
{"event": "date_completed", "date": "2022-08-16", "ok": true, "resumed": false, "wall_seconds": 33.1941, "error": null, "completed": 686, "failed": 0, "remaining": 1056}
{"event": "date_completed", "date": "2022-08-17", "ok": true, "resumed": false, "wall_seconds": 28.6215, "error": null, "completed": 687, "failed": 0, "remaining": 1055}
{"event": "date_completed", "date": "2022-08-23", "ok": true, "resumed": false, "wall_seconds": 26.5499, "error": null, "completed": 688, "failed": 0, "remaining": 1054}
{"event": "date_completed", "date": "2022-08-19", "ok": true, "resumed": false, "wall_seconds": 30.121, "error": null, "completed": 689, "failed": 0, "remaining": 1053}
{"event": "date_completed", "date": "2022-08-22", "ok": true, "resumed": false, "wall_seconds": 29.2216, "error": null, "completed": 690, "failed": 0, "remaining": 1052}
{"event": "date_completed", "date": "2022-08-24", "ok": true, "resumed": false, "wall_seconds": 28.3219, "error": null, "completed": 691, "failed": 0, "remaining": 1051}
{"event": "date_completed", "date": "2022-08-25", "ok": true, "resumed": false, "wall_seconds": 29.7658, "error": null, "completed": 692, "failed": 0, "remaining": 1050}
{"event": "date_completed", "date": "2022-09-05", "ok": true, "resumed": false, "wall_seconds": 18.6496, "error": null, "completed": 693, "failed": 0, "remaining": 1049}
{"event": "date_completed", "date": "2022-08-31", "ok": true, "resumed": false, "wall_seconds": 33.9794, "error": null, "completed": 694, "failed": 0, "remaining": 1048}
{"event": "date_completed", "date": "2022-08-30", "ok": true, "resumed": false, "wall_seconds": 34.7624, "error": null, "completed": 695, "failed": 0, "remaining": 1047}
{"event": "date_completed", "date": "2022-08-29", "ok": true, "resumed": false, "wall_seconds": 40.1303, "error": null, "completed": 696, "failed": 0, "remaining": 1046}
{"event": "date_completed", "date": "2022-08-26", "ok": true, "resumed": false, "wall_seconds": 43.9117, "error": null, "completed": 697, "failed": 0, "remaining": 1045}
{"event": "date_completed", "date": "2022-09-12", "ok": true, "resumed": false, "wall_seconds": 22.7372, "error": null, "completed": 698, "failed": 0, "remaining": 1044}
{"event": "date_completed", "date": "2022-09-09", "ok": true, "resumed": false, "wall_seconds": 29.3805, "error": null, "completed": 699, "failed": 0, "remaining": 1043}
{"event": "date_completed", "date": "2022-09-02", "ok": true, "resumed": false, "wall_seconds": 39.7669, "error": null, "completed": 700, "failed": 0, "remaining": 1042}
{"event": "date_completed", "date": "2022-09-01", "ok": true, "resumed": false, "wall_seconds": 42.5792, "error": null, "completed": 701, "failed": 0, "remaining": 1041}
{"event": "date_completed", "date": "2022-09-08", "ok": true, "resumed": false, "wall_seconds": 34.2578, "error": null, "completed": 702, "failed": 0, "remaining": 1040}
{"event": "date_completed", "date": "2022-09-06", "ok": true, "resumed": false, "wall_seconds": 36.968, "error": null, "completed": 703, "failed": 0, "remaining": 1039}
{"event": "date_completed", "date": "2022-09-16", "ok": true, "resumed": false, "wall_seconds": 15.8098, "error": null, "completed": 704, "failed": 0, "remaining": 1038}
{"event": "date_completed", "date": "2022-09-14", "ok": true, "resumed": false, "wall_seconds": 25.5331, "error": null, "completed": 705, "failed": 0, "remaining": 1037}
{"event": "date_completed", "date": "2022-09-15", "ok": true, "resumed": false, "wall_seconds": 25.5456, "error": null, "completed": 706, "failed": 0, "remaining": 1036}
{"event": "date_completed", "date": "2022-09-13", "ok": true, "resumed": false, "wall_seconds": 29.1859, "error": null, "completed": 707, "failed": 0, "remaining": 1035}
{"event": "date_completed", "date": "2022-09-07", "ok": true, "resumed": false, "wall_seconds": 41.7754, "error": null, "completed": 708, "failed": 0, "remaining": 1034}
{"event": "date_completed", "date": "2022-09-19", "ok": true, "resumed": false, "wall_seconds": 34.7064, "error": null, "completed": 709, "failed": 0, "remaining": 1033}
{"event": "date_completed", "date": "2022-09-22", "ok": true, "resumed": false, "wall_seconds": 33.1313, "error": null, "completed": 710, "failed": 0, "remaining": 1032}
{"event": "date_completed", "date": "2022-09-20", "ok": true, "resumed": false, "wall_seconds": 38.5761, "error": null, "completed": 711, "failed": 0, "remaining": 1031}
{"event": "date_completed", "date": "2022-09-23", "ok": true, "resumed": false, "wall_seconds": 34.2583, "error": null, "completed": 712, "failed": 0, "remaining": 1030}
{"event": "date_completed", "date": "2022-09-27", "ok": true, "resumed": false, "wall_seconds": 34.158, "error": null, "completed": 713, "failed": 0, "remaining": 1029}
{"event": "date_completed", "date": "2022-09-21", "ok": true, "resumed": false, "wall_seconds": 43.9131, "error": null, "completed": 714, "failed": 0, "remaining": 1028}
{"event": "date_completed", "date": "2022-09-26", "ok": true, "resumed": false, "wall_seconds": 39.9069, "error": null, "completed": 715, "failed": 0, "remaining": 1027}
{"event": "date_completed", "date": "2022-09-29", "ok": true, "resumed": false, "wall_seconds": 38.5383, "error": null, "completed": 716, "failed": 0, "remaining": 1026}
{"event": "date_completed", "date": "2022-09-30", "ok": true, "resumed": false, "wall_seconds": 41.6157, "error": null, "completed": 717, "failed": 0, "remaining": 1025}
{"event": "date_completed", "date": "2022-10-04", "ok": true, "resumed": false, "wall_seconds": 40.019, "error": null, "completed": 718, "failed": 0, "remaining": 1024}
{"event": "date_completed", "date": "2022-09-28", "ok": true, "resumed": false, "wall_seconds": 48.0357, "error": null, "completed": 719, "failed": 0, "remaining": 1023}
{"event": "date_completed", "date": "2022-10-03", "ok": true, "resumed": false, "wall_seconds": 46.0237, "error": null, "completed": 720, "failed": 0, "remaining": 1022}
{"event": "date_completed", "date": "2022-10-05", "ok": true, "resumed": false, "wall_seconds": 38.664, "error": null, "completed": 721, "failed": 0, "remaining": 1021}
{"event": "date_completed", "date": "2022-10-06", "ok": true, "resumed": false, "wall_seconds": 31.4537, "error": null, "completed": 722, "failed": 0, "remaining": 1020}
{"event": "date_completed", "date": "2022-10-10", "ok": true, "resumed": false, "wall_seconds": 32.2379, "error": null, "completed": 723, "failed": 0, "remaining": 1019}
{"event": "date_completed", "date": "2022-10-12", "ok": true, "resumed": false, "wall_seconds": 29.5612, "error": null, "completed": 724, "failed": 0, "remaining": 1018}
{"event": "date_completed", "date": "2022-10-07", "ok": true, "resumed": false, "wall_seconds": 38.3547, "error": null, "completed": 725, "failed": 0, "remaining": 1017}
{"event": "date_completed", "date": "2022-10-11", "ok": true, "resumed": false, "wall_seconds": 39.9512, "error": null, "completed": 726, "failed": 0, "remaining": 1016}
{"event": "date_completed", "date": "2022-10-17", "ok": true, "resumed": false, "wall_seconds": 33.0947, "error": null, "completed": 727, "failed": 0, "remaining": 1015}
{"event": "date_completed", "date": "2022-10-14", "ok": true, "resumed": false, "wall_seconds": 41.2336, "error": null, "completed": 728, "failed": 0, "remaining": 1014}
{"event": "date_completed", "date": "2022-10-19", "ok": true, "resumed": false, "wall_seconds": 36.843, "error": null, "completed": 729, "failed": 0, "remaining": 1013}
{"event": "date_completed", "date": "2022-10-18", "ok": true, "resumed": false, "wall_seconds": 38.3204, "error": null, "completed": 730, "failed": 0, "remaining": 1012}
{"event": "date_completed", "date": "2022-10-20", "ok": true, "resumed": false, "wall_seconds": 34.2471, "error": null, "completed": 731, "failed": 0, "remaining": 1011}
{"event": "date_completed", "date": "2022-10-25", "ok": true, "resumed": false, "wall_seconds": 33.6323, "error": null, "completed": 732, "failed": 0, "remaining": 1010}
{"event": "date_completed", "date": "2022-10-24", "ok": true, "resumed": false, "wall_seconds": 40.9465, "error": null, "completed": 733, "failed": 0, "remaining": 1009}
{"event": "date_completed", "date": "2022-10-26", "ok": true, "resumed": false, "wall_seconds": 37.5582, "error": null, "completed": 734, "failed": 0, "remaining": 1008}
{"event": "date_completed", "date": "2022-10-13", "ok": true, "resumed": false, "wall_seconds": 70.6402, "error": null, "completed": 735, "failed": 0, "remaining": 1007}
{"event": "date_completed", "date": "2022-10-27", "ok": true, "resumed": false, "wall_seconds": 42.4355, "error": null, "completed": 736, "failed": 0, "remaining": 1006}
{"event": "date_completed", "date": "2022-10-21", "ok": true, "resumed": false, "wall_seconds": 54.7751, "error": null, "completed": 737, "failed": 0, "remaining": 1005}
{"event": "date_completed", "date": "2022-10-28", "ok": true, "resumed": false, "wall_seconds": 42.1602, "error": null, "completed": 738, "failed": 0, "remaining": 1004}
{"event": "date_completed", "date": "2022-10-31", "ok": true, "resumed": false, "wall_seconds": 39.6673, "error": null, "completed": 739, "failed": 0, "remaining": 1003}
{"event": "date_completed", "date": "2022-11-03", "ok": true, "resumed": false, "wall_seconds": 35.8291, "error": null, "completed": 740, "failed": 0, "remaining": 1002}
{"event": "date_completed", "date": "2022-11-01", "ok": true, "resumed": false, "wall_seconds": 37.6784, "error": null, "completed": 741, "failed": 0, "remaining": 1001}
{"event": "date_completed", "date": "2022-11-04", "ok": true, "resumed": false, "wall_seconds": 38.5014, "error": null, "completed": 742, "failed": 0, "remaining": 1000}
{"event": "date_completed", "date": "2022-11-02", "ok": true, "resumed": false, "wall_seconds": 44.3772, "error": null, "completed": 743, "failed": 0, "remaining": 999}
{"event": "date_completed", "date": "2022-11-07", "ok": true, "resumed": false, "wall_seconds": 31.9173, "error": null, "completed": 744, "failed": 0, "remaining": 998}
{"event": "date_completed", "date": "2022-11-08", "ok": true, "resumed": false, "wall_seconds": 35.0575, "error": null, "completed": 745, "failed": 0, "remaining": 997}
{"event": "date_completed", "date": "2022-11-09", "ok": true, "resumed": false, "wall_seconds": 36.0775, "error": null, "completed": 746, "failed": 0, "remaining": 996}
{"event": "date_completed", "date": "2022-11-14", "ok": true, "resumed": false, "wall_seconds": 28.2563, "error": null, "completed": 747, "failed": 0, "remaining": 995}
{"event": "date_completed", "date": "2022-11-18", "ok": true, "resumed": false, "wall_seconds": 24.1969, "error": null, "completed": 748, "failed": 0, "remaining": 994}
{"event": "date_completed", "date": "2022-11-11", "ok": true, "resumed": false, "wall_seconds": 34.494, "error": null, "completed": 749, "failed": 0, "remaining": 993}
{"event": "date_completed", "date": "2022-11-16", "ok": true, "resumed": false, "wall_seconds": 28.9175, "error": null, "completed": 750, "failed": 0, "remaining": 992}
{"event": "date_completed", "date": "2022-11-21", "ok": true, "resumed": false, "wall_seconds": 25.0292, "error": null, "completed": 751, "failed": 0, "remaining": 991}
{"event": "date_completed", "date": "2022-11-15", "ok": true, "resumed": false, "wall_seconds": 37.5868, "error": null, "completed": 752, "failed": 0, "remaining": 990}
{"event": "date_completed", "date": "2022-11-24", "ok": true, "resumed": false, "wall_seconds": 16.1564, "error": null, "completed": 753, "failed": 0, "remaining": 989}
{"event": "date_completed", "date": "2022-11-17", "ok": true, "resumed": false, "wall_seconds": 34.9324, "error": null, "completed": 754, "failed": 0, "remaining": 988}
{"event": "date_completed", "date": "2022-11-23", "ok": true, "resumed": false, "wall_seconds": 27.5384, "error": null, "completed": 755, "failed": 0, "remaining": 987}
{"event": "date_completed", "date": "2022-11-25", "ok": true, "resumed": false, "wall_seconds": 18.996, "error": null, "completed": 756, "failed": 0, "remaining": 986}
{"event": "date_completed", "date": "2022-11-10", "ok": true, "resumed": false, "wall_seconds": 53.9771, "error": null, "completed": 757, "failed": 0, "remaining": 985}
{"event": "date_completed", "date": "2022-11-22", "ok": true, "resumed": false, "wall_seconds": 34.6491, "error": null, "completed": 758, "failed": 0, "remaining": 984}
{"event": "date_completed", "date": "2022-11-29", "ok": true, "resumed": false, "wall_seconds": 24.331, "error": null, "completed": 759, "failed": 0, "remaining": 983}
{"event": "date_completed", "date": "2022-11-28", "ok": true, "resumed": false, "wall_seconds": 28.3936, "error": null, "completed": 760, "failed": 0, "remaining": 982}
{"event": "date_completed", "date": "2022-12-02", "ok": true, "resumed": false, "wall_seconds": 29.6124, "error": null, "completed": 761, "failed": 0, "remaining": 981}
{"event": "date_completed", "date": "2022-12-01", "ok": true, "resumed": false, "wall_seconds": 31.897, "error": null, "completed": 762, "failed": 0, "remaining": 980}
{"event": "date_completed", "date": "2022-12-05", "ok": true, "resumed": false, "wall_seconds": 27.2729, "error": null, "completed": 763, "failed": 0, "remaining": 979}
{"event": "date_completed", "date": "2022-12-07", "ok": true, "resumed": false, "wall_seconds": 25.28, "error": null, "completed": 764, "failed": 0, "remaining": 978}
{"event": "date_completed", "date": "2022-12-06", "ok": true, "resumed": false, "wall_seconds": 28.2969, "error": null, "completed": 765, "failed": 0, "remaining": 977}
{"event": "date_completed", "date": "2022-12-09", "ok": true, "resumed": false, "wall_seconds": 22.9325, "error": null, "completed": 766, "failed": 0, "remaining": 976}
{"event": "date_completed", "date": "2022-11-30", "ok": true, "resumed": false, "wall_seconds": 40.0108, "error": null, "completed": 767, "failed": 0, "remaining": 975}
{"event": "date_completed", "date": "2022-12-12", "ok": true, "resumed": false, "wall_seconds": 26.1747, "error": null, "completed": 768, "failed": 0, "remaining": 974}
{"event": "date_completed", "date": "2022-12-08", "ok": true, "resumed": false, "wall_seconds": 32.2824, "error": null, "completed": 769, "failed": 0, "remaining": 973}
{"event": "date_completed", "date": "2022-12-26", "ok": true, "resumed": false, "wall_seconds": 4.4516, "error": null, "completed": 770, "failed": 0, "remaining": 972}
{"event": "date_completed", "date": "2022-12-15", "ok": true, "resumed": false, "wall_seconds": 22.1388, "error": null, "completed": 771, "failed": 0, "remaining": 971}
{"event": "date_completed", "date": "2022-12-16", "ok": true, "resumed": false, "wall_seconds": 14.9131, "error": null, "completed": 772, "failed": 0, "remaining": 970}
{"event": "date_completed", "date": "2022-12-13", "ok": true, "resumed": false, "wall_seconds": 31.4019, "error": null, "completed": 773, "failed": 0, "remaining": 969}
{"event": "date_completed", "date": "2022-12-14", "ok": true, "resumed": false, "wall_seconds": 25.8422, "error": null, "completed": 774, "failed": 0, "remaining": 968}
{"event": "date_completed", "date": "2023-01-02", "ok": true, "resumed": false, "wall_seconds": 3.371, "error": null, "completed": 775, "failed": 0, "remaining": 967}
{"event": "date_completed", "date": "2022-12-19", "ok": true, "resumed": false, "wall_seconds": 27.5713, "error": null, "completed": 776, "failed": 0, "remaining": 966}
{"event": "date_completed", "date": "2022-12-21", "ok": true, "resumed": false, "wall_seconds": 28.1471, "error": null, "completed": 777, "failed": 0, "remaining": 965}
{"event": "date_completed", "date": "2022-12-23", "ok": true, "resumed": false, "wall_seconds": 25.0563, "error": null, "completed": 778, "failed": 0, "remaining": 964}
{"event": "date_completed", "date": "2022-12-20", "ok": true, "resumed": false, "wall_seconds": 31.0874, "error": null, "completed": 779, "failed": 0, "remaining": 963}
{"event": "date_completed", "date": "2022-12-27", "ok": true, "resumed": false, "wall_seconds": 23.7322, "error": null, "completed": 780, "failed": 0, "remaining": 962}
{"event": "date_completed", "date": "2022-12-22", "ok": true, "resumed": false, "wall_seconds": 34.6578, "error": null, "completed": 781, "failed": 0, "remaining": 961}
{"event": "date_completed", "date": "2022-12-30", "ok": true, "resumed": false, "wall_seconds": 24.3831, "error": null, "completed": 782, "failed": 0, "remaining": 960}
{"event": "date_completed", "date": "2022-12-28", "ok": true, "resumed": false, "wall_seconds": 30.0912, "error": null, "completed": 783, "failed": 0, "remaining": 959}
{"event": "date_completed", "date": "2023-01-05", "ok": true, "resumed": false, "wall_seconds": 31.3424, "error": null, "completed": 784, "failed": 0, "remaining": 958}
{"event": "date_completed", "date": "2023-01-04", "ok": true, "resumed": false, "wall_seconds": 34.1466, "error": null, "completed": 785, "failed": 0, "remaining": 957}
{"event": "date_completed", "date": "2023-01-03", "ok": true, "resumed": false, "wall_seconds": 37.17, "error": null, "completed": 786, "failed": 0, "remaining": 956}
{"event": "date_completed", "date": "2023-01-16", "ok": true, "resumed": false, "wall_seconds": 17.2476, "error": null, "completed": 787, "failed": 0, "remaining": 955}
{"event": "date_completed", "date": "2023-01-11", "ok": true, "resumed": false, "wall_seconds": 26.5657, "error": null, "completed": 788, "failed": 0, "remaining": 954}
{"event": "date_completed", "date": "2022-12-29", "ok": true, "resumed": false, "wall_seconds": 51.5975, "error": null, "completed": 789, "failed": 0, "remaining": 953}
{"event": "date_completed", "date": "2023-01-10", "ok": true, "resumed": false, "wall_seconds": 33.462, "error": null, "completed": 790, "failed": 0, "remaining": 952}
{"event": "date_completed", "date": "2023-01-13", "ok": true, "resumed": false, "wall_seconds": 31.7022, "error": null, "completed": 791, "failed": 0, "remaining": 951}
{"event": "date_completed", "date": "2023-01-17", "ok": true, "resumed": false, "wall_seconds": 29.2595, "error": null, "completed": 792, "failed": 0, "remaining": 950}
{"event": "date_completed", "date": "2023-01-06", "ok": true, "resumed": false, "wall_seconds": 44.7052, "error": null, "completed": 793, "failed": 0, "remaining": 949}
{"event": "date_completed", "date": "2023-01-09", "ok": true, "resumed": false, "wall_seconds": 46.2589, "error": null, "completed": 794, "failed": 0, "remaining": 948}
{"event": "date_completed", "date": "2023-01-12", "ok": true, "resumed": false, "wall_seconds": 42.5467, "error": null, "completed": 795, "failed": 0, "remaining": 947}
{"event": "date_completed", "date": "2023-01-19", "ok": true, "resumed": false, "wall_seconds": 28.738, "error": null, "completed": 796, "failed": 0, "remaining": 946}
{"event": "date_completed", "date": "2023-01-18", "ok": true, "resumed": false, "wall_seconds": 31.2116, "error": null, "completed": 797, "failed": 0, "remaining": 945}
{"event": "date_completed", "date": "2023-01-24", "ok": true, "resumed": false, "wall_seconds": 23.8833, "error": null, "completed": 798, "failed": 0, "remaining": 944}
{"event": "date_completed", "date": "2023-01-20", "ok": true, "resumed": false, "wall_seconds": 33.6735, "error": null, "completed": 799, "failed": 0, "remaining": 943}
{"event": "date_completed", "date": "2023-01-26", "ok": true, "resumed": false, "wall_seconds": 32.0555, "error": null, "completed": 800, "failed": 0, "remaining": 942}
{"event": "date_completed", "date": "2023-01-27", "ok": true, "resumed": false, "wall_seconds": 28.7398, "error": null, "completed": 801, "failed": 0, "remaining": 941}
{"event": "date_completed", "date": "2023-01-25", "ok": true, "resumed": false, "wall_seconds": 39.3538, "error": null, "completed": 802, "failed": 0, "remaining": 940}
{"event": "date_completed", "date": "2023-01-30", "ok": true, "resumed": false, "wall_seconds": 33.6541, "error": null, "completed": 803, "failed": 0, "remaining": 939}
{"event": "date_completed", "date": "2023-01-31", "ok": true, "resumed": false, "wall_seconds": 32.7991, "error": null, "completed": 804, "failed": 0, "remaining": 938}
{"event": "date_completed", "date": "2023-02-06", "ok": true, "resumed": false, "wall_seconds": 25.7637, "error": null, "completed": 805, "failed": 0, "remaining": 937}
{"event": "date_completed", "date": "2023-01-23", "ok": true, "resumed": false, "wall_seconds": 54.1042, "error": null, "completed": 806, "failed": 0, "remaining": 936}
{"event": "date_completed", "date": "2023-02-08", "ok": true, "resumed": false, "wall_seconds": 32.8864, "error": null, "completed": 807, "failed": 0, "remaining": 935}
{"event": "date_completed", "date": "2023-02-01", "ok": true, "resumed": false, "wall_seconds": 48.9699, "error": null, "completed": 808, "failed": 0, "remaining": 934}
{"event": "date_completed", "date": "2023-02-02", "ok": true, "resumed": false, "wall_seconds": 50.5968, "error": null, "completed": 809, "failed": 0, "remaining": 933}
{"event": "date_completed", "date": "2023-02-09", "ok": true, "resumed": false, "wall_seconds": 32.5943, "error": null, "completed": 810, "failed": 0, "remaining": 932}
{"event": "date_completed", "date": "2023-02-07", "ok": true, "resumed": false, "wall_seconds": 48.5336, "error": null, "completed": 811, "failed": 0, "remaining": 931}
{"event": "date_completed", "date": "2023-02-20", "ok": true, "resumed": false, "wall_seconds": 13.3245, "error": null, "completed": 812, "failed": 0, "remaining": 930}
{"event": "date_completed", "date": "2023-02-13", "ok": true, "resumed": false, "wall_seconds": 32.0627, "error": null, "completed": 813, "failed": 0, "remaining": 929}
{"event": "date_completed", "date": "2023-02-10", "ok": true, "resumed": false, "wall_seconds": 36.8294, "error": null, "completed": 814, "failed": 0, "remaining": 928}
{"event": "date_completed", "date": "2023-02-15", "ok": true, "resumed": false, "wall_seconds": 31.328, "error": null, "completed": 815, "failed": 0, "remaining": 927}
{"event": "date_completed", "date": "2023-02-17", "ok": true, "resumed": false, "wall_seconds": 29.0812, "error": null, "completed": 816, "failed": 0, "remaining": 926}
{"event": "date_completed", "date": "2023-02-16", "ok": true, "resumed": false, "wall_seconds": 35.1215, "error": null, "completed": 817, "failed": 0, "remaining": 925}
{"event": "date_completed", "date": "2023-02-14", "ok": true, "resumed": false, "wall_seconds": 38.9147, "error": null, "completed": 818, "failed": 0, "remaining": 924}
{"event": "date_completed", "date": "2023-02-03", "ok": true, "resumed": false, "wall_seconds": 69.8768, "error": null, "completed": 819, "failed": 0, "remaining": 923}
{"event": "date_completed", "date": "2023-02-21", "ok": true, "resumed": false, "wall_seconds": 30.0029, "error": null, "completed": 820, "failed": 0, "remaining": 922}
{"event": "date_completed", "date": "2023-02-24", "ok": true, "resumed": false, "wall_seconds": 27.4413, "error": null, "completed": 821, "failed": 0, "remaining": 921}
{"event": "date_completed", "date": "2023-02-27", "ok": true, "resumed": false, "wall_seconds": 27.9588, "error": null, "completed": 822, "failed": 0, "remaining": 920}
{"event": "date_completed", "date": "2023-02-22", "ok": true, "resumed": false, "wall_seconds": 34.0283, "error": null, "completed": 823, "failed": 0, "remaining": 919}
{"event": "date_completed", "date": "2023-02-23", "ok": true, "resumed": false, "wall_seconds": 33.0678, "error": null, "completed": 824, "failed": 0, "remaining": 918}
{"event": "date_completed", "date": "2023-03-01", "ok": true, "resumed": false, "wall_seconds": 31.8862, "error": null, "completed": 825, "failed": 0, "remaining": 917}
{"event": "date_completed", "date": "2023-03-07", "ok": true, "resumed": false, "wall_seconds": 31.5369, "error": null, "completed": 826, "failed": 0, "remaining": 916}
{"event": "date_completed", "date": "2023-02-28", "ok": true, "resumed": false, "wall_seconds": 40.2698, "error": null, "completed": 827, "failed": 0, "remaining": 915}
{"event": "date_completed", "date": "2023-03-06", "ok": true, "resumed": false, "wall_seconds": 33.8026, "error": null, "completed": 828, "failed": 0, "remaining": 914}
{"event": "date_completed", "date": "2023-03-02", "ok": true, "resumed": false, "wall_seconds": 38.9948, "error": null, "completed": 829, "failed": 0, "remaining": 913}
{"event": "date_completed", "date": "2023-03-03", "ok": true, "resumed": false, "wall_seconds": 38.3772, "error": null, "completed": 830, "failed": 0, "remaining": 912}
{"event": "date_completed", "date": "2023-03-08", "ok": true, "resumed": false, "wall_seconds": 29.676, "error": null, "completed": 831, "failed": 0, "remaining": 911}
{"event": "date_completed", "date": "2023-03-17", "ok": true, "resumed": false, "wall_seconds": 18.8595, "error": null, "completed": 832, "failed": 0, "remaining": 910}
{"event": "date_completed", "date": "2023-03-15", "ok": true, "resumed": false, "wall_seconds": 34.0041, "error": null, "completed": 833, "failed": 0, "remaining": 909}
{"event": "date_completed", "date": "2023-03-09", "ok": true, "resumed": false, "wall_seconds": 44.0374, "error": null, "completed": 834, "failed": 0, "remaining": 908}
{"event": "date_completed", "date": "2023-03-13", "ok": true, "resumed": false, "wall_seconds": 39.722, "error": null, "completed": 835, "failed": 0, "remaining": 907}
{"event": "date_completed", "date": "2023-03-21", "ok": true, "resumed": false, "wall_seconds": 28.1893, "error": null, "completed": 836, "failed": 0, "remaining": 906}
{"event": "date_completed", "date": "2023-03-14", "ok": true, "resumed": false, "wall_seconds": 47.2285, "error": null, "completed": 837, "failed": 0, "remaining": 905}
{"event": "date_completed", "date": "2023-03-10", "ok": true, "resumed": false, "wall_seconds": 51.5793, "error": null, "completed": 838, "failed": 0, "remaining": 904}
{"event": "date_completed", "date": "2023-03-24", "ok": true, "resumed": false, "wall_seconds": 32.1715, "error": null, "completed": 839, "failed": 0, "remaining": 903}
{"event": "date_completed", "date": "2023-03-20", "ok": true, "resumed": false, "wall_seconds": 37.5366, "error": null, "completed": 840, "failed": 0, "remaining": 902}
{"event": "date_completed", "date": "2023-03-22", "ok": true, "resumed": false, "wall_seconds": 38.2646, "error": null, "completed": 841, "failed": 0, "remaining": 901}
{"event": "date_completed", "date": "2023-03-16", "ok": true, "resumed": false, "wall_seconds": 51.0615, "error": null, "completed": 842, "failed": 0, "remaining": 900}
{"event": "date_completed", "date": "2023-04-07", "ok": true, "resumed": false, "wall_seconds": 4.7531, "error": null, "completed": 843, "failed": 0, "remaining": 899}
{"event": "date_completed", "date": "2023-03-28", "ok": true, "resumed": false, "wall_seconds": 23.8382, "error": null, "completed": 844, "failed": 0, "remaining": 898}
{"event": "date_completed", "date": "2023-03-23", "ok": true, "resumed": false, "wall_seconds": 41.8228, "error": null, "completed": 845, "failed": 0, "remaining": 897}
{"event": "date_completed", "date": "2023-03-27", "ok": true, "resumed": false, "wall_seconds": 27.4167, "error": null, "completed": 846, "failed": 0, "remaining": 896}
{"event": "date_completed", "date": "2023-03-29", "ok": true, "resumed": false, "wall_seconds": 26.7008, "error": null, "completed": 847, "failed": 0, "remaining": 895}
{"event": "date_completed", "date": "2023-04-03", "ok": true, "resumed": false, "wall_seconds": 26.29, "error": null, "completed": 848, "failed": 0, "remaining": 894}
{"event": "date_completed", "date": "2023-03-31", "ok": true, "resumed": false, "wall_seconds": 32.0858, "error": null, "completed": 849, "failed": 0, "remaining": 893}
{"event": "date_completed", "date": "2023-04-05", "ok": true, "resumed": false, "wall_seconds": 29.3105, "error": null, "completed": 850, "failed": 0, "remaining": 892}
{"event": "date_completed", "date": "2023-03-30", "ok": true, "resumed": false, "wall_seconds": 40.9746, "error": null, "completed": 851, "failed": 0, "remaining": 891}
{"event": "date_completed", "date": "2023-04-04", "ok": true, "resumed": false, "wall_seconds": 32.104, "error": null, "completed": 852, "failed": 0, "remaining": 890}
{"event": "date_completed", "date": "2023-04-11", "ok": true, "resumed": false, "wall_seconds": 24.2532, "error": null, "completed": 853, "failed": 0, "remaining": 889}
{"event": "date_completed", "date": "2023-04-10", "ok": true, "resumed": false, "wall_seconds": 26.8309, "error": null, "completed": 854, "failed": 0, "remaining": 888}
{"event": "date_completed", "date": "2023-04-06", "ok": true, "resumed": false, "wall_seconds": 33.7768, "error": null, "completed": 855, "failed": 0, "remaining": 887}
{"event": "date_completed", "date": "2023-04-17", "ok": true, "resumed": false, "wall_seconds": 24.7002, "error": null, "completed": 856, "failed": 0, "remaining": 886}
{"event": "date_completed", "date": "2023-04-14", "ok": true, "resumed": false, "wall_seconds": 29.7473, "error": null, "completed": 857, "failed": 0, "remaining": 885}
{"event": "date_completed", "date": "2023-04-13", "ok": true, "resumed": false, "wall_seconds": 32.956, "error": null, "completed": 858, "failed": 0, "remaining": 884}
{"event": "date_completed", "date": "2023-04-12", "ok": true, "resumed": false, "wall_seconds": 33.927, "error": null, "completed": 859, "failed": 0, "remaining": 883}
{"event": "date_completed", "date": "2023-04-18", "ok": true, "resumed": false, "wall_seconds": 29.1457, "error": null, "completed": 860, "failed": 0, "remaining": 882}
{"event": "date_completed", "date": "2023-04-20", "ok": true, "resumed": false, "wall_seconds": 29.0969, "error": null, "completed": 861, "failed": 0, "remaining": 881}
{"event": "date_completed", "date": "2023-04-24", "ok": true, "resumed": false, "wall_seconds": 28.5702, "error": null, "completed": 862, "failed": 0, "remaining": 880}
{"event": "date_completed", "date": "2023-04-19", "ok": true, "resumed": false, "wall_seconds": 42.0683, "error": null, "completed": 863, "failed": 0, "remaining": 879}
{"event": "date_completed", "date": "2023-04-25", "ok": true, "resumed": false, "wall_seconds": 35.1149, "error": null, "completed": 864, "failed": 0, "remaining": 878}
{"event": "date_completed", "date": "2023-04-26", "ok": true, "resumed": false, "wall_seconds": 34.2934, "error": null, "completed": 865, "failed": 0, "remaining": 877}
{"event": "date_completed", "date": "2023-04-21", "ok": true, "resumed": false, "wall_seconds": 37.8481, "error": null, "completed": 866, "failed": 0, "remaining": 876}
{"event": "date_completed", "date": "2023-05-01", "ok": true, "resumed": false, "wall_seconds": 30.2448, "error": null, "completed": 867, "failed": 0, "remaining": 875}
{"event": "date_completed", "date": "2023-04-28", "ok": true, "resumed": false, "wall_seconds": 34.5889, "error": null, "completed": 868, "failed": 0, "remaining": 874}
{"event": "date_completed", "date": "2023-04-27", "ok": true, "resumed": false, "wall_seconds": 42.9255, "error": null, "completed": 869, "failed": 0, "remaining": 873}
{"event": "date_completed", "date": "2023-05-02", "ok": true, "resumed": false, "wall_seconds": 37.025, "error": null, "completed": 870, "failed": 0, "remaining": 872}
{"event": "date_completed", "date": "2023-05-03", "ok": true, "resumed": false, "wall_seconds": 37.6608, "error": null, "completed": 871, "failed": 0, "remaining": 871}
{"event": "date_completed", "date": "2023-05-04", "ok": true, "resumed": false, "wall_seconds": 28.9695, "error": null, "completed": 872, "failed": 0, "remaining": 870}
{"event": "date_completed", "date": "2023-05-08", "ok": true, "resumed": false, "wall_seconds": 26.7236, "error": null, "completed": 873, "failed": 0, "remaining": 869}
{"event": "date_completed", "date": "2023-05-05", "ok": true, "resumed": false, "wall_seconds": 32.528, "error": null, "completed": 874, "failed": 0, "remaining": 868}
{"event": "date_completed", "date": "2023-05-09", "ok": true, "resumed": false, "wall_seconds": 25.9365, "error": null, "completed": 875, "failed": 0, "remaining": 867}
{"event": "date_completed", "date": "2023-05-12", "ok": true, "resumed": false, "wall_seconds": 28.2231, "error": null, "completed": 876, "failed": 0, "remaining": 866}
{"event": "date_completed", "date": "2023-05-15", "ok": true, "resumed": false, "wall_seconds": 28.8107, "error": null, "completed": 877, "failed": 0, "remaining": 865}
{"event": "date_completed", "date": "2023-05-10", "ok": true, "resumed": false, "wall_seconds": 32.1463, "error": null, "completed": 878, "failed": 0, "remaining": 864}
{"event": "date_completed", "date": "2023-05-11", "ok": true, "resumed": false, "wall_seconds": 31.5684, "error": null, "completed": 879, "failed": 0, "remaining": 863}
{"event": "date_completed", "date": "2023-05-16", "ok": true, "resumed": false, "wall_seconds": 28.0635, "error": null, "completed": 880, "failed": 0, "remaining": 862}
{"event": "date_completed", "date": "2023-05-19", "ok": true, "resumed": false, "wall_seconds": 26.3584, "error": null, "completed": 881, "failed": 0, "remaining": 861}
{"event": "date_completed", "date": "2023-05-17", "ok": true, "resumed": false, "wall_seconds": 28.8802, "error": null, "completed": 882, "failed": 0, "remaining": 860}
{"event": "date_completed", "date": "2023-05-22", "ok": true, "resumed": false, "wall_seconds": 25.6004, "error": null, "completed": 883, "failed": 0, "remaining": 859}
{"event": "date_completed", "date": "2023-05-18", "ok": true, "resumed": false, "wall_seconds": 32.3828, "error": null, "completed": 884, "failed": 0, "remaining": 858}
{"event": "date_completed", "date": "2023-05-29", "ok": true, "resumed": false, "wall_seconds": 15.0504, "error": null, "completed": 885, "failed": 0, "remaining": 857}
{"event": "date_completed", "date": "2023-05-23", "ok": true, "resumed": false, "wall_seconds": 26.9176, "error": null, "completed": 886, "failed": 0, "remaining": 856}
{"event": "date_completed", "date": "2023-05-24", "ok": true, "resumed": false, "wall_seconds": 33.8946, "error": null, "completed": 887, "failed": 0, "remaining": 855}
{"event": "date_completed", "date": "2023-05-31", "ok": true, "resumed": false, "wall_seconds": 29.3191, "error": null, "completed": 888, "failed": 0, "remaining": 854}
{"event": "date_completed", "date": "2023-05-26", "ok": true, "resumed": false, "wall_seconds": 36.2113, "error": null, "completed": 889, "failed": 0, "remaining": 853}
{"event": "date_completed", "date": "2023-06-06", "ok": true, "resumed": false, "wall_seconds": 26.2794, "error": null, "completed": 890, "failed": 0, "remaining": 852}
{"event": "date_completed", "date": "2023-05-25", "ok": true, "resumed": false, "wall_seconds": 41.266, "error": null, "completed": 891, "failed": 0, "remaining": 851}
{"event": "date_completed", "date": "2023-06-05", "ok": true, "resumed": false, "wall_seconds": 32.3958, "error": null, "completed": 892, "failed": 0, "remaining": 850}
{"event": "date_completed", "date": "2023-06-02", "ok": true, "resumed": false, "wall_seconds": 34.0867, "error": null, "completed": 893, "failed": 0, "remaining": 849}
{"event": "date_completed", "date": "2023-06-09", "ok": true, "resumed": false, "wall_seconds": 31.1464, "error": null, "completed": 894, "failed": 0, "remaining": 848}
{"event": "date_completed", "date": "2023-05-30", "ok": true, "resumed": false, "wall_seconds": 46.2351, "error": null, "completed": 895, "failed": 0, "remaining": 847}
{"event": "date_completed", "date": "2023-06-07", "ok": true, "resumed": false, "wall_seconds": 38.9252, "error": null, "completed": 896, "failed": 0, "remaining": 846}
{"event": "date_completed", "date": "2023-06-08", "ok": true, "resumed": false, "wall_seconds": 38.0718, "error": null, "completed": 897, "failed": 0, "remaining": 845}
{"event": "date_completed", "date": "2023-06-13", "ok": true, "resumed": false, "wall_seconds": 23.3504, "error": null, "completed": 898, "failed": 0, "remaining": 844}
{"event": "date_completed", "date": "2023-06-16", "ok": true, "resumed": false, "wall_seconds": 20.0434, "error": null, "completed": 899, "failed": 0, "remaining": 843}
{"event": "date_completed", "date": "2023-06-19", "ok": true, "resumed": false, "wall_seconds": 15.9459, "error": null, "completed": 900, "failed": 0, "remaining": 842}
{"event": "date_completed", "date": "2023-06-01", "ok": true, "resumed": false, "wall_seconds": 59.7337, "error": null, "completed": 901, "failed": 0, "remaining": 841}
{"event": "date_completed", "date": "2023-06-14", "ok": true, "resumed": false, "wall_seconds": 39.2963, "error": null, "completed": 902, "failed": 0, "remaining": 840}
{"event": "date_completed", "date": "2023-06-20", "ok": true, "resumed": false, "wall_seconds": 31.641, "error": null, "completed": 903, "failed": 0, "remaining": 839}
{"event": "date_completed", "date": "2023-06-12", "ok": true, "resumed": false, "wall_seconds": 47.4216, "error": null, "completed": 904, "failed": 0, "remaining": 838}
{"event": "date_completed", "date": "2023-06-21", "ok": true, "resumed": false, "wall_seconds": 30.5953, "error": null, "completed": 905, "failed": 0, "remaining": 837}
{"event": "date_completed", "date": "2023-06-23", "ok": true, "resumed": false, "wall_seconds": 29.1226, "error": null, "completed": 906, "failed": 0, "remaining": 836}
{"event": "date_completed", "date": "2023-06-22", "ok": true, "resumed": false, "wall_seconds": 35.8695, "error": null, "completed": 907, "failed": 0, "remaining": 835}
{"event": "date_completed", "date": "2023-06-26", "ok": true, "resumed": false, "wall_seconds": 29.3552, "error": null, "completed": 908, "failed": 0, "remaining": 834}
{"event": "date_completed", "date": "2023-06-15", "ok": true, "resumed": false, "wall_seconds": 48.421, "error": null, "completed": 909, "failed": 0, "remaining": 833}
{"event": "date_completed", "date": "2023-06-27", "ok": true, "resumed": false, "wall_seconds": 30.3972, "error": null, "completed": 910, "failed": 0, "remaining": 832}
{"event": "date_completed", "date": "2023-06-28", "ok": true, "resumed": false, "wall_seconds": 30.3744, "error": null, "completed": 911, "failed": 0, "remaining": 831}
{"event": "date_completed", "date": "2023-07-04", "ok": true, "resumed": false, "wall_seconds": 23.6992, "error": null, "completed": 912, "failed": 0, "remaining": 830}
{"event": "date_completed", "date": "2023-06-29", "ok": true, "resumed": false, "wall_seconds": 41.3701, "error": null, "completed": 913, "failed": 0, "remaining": 829}
{"event": "date_completed", "date": "2023-07-03", "ok": true, "resumed": false, "wall_seconds": 27.5535, "error": null, "completed": 914, "failed": 0, "remaining": 828}
{"event": "date_completed", "date": "2023-07-11", "ok": true, "resumed": false, "wall_seconds": 28.12, "error": null, "completed": 915, "failed": 0, "remaining": 827}
{"event": "date_completed", "date": "2023-07-07", "ok": true, "resumed": false, "wall_seconds": 32.9941, "error": null, "completed": 916, "failed": 0, "remaining": 826}
{"event": "date_completed", "date": "2023-07-05", "ok": true, "resumed": false, "wall_seconds": 40.5606, "error": null, "completed": 917, "failed": 0, "remaining": 825}
{"event": "date_completed", "date": "2023-07-06", "ok": true, "resumed": false, "wall_seconds": 37.4154, "error": null, "completed": 918, "failed": 0, "remaining": 824}
{"event": "date_completed", "date": "2023-07-13", "ok": true, "resumed": false, "wall_seconds": 32.1483, "error": null, "completed": 919, "failed": 0, "remaining": 823}
{"event": "date_completed", "date": "2023-07-14", "ok": true, "resumed": false, "wall_seconds": 31.3739, "error": null, "completed": 920, "failed": 0, "remaining": 822}
{"event": "date_completed", "date": "2023-07-10", "ok": true, "resumed": false, "wall_seconds": 36.016, "error": null, "completed": 921, "failed": 0, "remaining": 821}
{"event": "date_completed", "date": "2023-07-17", "ok": true, "resumed": false, "wall_seconds": 28.1356, "error": null, "completed": 922, "failed": 0, "remaining": 820}
{"event": "date_completed", "date": "2023-06-30", "ok": true, "resumed": false, "wall_seconds": 63.2697, "error": null, "completed": 923, "failed": 0, "remaining": 819}
{"event": "date_completed", "date": "2023-07-19", "ok": true, "resumed": false, "wall_seconds": 27.4142, "error": null, "completed": 924, "failed": 0, "remaining": 818}
{"event": "date_completed", "date": "2023-07-18", "ok": true, "resumed": false, "wall_seconds": 38.586, "error": null, "completed": 925, "failed": 0, "remaining": 817}
{"event": "date_completed", "date": "2023-07-24", "ok": true, "resumed": false, "wall_seconds": 25.6006, "error": null, "completed": 926, "failed": 0, "remaining": 816}
{"event": "date_completed", "date": "2023-07-12", "ok": true, "resumed": false, "wall_seconds": 62.4295, "error": null, "completed": 927, "failed": 0, "remaining": 815}
{"event": "date_completed", "date": "2023-07-31", "ok": true, "resumed": false, "wall_seconds": 23.9659, "error": null, "completed": 928, "failed": 0, "remaining": 814}
{"event": "date_completed", "date": "2023-07-25", "ok": true, "resumed": false, "wall_seconds": 34.912, "error": null, "completed": 929, "failed": 0, "remaining": 813}
{"event": "date_completed", "date": "2023-07-20", "ok": true, "resumed": false, "wall_seconds": 39.5528, "error": null, "completed": 930, "failed": 0, "remaining": 812}
{"event": "date_completed", "date": "2023-07-21", "ok": true, "resumed": false, "wall_seconds": 41.0437, "error": null, "completed": 931, "failed": 0, "remaining": 811}
{"event": "date_completed", "date": "2023-07-26", "ok": true, "resumed": false, "wall_seconds": 40.1673, "error": null, "completed": 932, "failed": 0, "remaining": 810}
{"event": "date_completed", "date": "2023-08-01", "ok": true, "resumed": false, "wall_seconds": 33.0033, "error": null, "completed": 933, "failed": 0, "remaining": 809}
{"event": "date_completed", "date": "2023-07-27", "ok": true, "resumed": false, "wall_seconds": 44.7781, "error": null, "completed": 934, "failed": 0, "remaining": 808}
{"event": "date_completed", "date": "2023-07-28", "ok": true, "resumed": false, "wall_seconds": 45.5949, "error": null, "completed": 935, "failed": 0, "remaining": 807}
{"event": "date_completed", "date": "2023-08-02", "ok": true, "resumed": false, "wall_seconds": 43.2803, "error": null, "completed": 936, "failed": 0, "remaining": 806}
{"event": "date_completed", "date": "2023-08-07", "ok": true, "resumed": false, "wall_seconds": 31.8036, "error": null, "completed": 937, "failed": 0, "remaining": 805}
{"event": "date_completed", "date": "2023-08-09", "ok": true, "resumed": false, "wall_seconds": 31.6792, "error": null, "completed": 938, "failed": 0, "remaining": 804}
{"event": "date_completed", "date": "2023-08-08", "ok": true, "resumed": false, "wall_seconds": 35.7003, "error": null, "completed": 939, "failed": 0, "remaining": 803}
{"event": "date_completed", "date": "2023-08-11", "ok": true, "resumed": false, "wall_seconds": 30.7464, "error": null, "completed": 940, "failed": 0, "remaining": 802}
{"event": "date_completed", "date": "2023-08-15", "ok": true, "resumed": false, "wall_seconds": 27.573, "error": null, "completed": 941, "failed": 0, "remaining": 801}
{"event": "date_completed", "date": "2023-08-04", "ok": true, "resumed": false, "wall_seconds": 48.1849, "error": null, "completed": 942, "failed": 0, "remaining": 800}
{"event": "date_completed", "date": "2023-08-03", "ok": true, "resumed": false, "wall_seconds": 52.7658, "error": null, "completed": 943, "failed": 0, "remaining": 799}
{"event": "date_completed", "date": "2023-08-14", "ok": true, "resumed": false, "wall_seconds": 34.1972, "error": null, "completed": 944, "failed": 0, "remaining": 798}
{"event": "date_completed", "date": "2023-08-10", "ok": true, "resumed": false, "wall_seconds": 44.1122, "error": null, "completed": 945, "failed": 0, "remaining": 797}
{"event": "date_completed", "date": "2023-08-17", "ok": true, "resumed": false, "wall_seconds": 30.5944, "error": null, "completed": 946, "failed": 0, "remaining": 796}
{"event": "date_completed", "date": "2023-08-16", "ok": true, "resumed": false, "wall_seconds": 34.0584, "error": null, "completed": 947, "failed": 0, "remaining": 795}
{"event": "date_completed", "date": "2023-08-22", "ok": true, "resumed": false, "wall_seconds": 29.4787, "error": null, "completed": 948, "failed": 0, "remaining": 794}
{"event": "date_completed", "date": "2023-08-21", "ok": true, "resumed": false, "wall_seconds": 38.1519, "error": null, "completed": 949, "failed": 0, "remaining": 793}
{"event": "date_completed", "date": "2023-08-18", "ok": true, "resumed": false, "wall_seconds": 45.1133, "error": null, "completed": 950, "failed": 0, "remaining": 792}
{"event": "date_completed", "date": "2023-08-28", "ok": true, "resumed": false, "wall_seconds": 30.7571, "error": null, "completed": 951, "failed": 0, "remaining": 791}
{"event": "date_completed", "date": "2023-09-04", "ok": true, "resumed": false, "wall_seconds": 23.7986, "error": null, "completed": 952, "failed": 0, "remaining": 790}
{"event": "date_completed", "date": "2023-08-30", "ok": true, "resumed": false, "wall_seconds": 32.081, "error": null, "completed": 953, "failed": 0, "remaining": 789}
{"event": "date_completed", "date": "2023-08-25", "ok": true, "resumed": false, "wall_seconds": 38.1355, "error": null, "completed": 954, "failed": 0, "remaining": 788}
{"event": "date_completed", "date": "2023-08-23", "ok": true, "resumed": false, "wall_seconds": 42.9981, "error": null, "completed": 955, "failed": 0, "remaining": 787}
{"event": "date_completed", "date": "2023-08-24", "ok": true, "resumed": false, "wall_seconds": 47.9891, "error": null, "completed": 956, "failed": 0, "remaining": 786}
{"event": "date_completed", "date": "2023-08-31", "ok": true, "resumed": false, "wall_seconds": 42.0577, "error": null, "completed": 957, "failed": 0, "remaining": 785}
{"event": "date_completed", "date": "2023-09-01", "ok": true, "resumed": false, "wall_seconds": 43.5828, "error": null, "completed": 958, "failed": 0, "remaining": 784}
{"event": "date_completed", "date": "2023-09-06", "ok": true, "resumed": false, "wall_seconds": 29.9237, "error": null, "completed": 959, "failed": 0, "remaining": 783}
{"event": "date_completed", "date": "2023-09-05", "ok": true, "resumed": false, "wall_seconds": 35.9496, "error": null, "completed": 960, "failed": 0, "remaining": 782}
{"event": "date_completed", "date": "2023-09-07", "ok": true, "resumed": false, "wall_seconds": 31.7331, "error": null, "completed": 961, "failed": 0, "remaining": 781}
{"event": "date_completed", "date": "2023-09-08", "ok": true, "resumed": false, "wall_seconds": 30.2836, "error": null, "completed": 962, "failed": 0, "remaining": 780}
{"event": "date_completed", "date": "2023-09-12", "ok": true, "resumed": false, "wall_seconds": 27.0242, "error": null, "completed": 963, "failed": 0, "remaining": 779}
{"event": "date_completed", "date": "2023-09-11", "ok": true, "resumed": false, "wall_seconds": 31.0045, "error": null, "completed": 964, "failed": 0, "remaining": 778}
{"event": "date_completed", "date": "2023-09-15", "ok": true, "resumed": false, "wall_seconds": 18.8238, "error": null, "completed": 965, "failed": 0, "remaining": 777}
{"event": "date_completed", "date": "2023-09-13", "ok": true, "resumed": false, "wall_seconds": 32.3928, "error": null, "completed": 966, "failed": 0, "remaining": 776}
{"event": "date_completed", "date": "2023-08-29", "ok": true, "resumed": false, "wall_seconds": 69.3719, "error": null, "completed": 967, "failed": 0, "remaining": 775}
{"event": "date_completed", "date": "2023-09-19", "ok": true, "resumed": false, "wall_seconds": 27.5252, "error": null, "completed": 968, "failed": 0, "remaining": 774}
{"event": "date_completed", "date": "2023-09-14", "ok": true, "resumed": false, "wall_seconds": 46.1971, "error": null, "completed": 969, "failed": 0, "remaining": 773}
{"event": "date_completed", "date": "2023-09-18", "ok": true, "resumed": false, "wall_seconds": 43.4869, "error": null, "completed": 970, "failed": 0, "remaining": 772}
{"event": "date_completed", "date": "2023-09-25", "ok": true, "resumed": false, "wall_seconds": 30.5606, "error": null, "completed": 971, "failed": 0, "remaining": 771}
{"event": "date_completed", "date": "2023-09-26", "ok": true, "resumed": false, "wall_seconds": 30.4296, "error": null, "completed": 972, "failed": 0, "remaining": 770}
{"event": "date_completed", "date": "2023-09-20", "ok": true, "resumed": false, "wall_seconds": 37.4865, "error": null, "completed": 973, "failed": 0, "remaining": 769}
{"event": "date_completed", "date": "2023-09-27", "ok": true, "resumed": false, "wall_seconds": 34.0574, "error": null, "completed": 974, "failed": 0, "remaining": 768}
{"event": "date_completed", "date": "2023-09-22", "ok": true, "resumed": false, "wall_seconds": 39.3836, "error": null, "completed": 975, "failed": 0, "remaining": 767}
{"event": "date_completed", "date": "2023-09-28", "ok": true, "resumed": false, "wall_seconds": 40.3012, "error": null, "completed": 976, "failed": 0, "remaining": 766}
{"event": "date_completed", "date": "2023-09-21", "ok": true, "resumed": false, "wall_seconds": 56.6912, "error": null, "completed": 977, "failed": 0, "remaining": 765}
{"event": "date_completed", "date": "2023-10-03", "ok": true, "resumed": false, "wall_seconds": 37.8603, "error": null, "completed": 978, "failed": 0, "remaining": 764}
{"event": "date_completed", "date": "2023-09-29", "ok": true, "resumed": false, "wall_seconds": 47.8207, "error": null, "completed": 979, "failed": 0, "remaining": 763}
{"event": "date_completed", "date": "2023-10-02", "ok": true, "resumed": false, "wall_seconds": 47.2612, "error": null, "completed": 980, "failed": 0, "remaining": 762}
{"event": "date_completed", "date": "2023-10-05", "ok": true, "resumed": false, "wall_seconds": 32.9717, "error": null, "completed": 981, "failed": 0, "remaining": 761}
{"event": "date_completed", "date": "2023-10-04", "ok": true, "resumed": false, "wall_seconds": 46.2873, "error": null, "completed": 982, "failed": 0, "remaining": 760}
{"event": "date_completed", "date": "2023-10-12", "ok": true, "resumed": false, "wall_seconds": 38.0175, "error": null, "completed": 983, "failed": 0, "remaining": 759}
{"event": "date_completed", "date": "2023-10-11", "ok": true, "resumed": false, "wall_seconds": 46.0061, "error": null, "completed": 984, "failed": 0, "remaining": 758}
{"event": "date_completed", "date": "2023-10-13", "ok": true, "resumed": false, "wall_seconds": 41.3586, "error": null, "completed": 985, "failed": 0, "remaining": 757}
{"event": "date_completed", "date": "2023-10-10", "ok": true, "resumed": false, "wall_seconds": 50.8806, "error": null, "completed": 986, "failed": 0, "remaining": 756}
{"event": "date_completed", "date": "2023-10-09", "ok": true, "resumed": false, "wall_seconds": 55.1495, "error": null, "completed": 987, "failed": 0, "remaining": 755}
{"event": "date_completed", "date": "2023-10-18", "ok": true, "resumed": false, "wall_seconds": 42.3969, "error": null, "completed": 988, "failed": 0, "remaining": 754}
{"event": "date_completed", "date": "2023-10-16", "ok": true, "resumed": false, "wall_seconds": 44.4443, "error": null, "completed": 989, "failed": 0, "remaining": 753}
{"event": "date_completed", "date": "2023-10-20", "ok": true, "resumed": false, "wall_seconds": 40.049, "error": null, "completed": 990, "failed": 0, "remaining": 752}
{"event": "date_completed", "date": "2023-10-06", "ok": true, "resumed": false, "wall_seconds": 75.2964, "error": null, "completed": 991, "failed": 0, "remaining": 751}
{"event": "date_completed", "date": "2023-10-17", "ok": true, "resumed": false, "wall_seconds": 58.9003, "error": null, "completed": 992, "failed": 0, "remaining": 750}
{"event": "date_completed", "date": "2023-10-19", "ok": true, "resumed": false, "wall_seconds": 59.2562, "error": null, "completed": 993, "failed": 0, "remaining": 749}
{"event": "date_completed", "date": "2023-10-24", "ok": true, "resumed": false, "wall_seconds": 38.9178, "error": null, "completed": 994, "failed": 0, "remaining": 748}
{"event": "date_completed", "date": "2023-10-23", "ok": true, "resumed": false, "wall_seconds": 45.5137, "error": null, "completed": 995, "failed": 0, "remaining": 747}
{"event": "date_completed", "date": "2023-10-30", "ok": true, "resumed": false, "wall_seconds": 41.9714, "error": null, "completed": 996, "failed": 0, "remaining": 746}
{"event": "date_completed", "date": "2023-10-27", "ok": true, "resumed": false, "wall_seconds": 46.6769, "error": null, "completed": 997, "failed": 0, "remaining": 745}
{"event": "date_completed", "date": "2023-10-31", "ok": true, "resumed": false, "wall_seconds": 36.0516, "error": null, "completed": 998, "failed": 0, "remaining": 744}
{"event": "date_completed", "date": "2023-10-25", "ok": true, "resumed": false, "wall_seconds": 60.8643, "error": null, "completed": 999, "failed": 0, "remaining": 743}
{"event": "date_completed", "date": "2023-10-26", "ok": true, "resumed": false, "wall_seconds": 61.6791, "error": null, "completed": 1000, "failed": 0, "remaining": 742}
{"event": "date_completed", "date": "2023-11-06", "ok": true, "resumed": false, "wall_seconds": 35.1721, "error": null, "completed": 1001, "failed": 0, "remaining": 741}
{"event": "date_completed", "date": "2023-11-02", "ok": true, "resumed": false, "wall_seconds": 48.7666, "error": null, "completed": 1002, "failed": 0, "remaining": 740}
{"event": "date_completed", "date": "2023-11-08", "ok": true, "resumed": false, "wall_seconds": 39.5088, "error": null, "completed": 1003, "failed": 0, "remaining": 739}
{"event": "date_completed", "date": "2023-11-07", "ok": true, "resumed": false, "wall_seconds": 40.9485, "error": null, "completed": 1004, "failed": 0, "remaining": 738}
{"event": "date_completed", "date": "2023-11-03", "ok": true, "resumed": false, "wall_seconds": 51.0235, "error": null, "completed": 1005, "failed": 0, "remaining": 737}
{"event": "date_completed", "date": "2023-11-09", "ok": true, "resumed": false, "wall_seconds": 42.3938, "error": null, "completed": 1006, "failed": 0, "remaining": 736}
{"event": "date_completed", "date": "2023-11-23", "ok": true, "resumed": false, "wall_seconds": 14.7063, "error": null, "completed": 1007, "failed": 0, "remaining": 735}
{"event": "date_completed", "date": "2023-11-10", "ok": true, "resumed": false, "wall_seconds": 44.7179, "error": null, "completed": 1008, "failed": 0, "remaining": 734}
{"event": "date_completed", "date": "2023-11-17", "ok": true, "resumed": false, "wall_seconds": 27.4376, "error": null, "completed": 1009, "failed": 0, "remaining": 733}
{"event": "date_completed", "date": "2023-11-14", "ok": true, "resumed": false, "wall_seconds": 45.2855, "error": null, "completed": 1010, "failed": 0, "remaining": 732}
{"event": "date_completed", "date": "2023-11-16", "ok": true, "resumed": false, "wall_seconds": 34.5333, "error": null, "completed": 1011, "failed": 0, "remaining": 731}
{"event": "date_completed", "date": "2023-11-15", "ok": true, "resumed": false, "wall_seconds": 39.1336, "error": null, "completed": 1012, "failed": 0, "remaining": 730}
{"event": "date_completed", "date": "2023-11-13", "ok": true, "resumed": false, "wall_seconds": 51.8488, "error": null, "completed": 1013, "failed": 0, "remaining": 729}
{"event": "date_completed", "date": "2023-11-21", "ok": true, "resumed": false, "wall_seconds": 28.9745, "error": null, "completed": 1014, "failed": 0, "remaining": 728}
{"event": "date_completed", "date": "2023-11-24", "ok": true, "resumed": false, "wall_seconds": 25.6235, "error": null, "completed": 1015, "failed": 0, "remaining": 727}
{"event": "date_completed", "date": "2023-11-01", "ok": true, "resumed": false, "wall_seconds": 86.8588, "error": null, "completed": 1016, "failed": 0, "remaining": 726}
{"event": "date_completed", "date": "2023-11-20", "ok": true, "resumed": false, "wall_seconds": 38.6838, "error": null, "completed": 1017, "failed": 0, "remaining": 725}
{"event": "date_completed", "date": "2023-11-27", "ok": true, "resumed": false, "wall_seconds": 27.2859, "error": null, "completed": 1018, "failed": 0, "remaining": 724}
{"event": "date_completed", "date": "2023-11-22", "ok": true, "resumed": false, "wall_seconds": 47.6914, "error": null, "completed": 1019, "failed": 0, "remaining": 723}
{"event": "date_completed", "date": "2023-11-28", "ok": true, "resumed": false, "wall_seconds": 33.6291, "error": null, "completed": 1020, "failed": 0, "remaining": 722}
{"event": "date_completed", "date": "2023-11-29", "ok": true, "resumed": false, "wall_seconds": 35.0276, "error": null, "completed": 1021, "failed": 0, "remaining": 721}
{"event": "date_completed", "date": "2023-12-05", "ok": true, "resumed": false, "wall_seconds": 31.5378, "error": null, "completed": 1022, "failed": 0, "remaining": 720}
{"event": "date_completed", "date": "2023-12-04", "ok": true, "resumed": false, "wall_seconds": 35.1131, "error": null, "completed": 1023, "failed": 0, "remaining": 719}
{"event": "date_completed", "date": "2023-12-11", "ok": true, "resumed": false, "wall_seconds": 29.4335, "error": null, "completed": 1024, "failed": 0, "remaining": 718}
{"event": "date_completed", "date": "2023-11-30", "ok": true, "resumed": false, "wall_seconds": 42.5821, "error": null, "completed": 1025, "failed": 0, "remaining": 717}
{"event": "date_completed", "date": "2023-12-08", "ok": true, "resumed": false, "wall_seconds": 37.194, "error": null, "completed": 1026, "failed": 0, "remaining": 716}
{"event": "date_completed", "date": "2023-12-07", "ok": true, "resumed": false, "wall_seconds": 39.1032, "error": null, "completed": 1027, "failed": 0, "remaining": 715}
{"event": "date_completed", "date": "2023-12-13", "ok": true, "resumed": false, "wall_seconds": 21.0211, "error": null, "completed": 1028, "failed": 0, "remaining": 714}
{"event": "date_completed", "date": "2023-12-14", "ok": true, "resumed": false, "wall_seconds": 18.8213, "error": null, "completed": 1029, "failed": 0, "remaining": 713}
{"event": "date_completed", "date": "2023-12-12", "ok": true, "resumed": false, "wall_seconds": 26.6832, "error": null, "completed": 1030, "failed": 0, "remaining": 712}
{"event": "date_completed", "date": "2023-12-06", "ok": true, "resumed": false, "wall_seconds": 43.2825, "error": null, "completed": 1031, "failed": 0, "remaining": 711}
{"event": "date_completed", "date": "2023-12-15", "ok": true, "resumed": false, "wall_seconds": 15.7914, "error": null, "completed": 1032, "failed": 0, "remaining": 710}
{"event": "date_completed", "date": "2023-12-25", "ok": true, "resumed": false, "wall_seconds": 3.7162, "error": null, "completed": 1033, "failed": 0, "remaining": 709}
{"event": "date_completed", "date": "2024-01-01", "ok": true, "resumed": false, "wall_seconds": 3.6978, "error": null, "completed": 1034, "failed": 0, "remaining": 708}
{"event": "date_completed", "date": "2023-12-19", "ok": true, "resumed": false, "wall_seconds": 25.165, "error": null, "completed": 1035, "failed": 0, "remaining": 707}
{"event": "date_completed", "date": "2023-12-18", "ok": true, "resumed": false, "wall_seconds": 27.503, "error": null, "completed": 1036, "failed": 0, "remaining": 706}
{"event": "date_completed", "date": "2023-12-01", "ok": true, "resumed": false, "wall_seconds": 62.6171, "error": null, "completed": 1037, "failed": 0, "remaining": 705}
{"event": "date_completed", "date": "2023-12-28", "ok": true, "resumed": false, "wall_seconds": 19.4713, "error": null, "completed": 1038, "failed": 0, "remaining": 704}
{"event": "date_completed", "date": "2023-12-26", "ok": true, "resumed": false, "wall_seconds": 21.5064, "error": null, "completed": 1039, "failed": 0, "remaining": 703}
{"event": "date_completed", "date": "2023-12-27", "ok": true, "resumed": false, "wall_seconds": 23.5616, "error": null, "completed": 1040, "failed": 0, "remaining": 702}
{"event": "date_completed", "date": "2023-12-21", "ok": true, "resumed": false, "wall_seconds": 30.0709, "error": null, "completed": 1041, "failed": 0, "remaining": 701}
{"event": "date_completed", "date": "2023-12-20", "ok": true, "resumed": false, "wall_seconds": 33.5415, "error": null, "completed": 1042, "failed": 0, "remaining": 700}
{"event": "date_completed", "date": "2023-12-29", "ok": true, "resumed": false, "wall_seconds": 27.8938, "error": null, "completed": 1043, "failed": 0, "remaining": 699}
{"event": "date_completed", "date": "2024-01-02", "ok": true, "resumed": false, "wall_seconds": 34.09, "error": null, "completed": 1044, "failed": 0, "remaining": 698}
{"event": "date_completed", "date": "2023-12-22", "ok": true, "resumed": false, "wall_seconds": 53.6693, "error": null, "completed": 1045, "failed": 0, "remaining": 697}
{"event": "date_completed", "date": "2024-01-15", "ok": true, "resumed": false, "wall_seconds": 22.1614, "error": null, "completed": 1046, "failed": 0, "remaining": 696}
{"event": "date_completed", "date": "2024-01-12", "ok": true, "resumed": false, "wall_seconds": 28.0046, "error": null, "completed": 1047, "failed": 0, "remaining": 695}
{"event": "date_completed", "date": "2024-01-10", "ok": true, "resumed": false, "wall_seconds": 35.3583, "error": null, "completed": 1048, "failed": 0, "remaining": 694}
{"event": "date_completed", "date": "2024-01-04", "ok": true, "resumed": false, "wall_seconds": 41.9367, "error": null, "completed": 1049, "failed": 0, "remaining": 693}
{"event": "date_completed", "date": "2024-01-08", "ok": true, "resumed": false, "wall_seconds": 47.1697, "error": null, "completed": 1050, "failed": 0, "remaining": 692}
{"event": "date_completed", "date": "2024-01-16", "ok": true, "resumed": false, "wall_seconds": 37.1618, "error": null, "completed": 1051, "failed": 0, "remaining": 691}
{"event": "date_completed", "date": "2024-01-11", "ok": true, "resumed": false, "wall_seconds": 44.5482, "error": null, "completed": 1052, "failed": 0, "remaining": 690}
{"event": "date_completed", "date": "2024-01-05", "ok": true, "resumed": false, "wall_seconds": 52.195, "error": null, "completed": 1053, "failed": 0, "remaining": 689}
{"event": "date_completed", "date": "2024-01-17", "ok": true, "resumed": false, "wall_seconds": 33.3292, "error": null, "completed": 1054, "failed": 0, "remaining": 688}
{"event": "date_completed", "date": "2024-01-09", "ok": true, "resumed": false, "wall_seconds": 51.6959, "error": null, "completed": 1055, "failed": 0, "remaining": 687}
{"event": "date_completed", "date": "2024-01-23", "ok": true, "resumed": false, "wall_seconds": 24.5086, "error": null, "completed": 1056, "failed": 0, "remaining": 686}
{"event": "date_completed", "date": "2024-01-22", "ok": true, "resumed": false, "wall_seconds": 30.9738, "error": null, "completed": 1057, "failed": 0, "remaining": 685}
{"event": "date_completed", "date": "2024-01-03", "ok": true, "resumed": false, "wall_seconds": 84.4193, "error": null, "completed": 1058, "failed": 0, "remaining": 684}
{"event": "date_completed", "date": "2024-01-19", "ok": true, "resumed": false, "wall_seconds": 40.5723, "error": null, "completed": 1059, "failed": 0, "remaining": 683}
{"event": "date_completed", "date": "2024-01-24", "ok": true, "resumed": false, "wall_seconds": 35.0809, "error": null, "completed": 1060, "failed": 0, "remaining": 682}
{"event": "date_completed", "date": "2024-01-18", "ok": true, "resumed": false, "wall_seconds": 49.82, "error": null, "completed": 1061, "failed": 0, "remaining": 681}
{"event": "date_completed", "date": "2024-01-30", "ok": true, "resumed": false, "wall_seconds": 32.9969, "error": null, "completed": 1062, "failed": 0, "remaining": 680}
{"event": "date_completed", "date": "2024-01-26", "ok": true, "resumed": false, "wall_seconds": 36.2584, "error": null, "completed": 1063, "failed": 0, "remaining": 679}
{"event": "date_completed", "date": "2024-01-29", "ok": true, "resumed": false, "wall_seconds": 40.5466, "error": null, "completed": 1064, "failed": 0, "remaining": 678}
{"event": "date_completed", "date": "2024-01-25", "ok": true, "resumed": false, "wall_seconds": 45.4699, "error": null, "completed": 1065, "failed": 0, "remaining": 677}
{"event": "date_completed", "date": "2024-01-31", "ok": true, "resumed": false, "wall_seconds": 44.6485, "error": null, "completed": 1066, "failed": 0, "remaining": 676}
{"event": "date_completed", "date": "2024-02-02", "ok": true, "resumed": false, "wall_seconds": 37.1016, "error": null, "completed": 1067, "failed": 0, "remaining": 675}
{"event": "date_completed", "date": "2024-02-01", "ok": true, "resumed": false, "wall_seconds": 47.4741, "error": null, "completed": 1068, "failed": 0, "remaining": 674}
{"event": "date_completed", "date": "2024-02-08", "ok": true, "resumed": false, "wall_seconds": 28.6545, "error": null, "completed": 1069, "failed": 0, "remaining": 673}
{"event": "date_completed", "date": "2024-02-06", "ok": true, "resumed": false, "wall_seconds": 32.6976, "error": null, "completed": 1070, "failed": 0, "remaining": 672}
{"event": "date_completed", "date": "2024-02-05", "ok": true, "resumed": false, "wall_seconds": 37.9718, "error": null, "completed": 1071, "failed": 0, "remaining": 671}
{"event": "date_completed", "date": "2024-02-19", "ok": true, "resumed": false, "wall_seconds": 15.7216, "error": null, "completed": 1072, "failed": 0, "remaining": 670}
{"event": "date_completed", "date": "2024-02-07", "ok": true, "resumed": false, "wall_seconds": 43.134, "error": null, "completed": 1073, "failed": 0, "remaining": 669}
{"event": "date_completed", "date": "2024-02-15", "ok": true, "resumed": false, "wall_seconds": 29.6269, "error": null, "completed": 1074, "failed": 0, "remaining": 668}
{"event": "date_completed", "date": "2024-02-14", "ok": true, "resumed": false, "wall_seconds": 32.9326, "error": null, "completed": 1075, "failed": 0, "remaining": 667}
{"event": "date_completed", "date": "2024-02-12", "ok": true, "resumed": false, "wall_seconds": 43.1802, "error": null, "completed": 1076, "failed": 0, "remaining": 666}
{"event": "date_completed", "date": "2024-02-16", "ok": true, "resumed": false, "wall_seconds": 33.3443, "error": null, "completed": 1077, "failed": 0, "remaining": 665}
{"event": "date_completed", "date": "2024-02-13", "ok": true, "resumed": false, "wall_seconds": 52.0338, "error": null, "completed": 1078, "failed": 0, "remaining": 664}
{"event": "date_completed", "date": "2024-02-21", "ok": true, "resumed": false, "wall_seconds": 35.796, "error": null, "completed": 1079, "failed": 0, "remaining": 663}
{"event": "date_completed", "date": "2024-02-09", "ok": true, "resumed": false, "wall_seconds": 57.991, "error": null, "completed": 1080, "failed": 0, "remaining": 662}
{"event": "date_completed", "date": "2024-02-20", "ok": true, "resumed": false, "wall_seconds": 42.5499, "error": null, "completed": 1081, "failed": 0, "remaining": 661}
{"event": "date_completed", "date": "2024-02-27", "ok": true, "resumed": false, "wall_seconds": 29.0168, "error": null, "completed": 1082, "failed": 0, "remaining": 660}
{"event": "date_completed", "date": "2024-02-26", "ok": true, "resumed": false, "wall_seconds": 29.9093, "error": null, "completed": 1083, "failed": 0, "remaining": 659}
{"event": "date_completed", "date": "2024-02-28", "ok": true, "resumed": false, "wall_seconds": 26.8097, "error": null, "completed": 1084, "failed": 0, "remaining": 658}
{"event": "date_completed", "date": "2024-02-23", "ok": true, "resumed": false, "wall_seconds": 43.5069, "error": null, "completed": 1085, "failed": 0, "remaining": 657}
{"event": "date_completed", "date": "2024-02-22", "ok": true, "resumed": false, "wall_seconds": 46.0901, "error": null, "completed": 1086, "failed": 0, "remaining": 656}
{"event": "date_completed", "date": "2024-03-04", "ok": true, "resumed": false, "wall_seconds": 27.8808, "error": null, "completed": 1087, "failed": 0, "remaining": 655}
{"event": "date_completed", "date": "2024-02-29", "ok": true, "resumed": false, "wall_seconds": 35.8722, "error": null, "completed": 1088, "failed": 0, "remaining": 654}
{"event": "date_completed", "date": "2024-03-15", "ok": true, "resumed": false, "wall_seconds": 15.4977, "error": null, "completed": 1089, "failed": 0, "remaining": 653}
{"event": "date_completed", "date": "2024-03-13", "ok": true, "resumed": false, "wall_seconds": 21.6024, "error": null, "completed": 1090, "failed": 0, "remaining": 652}
{"event": "date_completed", "date": "2024-03-14", "ok": true, "resumed": false, "wall_seconds": 21.4717, "error": null, "completed": 1091, "failed": 0, "remaining": 651}
{"event": "date_completed", "date": "2024-03-11", "ok": true, "resumed": false, "wall_seconds": 25.4172, "error": null, "completed": 1092, "failed": 0, "remaining": 650}
{"event": "date_completed", "date": "2024-03-05", "ok": true, "resumed": false, "wall_seconds": 36.6657, "error": null, "completed": 1093, "failed": 0, "remaining": 649}
{"event": "date_completed", "date": "2024-03-06", "ok": true, "resumed": false, "wall_seconds": 38.4932, "error": null, "completed": 1094, "failed": 0, "remaining": 648}
{"event": "date_completed", "date": "2024-03-12", "ok": true, "resumed": false, "wall_seconds": 33.4507, "error": null, "completed": 1095, "failed": 0, "remaining": 647}
{"event": "date_completed", "date": "2024-03-01", "ok": true, "resumed": false, "wall_seconds": 61.166, "error": null, "completed": 1096, "failed": 0, "remaining": 646}
{"event": "date_completed", "date": "2024-03-18", "ok": true, "resumed": false, "wall_seconds": 31.1527, "error": null, "completed": 1097, "failed": 0, "remaining": 645}
{"event": "date_completed", "date": "2024-03-07", "ok": true, "resumed": false, "wall_seconds": 49.2928, "error": null, "completed": 1098, "failed": 0, "remaining": 644}
{"event": "date_completed", "date": "2024-03-19", "ok": true, "resumed": false, "wall_seconds": 32.0211, "error": null, "completed": 1099, "failed": 0, "remaining": 643}
{"event": "date_completed", "date": "2024-03-08", "ok": true, "resumed": false, "wall_seconds": 48.5679, "error": null, "completed": 1100, "failed": 0, "remaining": 642}
{"event": "date_completed", "date": "2024-03-29", "ok": true, "resumed": false, "wall_seconds": 4.2341, "error": null, "completed": 1101, "failed": 0, "remaining": 641}
{"event": "date_completed", "date": "2024-03-25", "ok": true, "resumed": false, "wall_seconds": 22.1005, "error": null, "completed": 1102, "failed": 0, "remaining": 640}
{"event": "date_completed", "date": "2024-03-26", "ok": true, "resumed": false, "wall_seconds": 22.0033, "error": null, "completed": 1103, "failed": 0, "remaining": 639}
{"event": "date_completed", "date": "2024-03-22", "ok": true, "resumed": false, "wall_seconds": 25.6177, "error": null, "completed": 1104, "failed": 0, "remaining": 638}
{"event": "date_completed", "date": "2024-03-20", "ok": true, "resumed": false, "wall_seconds": 33.14, "error": null, "completed": 1105, "failed": 0, "remaining": 637}
{"event": "date_completed", "date": "2024-03-27", "ok": true, "resumed": false, "wall_seconds": 30.1602, "error": null, "completed": 1106, "failed": 0, "remaining": 636}
{"event": "date_completed", "date": "2024-03-21", "ok": true, "resumed": false, "wall_seconds": 40.835, "error": null, "completed": 1107, "failed": 0, "remaining": 635}
{"event": "date_completed", "date": "2024-03-28", "ok": true, "resumed": false, "wall_seconds": 34.2354, "error": null, "completed": 1108, "failed": 0, "remaining": 634}
{"event": "date_completed", "date": "2024-04-08", "ok": true, "resumed": false, "wall_seconds": 28.9206, "error": null, "completed": 1109, "failed": 0, "remaining": 633}
{"event": "date_completed", "date": "2024-04-03", "ok": true, "resumed": false, "wall_seconds": 37.0737, "error": null, "completed": 1110, "failed": 0, "remaining": 632}
{"event": "date_completed", "date": "2024-04-02", "ok": true, "resumed": false, "wall_seconds": 40.1968, "error": null, "completed": 1111, "failed": 0, "remaining": 631}
{"event": "date_completed", "date": "2024-04-09", "ok": true, "resumed": false, "wall_seconds": 34.9637, "error": null, "completed": 1112, "failed": 0, "remaining": 630}
{"event": "date_completed", "date": "2024-04-01", "ok": true, "resumed": false, "wall_seconds": 43.7001, "error": null, "completed": 1113, "failed": 0, "remaining": 629}
{"event": "date_completed", "date": "2024-04-04", "ok": true, "resumed": false, "wall_seconds": 46.6086, "error": null, "completed": 1114, "failed": 0, "remaining": 628}
{"event": "date_completed", "date": "2024-04-05", "ok": true, "resumed": false, "wall_seconds": 46.5884, "error": null, "completed": 1115, "failed": 0, "remaining": 627}
{"event": "date_completed", "date": "2024-04-16", "ok": true, "resumed": false, "wall_seconds": 35.3349, "error": null, "completed": 1116, "failed": 0, "remaining": 626}
{"event": "date_completed", "date": "2024-04-12", "ok": true, "resumed": false, "wall_seconds": 46.8729, "error": null, "completed": 1117, "failed": 0, "remaining": 625}
{"event": "date_completed", "date": "2024-04-15", "ok": true, "resumed": false, "wall_seconds": 44.5977, "error": null, "completed": 1118, "failed": 0, "remaining": 624}
{"event": "date_completed", "date": "2024-04-18", "ok": true, "resumed": false, "wall_seconds": 38.4699, "error": null, "completed": 1119, "failed": 0, "remaining": 623}
{"event": "date_completed", "date": "2024-04-17", "ok": true, "resumed": false, "wall_seconds": 44.2861, "error": null, "completed": 1120, "failed": 0, "remaining": 622}
{"event": "date_completed", "date": "2024-04-24", "ok": true, "resumed": false, "wall_seconds": 35.0381, "error": null, "completed": 1121, "failed": 0, "remaining": 621}
{"event": "date_completed", "date": "2024-04-11", "ok": true, "resumed": false, "wall_seconds": 75.1917, "error": null, "completed": 1122, "failed": 0, "remaining": 620}
{"event": "date_completed", "date": "2024-04-22", "ok": true, "resumed": false, "wall_seconds": 46.1573, "error": null, "completed": 1123, "failed": 0, "remaining": 619}
{"event": "date_completed", "date": "2024-04-23", "ok": true, "resumed": false, "wall_seconds": 48.1971, "error": null, "completed": 1124, "failed": 0, "remaining": 618}
{"event": "date_completed", "date": "2024-04-29", "ok": true, "resumed": false, "wall_seconds": 27.6857, "error": null, "completed": 1125, "failed": 0, "remaining": 617}
{"event": "date_completed", "date": "2024-04-19", "ok": true, "resumed": false, "wall_seconds": 54.8873, "error": null, "completed": 1126, "failed": 0, "remaining": 616}
{"event": "date_completed", "date": "2024-04-25", "ok": true, "resumed": false, "wall_seconds": 48.5862, "error": null, "completed": 1127, "failed": 0, "remaining": 615}
{"event": "date_completed", "date": "2024-04-26", "ok": true, "resumed": false, "wall_seconds": 40.7964, "error": null, "completed": 1128, "failed": 0, "remaining": 614}
{"event": "date_completed", "date": "2024-04-30", "ok": true, "resumed": false, "wall_seconds": 37.9743, "error": null, "completed": 1129, "failed": 0, "remaining": 613}
{"event": "date_completed", "date": "2024-05-03", "ok": true, "resumed": false, "wall_seconds": 31.7172, "error": null, "completed": 1130, "failed": 0, "remaining": 612}
{"event": "date_completed", "date": "2024-05-06", "ok": true, "resumed": false, "wall_seconds": 35.0121, "error": null, "completed": 1131, "failed": 0, "remaining": 611}
{"event": "date_completed", "date": "2024-05-09", "ok": true, "resumed": false, "wall_seconds": 27.6201, "error": null, "completed": 1132, "failed": 0, "remaining": 610}
{"event": "date_completed", "date": "2024-05-13", "ok": true, "resumed": false, "wall_seconds": 25.278, "error": null, "completed": 1133, "failed": 0, "remaining": 609}
{"event": "date_completed", "date": "2024-05-08", "ok": true, "resumed": false, "wall_seconds": 32.7198, "error": null, "completed": 1134, "failed": 0, "remaining": 608}
{"event": "date_completed", "date": "2024-05-10", "ok": true, "resumed": false, "wall_seconds": 31.4371, "error": null, "completed": 1135, "failed": 0, "remaining": 607}
{"event": "date_completed", "date": "2024-05-07", "ok": true, "resumed": false, "wall_seconds": 41.1965, "error": null, "completed": 1136, "failed": 0, "remaining": 606}
{"event": "date_completed", "date": "2024-04-10", "ok": true, "resumed": false, "wall_seconds": 121.7158, "error": null, "completed": 1137, "failed": 0, "remaining": 605}
{"event": "date_completed", "date": "2024-05-14", "ok": true, "resumed": false, "wall_seconds": 33.5286, "error": null, "completed": 1138, "failed": 0, "remaining": 604}
{"event": "date_completed", "date": "2024-05-15", "ok": true, "resumed": false, "wall_seconds": 38.9782, "error": null, "completed": 1139, "failed": 0, "remaining": 603}
{"event": "date_completed", "date": "2024-05-27", "ok": true, "resumed": false, "wall_seconds": 20.4029, "error": null, "completed": 1140, "failed": 0, "remaining": 602}
{"event": "date_completed", "date": "2024-05-16", "ok": true, "resumed": false, "wall_seconds": 34.4046, "error": null, "completed": 1141, "failed": 0, "remaining": 601}
{"event": "date_completed", "date": "2024-05-17", "ok": true, "resumed": false, "wall_seconds": 34.5364, "error": null, "completed": 1142, "failed": 0, "remaining": 600}
{"event": "date_completed", "date": "2024-05-20", "ok": true, "resumed": false, "wall_seconds": 33.3508, "error": null, "completed": 1143, "failed": 0, "remaining": 599}
{"event": "date_completed", "date": "2024-05-22", "ok": true, "resumed": false, "wall_seconds": 33.1307, "error": null, "completed": 1144, "failed": 0, "remaining": 598}
{"event": "date_completed", "date": "2024-05-02", "ok": true, "resumed": false, "wall_seconds": 80.8008, "error": null, "completed": 1145, "failed": 0, "remaining": 597}
{"event": "date_completed", "date": "2024-05-01", "ok": true, "resumed": false, "wall_seconds": 83.3892, "error": null, "completed": 1146, "failed": 0, "remaining": 596}
{"event": "date_completed", "date": "2024-05-24", "ok": true, "resumed": false, "wall_seconds": 32.2032, "error": null, "completed": 1147, "failed": 0, "remaining": 595}
{"event": "date_completed", "date": "2024-05-28", "ok": true, "resumed": false, "wall_seconds": 28.7594, "error": null, "completed": 1148, "failed": 0, "remaining": 594}
{"event": "date_completed", "date": "2024-05-23", "ok": true, "resumed": false, "wall_seconds": 38.2705, "error": null, "completed": 1149, "failed": 0, "remaining": 593}
{"event": "date_completed", "date": "2024-05-21", "ok": true, "resumed": false, "wall_seconds": 44.6247, "error": null, "completed": 1150, "failed": 0, "remaining": 592}
{"event": "date_completed", "date": "2024-05-30", "ok": true, "resumed": false, "wall_seconds": 31.162, "error": null, "completed": 1151, "failed": 0, "remaining": 591}
{"event": "date_completed", "date": "2024-06-06", "ok": true, "resumed": false, "wall_seconds": 29.5301, "error": null, "completed": 1152, "failed": 0, "remaining": 590}
{"event": "date_completed", "date": "2024-05-31", "ok": true, "resumed": false, "wall_seconds": 41.6273, "error": null, "completed": 1153, "failed": 0, "remaining": 589}
{"event": "date_completed", "date": "2024-06-13", "ok": true, "resumed": false, "wall_seconds": 25.0111, "error": null, "completed": 1154, "failed": 0, "remaining": 588}
{"event": "date_completed", "date": "2024-06-11", "ok": true, "resumed": false, "wall_seconds": 32.5213, "error": null, "completed": 1155, "failed": 0, "remaining": 587}
{"event": "date_completed", "date": "2024-05-29", "ok": true, "resumed": false, "wall_seconds": 53.0453, "error": null, "completed": 1156, "failed": 0, "remaining": 586}
{"event": "date_completed", "date": "2024-06-03", "ok": true, "resumed": false, "wall_seconds": 42.1071, "error": null, "completed": 1157, "failed": 0, "remaining": 585}
{"event": "date_completed", "date": "2024-06-07", "ok": true, "resumed": false, "wall_seconds": 40.2196, "error": null, "completed": 1158, "failed": 0, "remaining": 584}
{"event": "date_completed", "date": "2024-06-05", "ok": true, "resumed": false, "wall_seconds": 44.4781, "error": null, "completed": 1159, "failed": 0, "remaining": 583}
{"event": "date_completed", "date": "2024-06-04", "ok": true, "resumed": false, "wall_seconds": 47.3057, "error": null, "completed": 1160, "failed": 0, "remaining": 582}
{"event": "date_completed", "date": "2024-06-10", "ok": true, "resumed": false, "wall_seconds": 43.6493, "error": null, "completed": 1161, "failed": 0, "remaining": 581}
{"event": "date_completed", "date": "2024-06-14", "ok": true, "resumed": false, "wall_seconds": 29.3993, "error": null, "completed": 1162, "failed": 0, "remaining": 580}
{"event": "date_completed", "date": "2024-06-21", "ok": true, "resumed": false, "wall_seconds": 14.5843, "error": null, "completed": 1163, "failed": 0, "remaining": 579}
{"event": "date_completed", "date": "2024-06-19", "ok": true, "resumed": false, "wall_seconds": 19.3773, "error": null, "completed": 1164, "failed": 0, "remaining": 578}
{"event": "date_completed", "date": "2024-06-18", "ok": true, "resumed": false, "wall_seconds": 21.3966, "error": null, "completed": 1165, "failed": 0, "remaining": 577}
{"event": "date_completed", "date": "2024-06-12", "ok": true, "resumed": false, "wall_seconds": 49.0825, "error": null, "completed": 1166, "failed": 0, "remaining": 576}
{"event": "date_completed", "date": "2024-06-20", "ok": true, "resumed": false, "wall_seconds": 21.1185, "error": null, "completed": 1167, "failed": 0, "remaining": 575}
{"event": "date_completed", "date": "2024-07-04", "ok": true, "resumed": false, "wall_seconds": 15.3957, "error": null, "completed": 1168, "failed": 0, "remaining": 574}
{"event": "date_completed", "date": "2024-06-17", "ok": true, "resumed": false, "wall_seconds": 43.6527, "error": null, "completed": 1169, "failed": 0, "remaining": 573}
{"event": "date_completed", "date": "2024-06-27", "ok": true, "resumed": false, "wall_seconds": 29.7152, "error": null, "completed": 1170, "failed": 0, "remaining": 572}
{"event": "date_completed", "date": "2024-06-24", "ok": true, "resumed": false, "wall_seconds": 35.3751, "error": null, "completed": 1171, "failed": 0, "remaining": 571}
{"event": "date_completed", "date": "2024-06-26", "ok": true, "resumed": false, "wall_seconds": 35.0945, "error": null, "completed": 1172, "failed": 0, "remaining": 570}
{"event": "date_completed", "date": "2024-06-25", "ok": true, "resumed": false, "wall_seconds": 36.3182, "error": null, "completed": 1173, "failed": 0, "remaining": 569}
{"event": "date_completed", "date": "2024-07-05", "ok": true, "resumed": false, "wall_seconds": 30.0343, "error": null, "completed": 1174, "failed": 0, "remaining": 568}
{"event": "date_completed", "date": "2024-07-03", "ok": true, "resumed": false, "wall_seconds": 31.5725, "error": null, "completed": 1175, "failed": 0, "remaining": 567}
{"event": "date_completed", "date": "2024-07-08", "ok": true, "resumed": false, "wall_seconds": 29.1741, "error": null, "completed": 1176, "failed": 0, "remaining": 566}
{"event": "date_completed", "date": "2024-06-28", "ok": true, "resumed": false, "wall_seconds": 43.6015, "error": null, "completed": 1177, "failed": 0, "remaining": 565}
{"event": "date_completed", "date": "2024-07-02", "ok": true, "resumed": false, "wall_seconds": 41.8679, "error": null, "completed": 1178, "failed": 0, "remaining": 564}
{"event": "date_completed", "date": "2024-07-01", "ok": true, "resumed": false, "wall_seconds": 46.7383, "error": null, "completed": 1179, "failed": 0, "remaining": 563}
{"event": "date_completed", "date": "2024-07-09", "ok": true, "resumed": false, "wall_seconds": 30.236, "error": null, "completed": 1180, "failed": 0, "remaining": 562}
{"event": "date_completed", "date": "2024-07-10", "ok": true, "resumed": false, "wall_seconds": 33.9117, "error": null, "completed": 1181, "failed": 0, "remaining": 561}
{"event": "date_completed", "date": "2024-07-12", "ok": true, "resumed": false, "wall_seconds": 44.8231, "error": null, "completed": 1182, "failed": 0, "remaining": 560}
{"event": "date_completed", "date": "2024-07-15", "ok": true, "resumed": false, "wall_seconds": 43.7444, "error": null, "completed": 1183, "failed": 0, "remaining": 559}
{"event": "date_completed", "date": "2024-07-16", "ok": true, "resumed": false, "wall_seconds": 44.266, "error": null, "completed": 1184, "failed": 0, "remaining": 558}
{"event": "date_completed", "date": "2024-07-19", "ok": true, "resumed": false, "wall_seconds": 35.7427, "error": null, "completed": 1185, "failed": 0, "remaining": 557}
{"event": "date_completed", "date": "2024-07-23", "ok": true, "resumed": false, "wall_seconds": 35.5971, "error": null, "completed": 1186, "failed": 0, "remaining": 556}
{"event": "date_completed", "date": "2024-07-22", "ok": true, "resumed": false, "wall_seconds": 41.1788, "error": null, "completed": 1187, "failed": 0, "remaining": 555}
{"event": "date_completed", "date": "2024-07-11", "ok": true, "resumed": false, "wall_seconds": 59.7465, "error": null, "completed": 1188, "failed": 0, "remaining": 554}
{"event": "date_completed", "date": "2024-07-17", "ok": true, "resumed": false, "wall_seconds": 48.5343, "error": null, "completed": 1189, "failed": 0, "remaining": 553}
{"event": "date_completed", "date": "2024-07-18", "ok": true, "resumed": false, "wall_seconds": 56.938, "error": null, "completed": 1190, "failed": 0, "remaining": 552}
{"event": "date_completed", "date": "2024-07-26", "ok": true, "resumed": false, "wall_seconds": 36.6265, "error": null, "completed": 1191, "failed": 0, "remaining": 551}
{"event": "date_completed", "date": "2024-07-24", "ok": true, "resumed": false, "wall_seconds": 49.7642, "error": null, "completed": 1192, "failed": 0, "remaining": 550}
{"event": "date_completed", "date": "2024-07-25", "ok": true, "resumed": false, "wall_seconds": 57.9178, "error": null, "completed": 1193, "failed": 0, "remaining": 549}
{"event": "date_completed", "date": "2024-07-29", "ok": true, "resumed": false, "wall_seconds": 40.8876, "error": null, "completed": 1194, "failed": 0, "remaining": 548}
{"event": "date_completed", "date": "2024-07-30", "ok": true, "resumed": false, "wall_seconds": 49.7224, "error": null, "completed": 1195, "failed": 0, "remaining": 547}
{"event": "date_completed", "date": "2024-08-09", "ok": true, "resumed": false, "wall_seconds": 36.3449, "error": null, "completed": 1196, "failed": 0, "remaining": 546}
{"event": "date_completed", "date": "2024-07-31", "ok": true, "resumed": false, "wall_seconds": 59.3969, "error": null, "completed": 1197, "failed": 0, "remaining": 545}
{"event": "date_completed", "date": "2024-08-12", "ok": true, "resumed": false, "wall_seconds": 35.2909, "error": null, "completed": 1198, "failed": 0, "remaining": 544}
{"event": "date_completed", "date": "2024-08-06", "ok": true, "resumed": false, "wall_seconds": 51.1637, "error": null, "completed": 1199, "failed": 0, "remaining": 543}
{"event": "date_completed", "date": "2024-08-02", "ok": true, "resumed": false, "wall_seconds": 55.0618, "error": null, "completed": 1200, "failed": 0, "remaining": 542}
{"event": "date_completed", "date": "2024-08-07", "ok": true, "resumed": false, "wall_seconds": 56.1514, "error": null, "completed": 1201, "failed": 0, "remaining": 541}
{"event": "date_completed", "date": "2024-08-14", "ok": true, "resumed": false, "wall_seconds": 34.0371, "error": null, "completed": 1202, "failed": 0, "remaining": 540}
{"event": "date_completed", "date": "2024-08-13", "ok": true, "resumed": false, "wall_seconds": 40.0823, "error": null, "completed": 1203, "failed": 0, "remaining": 539}
{"event": "date_completed", "date": "2024-08-01", "ok": true, "resumed": false, "wall_seconds": 79.6037, "error": null, "completed": 1204, "failed": 0, "remaining": 538}
{"event": "date_completed", "date": "2024-08-16", "ok": true, "resumed": false, "wall_seconds": 26.6664, "error": null, "completed": 1205, "failed": 0, "remaining": 537}
{"event": "date_completed", "date": "2024-08-15", "ok": true, "resumed": false, "wall_seconds": 35.4473, "error": null, "completed": 1206, "failed": 0, "remaining": 536}
{"event": "date_completed", "date": "2024-08-08", "ok": true, "resumed": false, "wall_seconds": 66.8904, "error": null, "completed": 1207, "failed": 0, "remaining": 535}
{"event": "date_completed", "date": "2024-08-20", "ok": true, "resumed": false, "wall_seconds": 29.3821, "error": null, "completed": 1208, "failed": 0, "remaining": 534}
{"event": "date_completed", "date": "2024-08-22", "ok": true, "resumed": false, "wall_seconds": 34.6556, "error": null, "completed": 1209, "failed": 0, "remaining": 533}
{"event": "date_completed", "date": "2024-08-05", "ok": true, "resumed": false, "wall_seconds": 91.2674, "error": null, "completed": 1210, "failed": 0, "remaining": 532}
{"event": "date_completed", "date": "2024-08-21", "ok": true, "resumed": false, "wall_seconds": 37.8641, "error": null, "completed": 1211, "failed": 0, "remaining": 531}
{"event": "date_completed", "date": "2024-08-26", "ok": true, "resumed": false, "wall_seconds": 35.419, "error": null, "completed": 1212, "failed": 0, "remaining": 530}
{"event": "date_completed", "date": "2024-08-27", "ok": true, "resumed": false, "wall_seconds": 30.6649, "error": null, "completed": 1213, "failed": 0, "remaining": 529}
{"event": "date_completed", "date": "2024-09-02", "ok": true, "resumed": false, "wall_seconds": 21.011, "error": null, "completed": 1214, "failed": 0, "remaining": 528}
{"event": "date_completed", "date": "2024-08-23", "ok": true, "resumed": false, "wall_seconds": 44.7658, "error": null, "completed": 1215, "failed": 0, "remaining": 527}
{"event": "date_completed", "date": "2024-08-19", "ok": true, "resumed": false, "wall_seconds": 54.846, "error": null, "completed": 1216, "failed": 0, "remaining": 526}
{"event": "date_completed", "date": "2024-08-28", "ok": true, "resumed": false, "wall_seconds": 39.2215, "error": null, "completed": 1217, "failed": 0, "remaining": 525}
{"event": "date_completed", "date": "2024-08-30", "ok": true, "resumed": false, "wall_seconds": 35.5708, "error": null, "completed": 1218, "failed": 0, "remaining": 524}
{"event": "date_completed", "date": "2024-08-29", "ok": true, "resumed": false, "wall_seconds": 44.6305, "error": null, "completed": 1219, "failed": 0, "remaining": 523}
{"event": "date_completed", "date": "2024-09-04", "ok": true, "resumed": false, "wall_seconds": 34.3811, "error": null, "completed": 1220, "failed": 0, "remaining": 522}
{"event": "date_completed", "date": "2024-09-05", "ok": true, "resumed": false, "wall_seconds": 36.878, "error": null, "completed": 1221, "failed": 0, "remaining": 521}
{"event": "date_completed", "date": "2024-09-03", "ok": true, "resumed": false, "wall_seconds": 48.205, "error": null, "completed": 1222, "failed": 0, "remaining": 520}
{"event": "date_completed", "date": "2024-09-09", "ok": true, "resumed": false, "wall_seconds": 36.0633, "error": null, "completed": 1223, "failed": 0, "remaining": 519}
{"event": "date_completed", "date": "2024-09-16", "ok": true, "resumed": false, "wall_seconds": 24.5377, "error": null, "completed": 1224, "failed": 0, "remaining": 518}
{"event": "date_completed", "date": "2024-09-13", "ok": true, "resumed": false, "wall_seconds": 31.5897, "error": null, "completed": 1225, "failed": 0, "remaining": 517}
{"event": "date_completed", "date": "2024-09-17", "ok": true, "resumed": false, "wall_seconds": 26.4509, "error": null, "completed": 1226, "failed": 0, "remaining": 516}
{"event": "date_completed", "date": "2024-09-10", "ok": true, "resumed": false, "wall_seconds": 40.6431, "error": null, "completed": 1227, "failed": 0, "remaining": 515}
{"event": "date_completed", "date": "2024-09-12", "ok": true, "resumed": false, "wall_seconds": 36.0657, "error": null, "completed": 1228, "failed": 0, "remaining": 514}
{"event": "date_completed", "date": "2024-09-20", "ok": true, "resumed": false, "wall_seconds": 18.4185, "error": null, "completed": 1229, "failed": 0, "remaining": 513}
{"event": "date_completed", "date": "2024-09-18", "ok": true, "resumed": false, "wall_seconds": 27.3265, "error": null, "completed": 1230, "failed": 0, "remaining": 512}
{"event": "date_completed", "date": "2024-09-19", "ok": true, "resumed": false, "wall_seconds": 26.3849, "error": null, "completed": 1231, "failed": 0, "remaining": 511}
{"event": "date_completed", "date": "2024-09-06", "ok": true, "resumed": false, "wall_seconds": 58.6565, "error": null, "completed": 1232, "failed": 0, "remaining": 510}
{"event": "date_completed", "date": "2024-09-11", "ok": true, "resumed": false, "wall_seconds": 54.0983, "error": null, "completed": 1233, "failed": 0, "remaining": 509}
{"event": "date_completed", "date": "2024-09-23", "ok": true, "resumed": false, "wall_seconds": 30.1871, "error": null, "completed": 1234, "failed": 0, "remaining": 508}
{"event": "date_completed", "date": "2024-09-25", "ok": true, "resumed": false, "wall_seconds": 27.0674, "error": null, "completed": 1235, "failed": 0, "remaining": 507}
{"event": "date_completed", "date": "2024-09-24", "ok": true, "resumed": false, "wall_seconds": 30.9486, "error": null, "completed": 1236, "failed": 0, "remaining": 506}
{"event": "date_completed", "date": "2024-09-26", "ok": true, "resumed": false, "wall_seconds": 29.6638, "error": null, "completed": 1237, "failed": 0, "remaining": 505}
{"event": "date_completed", "date": "2024-09-30", "ok": true, "resumed": false, "wall_seconds": 30.095, "error": null, "completed": 1238, "failed": 0, "remaining": 504}
{"event": "date_completed", "date": "2024-09-27", "ok": true, "resumed": false, "wall_seconds": 31.4099, "error": null, "completed": 1239, "failed": 0, "remaining": 503}
{"event": "date_completed", "date": "2024-10-02", "ok": true, "resumed": false, "wall_seconds": 31.4456, "error": null, "completed": 1240, "failed": 0, "remaining": 502}
{"event": "date_completed", "date": "2024-10-03", "ok": true, "resumed": false, "wall_seconds": 34.7377, "error": null, "completed": 1241, "failed": 0, "remaining": 501}
{"event": "date_completed", "date": "2024-10-04", "ok": true, "resumed": false, "wall_seconds": 33.835, "error": null, "completed": 1242, "failed": 0, "remaining": 500}
{"event": "date_completed", "date": "2024-10-07", "ok": true, "resumed": false, "wall_seconds": 33.7693, "error": null, "completed": 1243, "failed": 0, "remaining": 499}
{"event": "date_completed", "date": "2024-10-01", "ok": true, "resumed": false, "wall_seconds": 49.7462, "error": null, "completed": 1244, "failed": 0, "remaining": 498}
{"event": "date_completed", "date": "2024-10-08", "ok": true, "resumed": false, "wall_seconds": 36.2637, "error": null, "completed": 1245, "failed": 0, "remaining": 497}
{"event": "date_completed", "date": "2024-10-09", "ok": true, "resumed": false, "wall_seconds": 31.547, "error": null, "completed": 1246, "failed": 0, "remaining": 496}
{"event": "date_completed", "date": "2024-10-10", "ok": true, "resumed": false, "wall_seconds": 30.1448, "error": null, "completed": 1247, "failed": 0, "remaining": 495}
{"event": "date_completed", "date": "2024-10-14", "ok": true, "resumed": false, "wall_seconds": 26.2379, "error": null, "completed": 1248, "failed": 0, "remaining": 494}
{"event": "date_completed", "date": "2024-10-16", "ok": true, "resumed": false, "wall_seconds": 26.5408, "error": null, "completed": 1249, "failed": 0, "remaining": 493}
{"event": "date_completed", "date": "2024-10-11", "ok": true, "resumed": false, "wall_seconds": 35.611, "error": null, "completed": 1250, "failed": 0, "remaining": 492}
{"event": "date_completed", "date": "2024-10-15", "ok": true, "resumed": false, "wall_seconds": 32.8665, "error": null, "completed": 1251, "failed": 0, "remaining": 491}
{"event": "date_completed", "date": "2024-10-17", "ok": true, "resumed": false, "wall_seconds": 30.2741, "error": null, "completed": 1252, "failed": 0, "remaining": 490}
{"event": "date_completed", "date": "2024-10-18", "ok": true, "resumed": false, "wall_seconds": 26.6703, "error": null, "completed": 1253, "failed": 0, "remaining": 489}
{"event": "date_completed", "date": "2024-10-21", "ok": true, "resumed": false, "wall_seconds": 30.5517, "error": null, "completed": 1254, "failed": 0, "remaining": 488}
{"event": "date_completed", "date": "2024-10-24", "ok": true, "resumed": false, "wall_seconds": 26.6794, "error": null, "completed": 1255, "failed": 0, "remaining": 487}
{"event": "date_completed", "date": "2024-10-28", "ok": true, "resumed": false, "wall_seconds": 24.6543, "error": null, "completed": 1256, "failed": 0, "remaining": 486}
{"event": "date_completed", "date": "2024-10-22", "ok": true, "resumed": false, "wall_seconds": 40.9467, "error": null, "completed": 1257, "failed": 0, "remaining": 485}
{"event": "date_completed", "date": "2024-10-25", "ok": true, "resumed": false, "wall_seconds": 35.7505, "error": null, "completed": 1258, "failed": 0, "remaining": 484}
{"event": "date_completed", "date": "2024-10-29", "ok": true, "resumed": false, "wall_seconds": 35.5207, "error": null, "completed": 1259, "failed": 0, "remaining": 483}
{"event": "date_completed", "date": "2024-10-30", "ok": true, "resumed": false, "wall_seconds": 33.1161, "error": null, "completed": 1260, "failed": 0, "remaining": 482}
{"event": "date_completed", "date": "2024-10-23", "ok": true, "resumed": false, "wall_seconds": 42.2106, "error": null, "completed": 1261, "failed": 0, "remaining": 481}
{"event": "date_completed", "date": "2024-11-04", "ok": true, "resumed": false, "wall_seconds": 29.7002, "error": null, "completed": 1262, "failed": 0, "remaining": 480}
{"event": "date_completed", "date": "2024-11-08", "ok": true, "resumed": false, "wall_seconds": 26.2794, "error": null, "completed": 1263, "failed": 0, "remaining": 479}
{"event": "date_completed", "date": "2024-11-05", "ok": true, "resumed": false, "wall_seconds": 35.1041, "error": null, "completed": 1264, "failed": 0, "remaining": 478}
{"event": "date_completed", "date": "2024-11-11", "ok": true, "resumed": false, "wall_seconds": 24.4828, "error": null, "completed": 1265, "failed": 0, "remaining": 477}
{"event": "date_completed", "date": "2024-11-07", "ok": true, "resumed": false, "wall_seconds": 33.3769, "error": null, "completed": 1266, "failed": 0, "remaining": 476}
{"event": "date_completed", "date": "2024-11-01", "ok": true, "resumed": false, "wall_seconds": 52.5886, "error": null, "completed": 1267, "failed": 0, "remaining": 475}
{"event": "date_completed", "date": "2024-11-14", "ok": true, "resumed": false, "wall_seconds": 27.0911, "error": null, "completed": 1268, "failed": 0, "remaining": 474}
{"event": "date_completed", "date": "2024-10-31", "ok": true, "resumed": false, "wall_seconds": 59.639, "error": null, "completed": 1269, "failed": 0, "remaining": 473}
{"event": "date_completed", "date": "2024-11-13", "ok": true, "resumed": false, "wall_seconds": 31.518, "error": null, "completed": 1270, "failed": 0, "remaining": 472}
{"event": "date_completed", "date": "2024-11-12", "ok": true, "resumed": false, "wall_seconds": 34.9025, "error": null, "completed": 1271, "failed": 0, "remaining": 471}
{"event": "date_completed", "date": "2024-11-06", "ok": true, "resumed": false, "wall_seconds": 50.2253, "error": null, "completed": 1272, "failed": 0, "remaining": 470}
{"event": "date_completed", "date": "2024-11-18", "ok": true, "resumed": false, "wall_seconds": 31.3031, "error": null, "completed": 1273, "failed": 0, "remaining": 469}
{"event": "date_completed", "date": "2024-11-15", "ok": true, "resumed": false, "wall_seconds": 39.9125, "error": null, "completed": 1274, "failed": 0, "remaining": 468}
{"event": "date_completed", "date": "2024-11-22", "ok": true, "resumed": false, "wall_seconds": 27.1858, "error": null, "completed": 1275, "failed": 0, "remaining": 467}
{"event": "date_completed", "date": "2024-11-20", "ok": true, "resumed": false, "wall_seconds": 33.145, "error": null, "completed": 1276, "failed": 0, "remaining": 466}
{"event": "date_completed", "date": "2024-11-28", "ok": true, "resumed": false, "wall_seconds": 18.2842, "error": null, "completed": 1277, "failed": 0, "remaining": 465}
{"event": "date_completed", "date": "2024-11-19", "ok": true, "resumed": false, "wall_seconds": 36.8407, "error": null, "completed": 1278, "failed": 0, "remaining": 464}
{"event": "date_completed", "date": "2024-11-25", "ok": true, "resumed": false, "wall_seconds": 32.298, "error": null, "completed": 1279, "failed": 0, "remaining": 463}
{"event": "date_completed", "date": "2024-11-26", "ok": true, "resumed": false, "wall_seconds": 31.5535, "error": null, "completed": 1280, "failed": 0, "remaining": 462}
{"event": "date_completed", "date": "2024-11-29", "ok": true, "resumed": false, "wall_seconds": 27.7892, "error": null, "completed": 1281, "failed": 0, "remaining": 461}
{"event": "date_completed", "date": "2024-11-21", "ok": true, "resumed": false, "wall_seconds": 41.8999, "error": null, "completed": 1282, "failed": 0, "remaining": 460}
{"event": "date_completed", "date": "2024-11-27", "ok": true, "resumed": false, "wall_seconds": 32.7837, "error": null, "completed": 1283, "failed": 0, "remaining": 459}
{"event": "date_completed", "date": "2024-12-02", "ok": true, "resumed": false, "wall_seconds": 32.7059, "error": null, "completed": 1284, "failed": 0, "remaining": 458}
{"event": "date_completed", "date": "2024-12-03", "ok": true, "resumed": false, "wall_seconds": 30.0856, "error": null, "completed": 1285, "failed": 0, "remaining": 457}
{"event": "date_completed", "date": "2024-12-04", "ok": true, "resumed": false, "wall_seconds": 29.0751, "error": null, "completed": 1286, "failed": 0, "remaining": 456}
{"event": "date_completed", "date": "2024-12-05", "ok": true, "resumed": false, "wall_seconds": 26.5078, "error": null, "completed": 1287, "failed": 0, "remaining": 455}
{"event": "date_completed", "date": "2024-12-09", "ok": true, "resumed": false, "wall_seconds": 30.7986, "error": null, "completed": 1288, "failed": 0, "remaining": 454}
{"event": "date_completed", "date": "2024-12-10", "ok": true, "resumed": false, "wall_seconds": 31.9395, "error": null, "completed": 1289, "failed": 0, "remaining": 453}
{"event": "date_completed", "date": "2024-12-17", "ok": true, "resumed": false, "wall_seconds": 20.3198, "error": null, "completed": 1290, "failed": 0, "remaining": 452}
{"event": "date_completed", "date": "2024-12-25", "ok": true, "resumed": false, "wall_seconds": 4.2361, "error": null, "completed": 1291, "failed": 0, "remaining": 451}
{"event": "date_completed", "date": "2024-12-13", "ok": true, "resumed": false, "wall_seconds": 27.2978, "error": null, "completed": 1292, "failed": 0, "remaining": 450}
{"event": "date_completed", "date": "2024-12-20", "ok": true, "resumed": false, "wall_seconds": 16.7392, "error": null, "completed": 1293, "failed": 0, "remaining": 449}
{"event": "date_completed", "date": "2024-12-06", "ok": true, "resumed": false, "wall_seconds": 40.964, "error": null, "completed": 1294, "failed": 0, "remaining": 448}
{"event": "date_completed", "date": "2024-12-16", "ok": true, "resumed": false, "wall_seconds": 30.3176, "error": null, "completed": 1295, "failed": 0, "remaining": 447}
{"event": "date_completed", "date": "2024-12-19", "ok": true, "resumed": false, "wall_seconds": 22.4682, "error": null, "completed": 1296, "failed": 0, "remaining": 446}
{"event": "date_completed", "date": "2024-12-11", "ok": true, "resumed": false, "wall_seconds": 35.1846, "error": null, "completed": 1297, "failed": 0, "remaining": 445}
{"event": "date_completed", "date": "2024-12-12", "ok": true, "resumed": false, "wall_seconds": 33.9728, "error": null, "completed": 1298, "failed": 0, "remaining": 444}
{"event": "date_completed", "date": "2025-01-01", "ok": true, "resumed": false, "wall_seconds": 4.1617, "error": null, "completed": 1299, "failed": 0, "remaining": 443}
{"event": "date_completed", "date": "2024-12-18", "ok": true, "resumed": false, "wall_seconds": 28.082, "error": null, "completed": 1300, "failed": 0, "remaining": 442}
{"event": "date_completed", "date": "2025-01-09", "ok": true, "resumed": false, "wall_seconds": 10.5677, "error": null, "completed": 1301, "failed": 0, "remaining": 441}
{"event": "date_completed", "date": "2024-12-23", "ok": true, "resumed": false, "wall_seconds": 32.117, "error": null, "completed": 1302, "failed": 0, "remaining": 440}
{"event": "date_completed", "date": "2024-12-24", "ok": true, "resumed": false, "wall_seconds": 26.8465, "error": null, "completed": 1303, "failed": 0, "remaining": 439}
{"event": "date_completed", "date": "2024-12-26", "ok": true, "resumed": false, "wall_seconds": 30.7611, "error": null, "completed": 1304, "failed": 0, "remaining": 438}
{"event": "date_completed", "date": "2024-12-31", "ok": true, "resumed": false, "wall_seconds": 29.7853, "error": null, "completed": 1305, "failed": 0, "remaining": 437}
{"event": "date_completed", "date": "2024-12-27", "ok": true, "resumed": false, "wall_seconds": 33.8106, "error": null, "completed": 1306, "failed": 0, "remaining": 436}
{"event": "date_completed", "date": "2024-12-30", "ok": true, "resumed": false, "wall_seconds": 34.1654, "error": null, "completed": 1307, "failed": 0, "remaining": 435}
{"event": "date_completed", "date": "2025-01-08", "ok": true, "resumed": false, "wall_seconds": 43.0098, "error": null, "completed": 1308, "failed": 0, "remaining": 434}
{"event": "date_completed", "date": "2025-01-02", "ok": true, "resumed": false, "wall_seconds": 50.196, "error": null, "completed": 1309, "failed": 0, "remaining": 433}
{"event": "date_completed", "date": "2025-01-20", "ok": true, "resumed": false, "wall_seconds": 23.1342, "error": null, "completed": 1310, "failed": 0, "remaining": 432}
{"event": "date_completed", "date": "2025-01-03", "ok": true, "resumed": false, "wall_seconds": 54.0499, "error": null, "completed": 1311, "failed": 0, "remaining": 431}
{"event": "date_completed", "date": "2025-01-07", "ok": true, "resumed": false, "wall_seconds": 55.0335, "error": null, "completed": 1312, "failed": 0, "remaining": 430}
{"event": "date_completed", "date": "2025-01-16", "ok": true, "resumed": false, "wall_seconds": 35.7186, "error": null, "completed": 1313, "failed": 0, "remaining": 429}
{"event": "date_completed", "date": "2025-01-15", "ok": true, "resumed": false, "wall_seconds": 40.6183, "error": null, "completed": 1314, "failed": 0, "remaining": 428}
{"event": "date_completed", "date": "2025-01-13", "ok": true, "resumed": false, "wall_seconds": 54.2309, "error": null, "completed": 1315, "failed": 0, "remaining": 427}
{"event": "date_completed", "date": "2025-01-17", "ok": true, "resumed": false, "wall_seconds": 41.2943, "error": null, "completed": 1316, "failed": 0, "remaining": 426}
{"event": "date_completed", "date": "2025-01-14", "ok": true, "resumed": false, "wall_seconds": 55.1999, "error": null, "completed": 1317, "failed": 0, "remaining": 425}
{"event": "date_completed", "date": "2025-01-06", "ok": true, "resumed": false, "wall_seconds": 72.0834, "error": null, "completed": 1318, "failed": 0, "remaining": 424}
{"event": "date_completed", "date": "2025-01-22", "ok": true, "resumed": false, "wall_seconds": 37.4301, "error": null, "completed": 1319, "failed": 0, "remaining": 423}
{"event": "date_completed", "date": "2025-01-10", "ok": true, "resumed": false, "wall_seconds": 78.8942, "error": null, "completed": 1320, "failed": 0, "remaining": 422}
{"event": "date_completed", "date": "2025-01-21", "ok": true, "resumed": false, "wall_seconds": 53.9904, "error": null, "completed": 1321, "failed": 0, "remaining": 421}
{"event": "date_completed", "date": "2025-01-23", "ok": true, "resumed": false, "wall_seconds": 48.0391, "error": null, "completed": 1322, "failed": 0, "remaining": 420}
{"event": "date_completed", "date": "2025-01-29", "ok": true, "resumed": false, "wall_seconds": 45.0788, "error": null, "completed": 1323, "failed": 0, "remaining": 419}
{"event": "date_completed", "date": "2025-01-28", "ok": true, "resumed": false, "wall_seconds": 50.0879, "error": null, "completed": 1324, "failed": 0, "remaining": 418}
{"event": "date_completed", "date": "2025-01-31", "ok": true, "resumed": false, "wall_seconds": 45.4583, "error": null, "completed": 1325, "failed": 0, "remaining": 417}
{"event": "date_completed", "date": "2025-02-04", "ok": true, "resumed": false, "wall_seconds": 45.8113, "error": null, "completed": 1326, "failed": 0, "remaining": 416}
{"event": "date_completed", "date": "2025-02-05", "ok": true, "resumed": false, "wall_seconds": 35.7158, "error": null, "completed": 1327, "failed": 0, "remaining": 415}
{"event": "date_completed", "date": "2025-02-06", "ok": true, "resumed": false, "wall_seconds": 30.6933, "error": null, "completed": 1328, "failed": 0, "remaining": 414}
{"event": "date_completed", "date": "2025-02-03", "ok": true, "resumed": false, "wall_seconds": 52.8694, "error": null, "completed": 1329, "failed": 0, "remaining": 413}
{"event": "date_completed", "date": "2025-02-10", "ok": true, "resumed": false, "wall_seconds": 37.4894, "error": null, "completed": 1330, "failed": 0, "remaining": 412}
{"event": "date_completed", "date": "2025-02-17", "ok": true, "resumed": false, "wall_seconds": 16.1335, "error": null, "completed": 1331, "failed": 0, "remaining": 411}
{"event": "date_completed", "date": "2025-02-07", "ok": true, "resumed": false, "wall_seconds": 42.324, "error": null, "completed": 1332, "failed": 0, "remaining": 410}
{"event": "date_completed", "date": "2025-01-30", "ok": true, "resumed": false, "wall_seconds": 73.2982, "error": null, "completed": 1333, "failed": 0, "remaining": 409}
{"event": "date_completed", "date": "2025-02-11", "ok": true, "resumed": false, "wall_seconds": 35.1161, "error": null, "completed": 1334, "failed": 0, "remaining": 408}
{"event": "date_completed", "date": "2025-01-24", "ok": true, "resumed": false, "wall_seconds": 91.4974, "error": null, "completed": 1335, "failed": 0, "remaining": 407}
{"event": "date_completed", "date": "2025-02-14", "ok": true, "resumed": false, "wall_seconds": 30.3302, "error": null, "completed": 1336, "failed": 0, "remaining": 406}
{"event": "date_completed", "date": "2025-02-18", "ok": true, "resumed": false, "wall_seconds": 28.7463, "error": null, "completed": 1337, "failed": 0, "remaining": 405}
{"event": "date_completed", "date": "2025-02-13", "ok": true, "resumed": false, "wall_seconds": 39.5328, "error": null, "completed": 1338, "failed": 0, "remaining": 404}
{"event": "date_completed", "date": "2025-01-27", "ok": true, "resumed": false, "wall_seconds": 101.4598, "error": null, "completed": 1339, "failed": 0, "remaining": 403}
{"event": "date_completed", "date": "2025-02-12", "ok": true, "resumed": false, "wall_seconds": 50.7913, "error": null, "completed": 1340, "failed": 0, "remaining": 402}
{"event": "date_completed", "date": "2025-02-20", "ok": true, "resumed": false, "wall_seconds": 32.0403, "error": null, "completed": 1341, "failed": 0, "remaining": 401}
{"event": "date_completed", "date": "2025-02-19", "ok": true, "resumed": false, "wall_seconds": 55.4993, "error": null, "completed": 1342, "failed": 0, "remaining": 400}
{"event": "date_completed", "date": "2025-02-26", "ok": true, "resumed": false, "wall_seconds": 41.7019, "error": null, "completed": 1343, "failed": 0, "remaining": 399}
{"event": "date_completed", "date": "2025-02-21", "ok": true, "resumed": false, "wall_seconds": 49.9899, "error": null, "completed": 1344, "failed": 0, "remaining": 398}
{"event": "date_completed", "date": "2025-02-24", "ok": true, "resumed": false, "wall_seconds": 51.0082, "error": null, "completed": 1345, "failed": 0, "remaining": 397}
{"event": "date_completed", "date": "2025-03-05", "ok": true, "resumed": false, "wall_seconds": 57.8457, "error": null, "completed": 1346, "failed": 0, "remaining": 396}
{"event": "date_completed", "date": "2025-02-25", "ok": true, "resumed": false, "wall_seconds": 78.9479, "error": null, "completed": 1347, "failed": 0, "remaining": 395}
{"event": "date_completed", "date": "2025-03-06", "ok": true, "resumed": false, "wall_seconds": 64.997, "error": null, "completed": 1348, "failed": 0, "remaining": 394}
{"event": "date_completed", "date": "2025-02-27", "ok": true, "resumed": false, "wall_seconds": 82.5463, "error": null, "completed": 1349, "failed": 0, "remaining": 393}
{"event": "date_completed", "date": "2025-03-07", "ok": true, "resumed": false, "wall_seconds": 58.8927, "error": null, "completed": 1350, "failed": 0, "remaining": 392}
{"event": "date_completed", "date": "2025-03-04", "ok": true, "resumed": false, "wall_seconds": 76.7251, "error": null, "completed": 1351, "failed": 0, "remaining": 391}
{"event": "date_completed", "date": "2025-02-28", "ok": true, "resumed": false, "wall_seconds": 84.759, "error": null, "completed": 1352, "failed": 0, "remaining": 390}
{"event": "date_completed", "date": "2025-03-03", "ok": true, "resumed": false, "wall_seconds": 81.9696, "error": null, "completed": 1353, "failed": 0, "remaining": 389}
{"event": "date_completed", "date": "2025-03-13", "ok": true, "resumed": false, "wall_seconds": 51.0401, "error": null, "completed": 1354, "failed": 0, "remaining": 388}
{"event": "date_completed", "date": "2025-03-12", "ok": true, "resumed": false, "wall_seconds": 53.5269, "error": null, "completed": 1355, "failed": 0, "remaining": 387}
{"event": "date_completed", "date": "2025-03-10", "ok": true, "resumed": false, "wall_seconds": 64.5124, "error": null, "completed": 1356, "failed": 0, "remaining": 386}
{"event": "date_completed", "date": "2025-03-21", "ok": true, "resumed": false, "wall_seconds": 16.7443, "error": null, "completed": 1357, "failed": 0, "remaining": 385}
{"event": "date_completed", "date": "2025-03-20", "ok": true, "resumed": false, "wall_seconds": 25.4213, "error": null, "completed": 1358, "failed": 0, "remaining": 384}
{"event": "date_completed", "date": "2025-03-17", "ok": true, "resumed": false, "wall_seconds": 35.7565, "error": null, "completed": 1359, "failed": 0, "remaining": 383}
{"event": "date_completed", "date": "2025-03-18", "ok": true, "resumed": false, "wall_seconds": 31.3815, "error": null, "completed": 1360, "failed": 0, "remaining": 382}
{"event": "date_completed", "date": "2025-03-14", "ok": true, "resumed": false, "wall_seconds": 47.4746, "error": null, "completed": 1361, "failed": 0, "remaining": 381}
{"event": "date_completed", "date": "2025-03-25", "ok": true, "resumed": false, "wall_seconds": 32.5923, "error": null, "completed": 1362, "failed": 0, "remaining": 380}
{"event": "date_completed", "date": "2025-03-11", "ok": true, "resumed": false, "wall_seconds": 87.5224, "error": null, "completed": 1363, "failed": 0, "remaining": 379}
{"event": "date_completed", "date": "2025-03-19", "ok": true, "resumed": false, "wall_seconds": 49.0475, "error": null, "completed": 1364, "failed": 0, "remaining": 378}
{"event": "date_completed", "date": "2025-03-24", "ok": true, "resumed": false, "wall_seconds": 43.9624, "error": null, "completed": 1365, "failed": 0, "remaining": 377}
{"event": "date_completed", "date": "2025-03-27", "ok": true, "resumed": false, "wall_seconds": 36.2369, "error": null, "completed": 1366, "failed": 0, "remaining": 376}
{"event": "date_completed", "date": "2025-03-26", "ok": true, "resumed": false, "wall_seconds": 37.1916, "error": null, "completed": 1367, "failed": 0, "remaining": 375}
{"event": "date_completed", "date": "2025-03-28", "ok": true, "resumed": false, "wall_seconds": 51.3447, "error": null, "completed": 1368, "failed": 0, "remaining": 374}
{"event": "date_completed", "date": "2025-03-31", "ok": true, "resumed": false, "wall_seconds": 62.0473, "error": null, "completed": 1369, "failed": 0, "remaining": 373}
{"event": "date_completed", "date": "2025-04-14", "ok": true, "resumed": false, "wall_seconds": 44.7857, "error": null, "completed": 1370, "failed": 0, "remaining": 372}
{"event": "date_completed", "date": "2025-04-01", "ok": true, "resumed": false, "wall_seconds": 72.9431, "error": null, "completed": 1371, "failed": 0, "remaining": 371}
{"event": "date_completed", "date": "2025-04-15", "ok": true, "resumed": false, "wall_seconds": 36.0134, "error": null, "completed": 1372, "failed": 0, "remaining": 370}
{"event": "date_completed", "date": "2025-04-02", "ok": true, "resumed": false, "wall_seconds": 75.7044, "error": null, "completed": 1373, "failed": 0, "remaining": 369}
{"event": "date_completed", "date": "2025-04-18", "ok": true, "resumed": false, "wall_seconds": 4.4223, "error": null, "completed": 1374, "failed": 0, "remaining": 368}
{"event": "date_completed", "date": "2025-04-11", "ok": true, "resumed": false, "wall_seconds": 68.697, "error": null, "completed": 1375, "failed": 0, "remaining": 367}
{"event": "date_completed", "date": "2025-04-03", "ok": true, "resumed": false, "wall_seconds": 95.6136, "error": null, "completed": 1376, "failed": 0, "remaining": 366}
{"event": "date_completed", "date": "2025-04-21", "ok": true, "resumed": false, "wall_seconds": 37.4844, "error": null, "completed": 1377, "failed": 0, "remaining": 365}
{"event": "date_completed", "date": "2025-04-17", "ok": true, "resumed": false, "wall_seconds": 47.5568, "error": null, "completed": 1378, "failed": 0, "remaining": 364}
{"event": "date_completed", "date": "2025-04-08", "ok": true, "resumed": false, "wall_seconds": 102.5769, "error": null, "completed": 1379, "failed": 0, "remaining": 363}
{"event": "date_completed", "date": "2025-04-23", "ok": true, "resumed": false, "wall_seconds": 47.0419, "error": null, "completed": 1380, "failed": 0, "remaining": 362}
{"event": "date_completed", "date": "2025-04-16", "ok": true, "resumed": false, "wall_seconds": 69.5529, "error": null, "completed": 1381, "failed": 0, "remaining": 361}
{"event": "date_completed", "date": "2025-04-22", "ok": true, "resumed": false, "wall_seconds": 49.8887, "error": null, "completed": 1382, "failed": 0, "remaining": 360}
{"event": "date_completed", "date": "2025-04-10", "ok": true, "resumed": false, "wall_seconds": 104.7679, "error": null, "completed": 1383, "failed": 0, "remaining": 359}
{"event": "date_completed", "date": "2025-04-25", "ok": true, "resumed": false, "wall_seconds": 40.8979, "error": null, "completed": 1384, "failed": 0, "remaining": 358}
{"event": "date_completed", "date": "2025-04-04", "ok": true, "resumed": false, "wall_seconds": 135.9445, "error": null, "completed": 1385, "failed": 0, "remaining": 357}
{"event": "date_completed", "date": "2025-04-28", "ok": true, "resumed": false, "wall_seconds": 35.5954, "error": null, "completed": 1386, "failed": 0, "remaining": 356}
{"event": "date_completed", "date": "2025-04-24", "ok": true, "resumed": false, "wall_seconds": 58.2508, "error": null, "completed": 1387, "failed": 0, "remaining": 355}
{"event": "date_completed", "date": "2025-04-29", "ok": true, "resumed": false, "wall_seconds": 37.9081, "error": null, "completed": 1388, "failed": 0, "remaining": 354}
{"event": "date_completed", "date": "2025-05-05", "ok": true, "resumed": false, "wall_seconds": 38.3281, "error": null, "completed": 1389, "failed": 0, "remaining": 353}
{"event": "date_completed", "date": "2025-04-07", "ok": true, "resumed": false, "wall_seconds": 157.6355, "error": null, "completed": 1390, "failed": 0, "remaining": 352}
{"event": "date_completed", "date": "2025-04-30", "ok": true, "resumed": false, "wall_seconds": 50.4229, "error": null, "completed": 1391, "failed": 0, "remaining": 351}
{"event": "date_completed", "date": "2025-05-06", "ok": true, "resumed": false, "wall_seconds": 46.0389, "error": null, "completed": 1392, "failed": 0, "remaining": 350}
{"event": "date_completed", "date": "2025-05-02", "ok": true, "resumed": false, "wall_seconds": 51.1235, "error": null, "completed": 1393, "failed": 0, "remaining": 349}
{"event": "date_completed", "date": "2025-05-07", "ok": true, "resumed": false, "wall_seconds": 40.6379, "error": null, "completed": 1394, "failed": 0, "remaining": 348}
{"event": "date_completed", "date": "2025-05-09", "ok": true, "resumed": false, "wall_seconds": 36.9164, "error": null, "completed": 1395, "failed": 0, "remaining": 347}
{"event": "date_completed", "date": "2025-04-09", "ok": true, "resumed": false, "wall_seconds": 168.029, "error": null, "completed": 1396, "failed": 0, "remaining": 346}
{"event": "date_completed", "date": "2025-05-12", "ok": true, "resumed": false, "wall_seconds": 40.0356, "error": null, "completed": 1397, "failed": 0, "remaining": 345}
{"event": "date_completed", "date": "2025-05-08", "ok": true, "resumed": false, "wall_seconds": 50.0185, "error": null, "completed": 1398, "failed": 0, "remaining": 344}
{"event": "date_completed", "date": "2025-05-16", "ok": true, "resumed": false, "wall_seconds": 35.0493, "error": null, "completed": 1399, "failed": 0, "remaining": 343}
{"event": "date_completed", "date": "2025-05-19", "ok": true, "resumed": false, "wall_seconds": 32.6623, "error": null, "completed": 1400, "failed": 0, "remaining": 342}
{"event": "date_completed", "date": "2025-05-13", "ok": true, "resumed": false, "wall_seconds": 53.1849, "error": null, "completed": 1401, "failed": 0, "remaining": 341}
{"event": "date_completed", "date": "2025-05-26", "ok": true, "resumed": false, "wall_seconds": 18.3403, "error": null, "completed": 1402, "failed": 0, "remaining": 340}
{"event": "date_completed", "date": "2025-05-15", "ok": true, "resumed": false, "wall_seconds": 40.9089, "error": null, "completed": 1403, "failed": 0, "remaining": 339}
{"event": "date_completed", "date": "2025-05-01", "ok": true, "resumed": false, "wall_seconds": 86.6141, "error": null, "completed": 1404, "failed": 0, "remaining": 338}
{"event": "date_completed", "date": "2025-05-21", "ok": true, "resumed": false, "wall_seconds": 37.9505, "error": null, "completed": 1405, "failed": 0, "remaining": 337}
{"event": "date_completed", "date": "2025-05-20", "ok": true, "resumed": false, "wall_seconds": 45.0554, "error": null, "completed": 1406, "failed": 0, "remaining": 336}
{"event": "date_completed", "date": "2025-05-27", "ok": true, "resumed": false, "wall_seconds": 32.8941, "error": null, "completed": 1407, "failed": 0, "remaining": 335}
{"event": "date_completed", "date": "2025-05-14", "ok": true, "resumed": false, "wall_seconds": 66.5709, "error": null, "completed": 1408, "failed": 0, "remaining": 334}
{"event": "date_completed", "date": "2025-05-22", "ok": true, "resumed": false, "wall_seconds": 47.0206, "error": null, "completed": 1409, "failed": 0, "remaining": 333}
{"event": "date_completed", "date": "2025-05-28", "ok": true, "resumed": false, "wall_seconds": 28.6902, "error": null, "completed": 1410, "failed": 0, "remaining": 332}
{"event": "date_completed", "date": "2025-05-23", "ok": true, "resumed": false, "wall_seconds": 45.5977, "error": null, "completed": 1411, "failed": 0, "remaining": 331}
{"event": "date_completed", "date": "2025-06-04", "ok": true, "resumed": false, "wall_seconds": 28.1044, "error": null, "completed": 1412, "failed": 0, "remaining": 330}
{"event": "date_completed", "date": "2025-05-30", "ok": true, "resumed": false, "wall_seconds": 33.1907, "error": null, "completed": 1413, "failed": 0, "remaining": 329}
{"event": "date_completed", "date": "2025-06-03", "ok": true, "resumed": false, "wall_seconds": 32.3593, "error": null, "completed": 1414, "failed": 0, "remaining": 328}
{"event": "date_completed", "date": "2025-05-29", "ok": true, "resumed": false, "wall_seconds": 36.9449, "error": null, "completed": 1415, "failed": 0, "remaining": 327}
{"event": "date_completed", "date": "2025-06-02", "ok": true, "resumed": false, "wall_seconds": 36.5074, "error": null, "completed": 1416, "failed": 0, "remaining": 326}
{"event": "date_completed", "date": "2025-06-09", "ok": true, "resumed": false, "wall_seconds": 30.4679, "error": null, "completed": 1417, "failed": 0, "remaining": 325}
{"event": "date_completed", "date": "2025-06-19", "ok": true, "resumed": false, "wall_seconds": 15.9851, "error": null, "completed": 1418, "failed": 0, "remaining": 324}
{"event": "date_completed", "date": "2025-06-20", "ok": true, "resumed": false, "wall_seconds": 15.44, "error": null, "completed": 1419, "failed": 0, "remaining": 323}
{"event": "date_completed", "date": "2025-06-06", "ok": true, "resumed": false, "wall_seconds": 40.2207, "error": null, "completed": 1420, "failed": 0, "remaining": 322}
{"event": "date_completed", "date": "2025-06-10", "ok": true, "resumed": false, "wall_seconds": 30.6542, "error": null, "completed": 1421, "failed": 0, "remaining": 321}
{"event": "date_completed", "date": "2025-06-17", "ok": true, "resumed": false, "wall_seconds": 28.0923, "error": null, "completed": 1422, "failed": 0, "remaining": 320}
{"event": "date_completed", "date": "2025-06-05", "ok": true, "resumed": false, "wall_seconds": 51.5514, "error": null, "completed": 1423, "failed": 0, "remaining": 319}
{"event": "date_completed", "date": "2025-06-12", "ok": true, "resumed": false, "wall_seconds": 40.4795, "error": null, "completed": 1424, "failed": 0, "remaining": 318}
{"event": "date_completed", "date": "2025-06-18", "ok": true, "resumed": false, "wall_seconds": 34.2593, "error": null, "completed": 1425, "failed": 0, "remaining": 317}
{"event": "date_completed", "date": "2025-06-11", "ok": true, "resumed": false, "wall_seconds": 43.9085, "error": null, "completed": 1426, "failed": 0, "remaining": 316}
{"event": "date_completed", "date": "2025-06-13", "ok": true, "resumed": false, "wall_seconds": 45.2273, "error": null, "completed": 1427, "failed": 0, "remaining": 315}
{"event": "date_completed", "date": "2025-06-25", "ok": true, "resumed": false, "wall_seconds": 22.0387, "error": null, "completed": 1428, "failed": 0, "remaining": 314}
{"event": "date_completed", "date": "2025-06-16", "ok": true, "resumed": false, "wall_seconds": 50.6532, "error": null, "completed": 1429, "failed": 0, "remaining": 313}
{"event": "date_completed", "date": "2025-06-24", "ok": true, "resumed": false, "wall_seconds": 32.7273, "error": null, "completed": 1430, "failed": 0, "remaining": 312}
{"event": "date_completed", "date": "2025-07-04", "ok": true, "resumed": false, "wall_seconds": 16.2343, "error": null, "completed": 1431, "failed": 0, "remaining": 311}
{"event": "date_completed", "date": "2025-06-23", "ok": true, "resumed": false, "wall_seconds": 36.9688, "error": null, "completed": 1432, "failed": 0, "remaining": 310}
{"event": "date_completed", "date": "2025-06-27", "ok": true, "resumed": false, "wall_seconds": 32.0804, "error": null, "completed": 1433, "failed": 0, "remaining": 309}
{"event": "date_completed", "date": "2025-06-26", "ok": true, "resumed": false, "wall_seconds": 33.3254, "error": null, "completed": 1434, "failed": 0, "remaining": 308}
{"event": "date_completed", "date": "2025-06-30", "ok": true, "resumed": false, "wall_seconds": 30.5446, "error": null, "completed": 1435, "failed": 0, "remaining": 307}
{"event": "date_completed", "date": "2025-07-01", "ok": true, "resumed": false, "wall_seconds": 38.4236, "error": null, "completed": 1436, "failed": 0, "remaining": 306}
{"event": "date_completed", "date": "2025-07-08", "ok": true, "resumed": false, "wall_seconds": 27.46, "error": null, "completed": 1437, "failed": 0, "remaining": 305}
{"event": "date_completed", "date": "2025-07-02", "ok": true, "resumed": false, "wall_seconds": 37.6533, "error": null, "completed": 1438, "failed": 0, "remaining": 304}
{"event": "date_completed", "date": "2025-07-03", "ok": true, "resumed": false, "wall_seconds": 41.8969, "error": null, "completed": 1439, "failed": 0, "remaining": 303}
{"event": "date_completed", "date": "2025-07-10", "ok": true, "resumed": false, "wall_seconds": 29.8032, "error": null, "completed": 1440, "failed": 0, "remaining": 302}
{"event": "date_completed", "date": "2025-07-15", "ok": true, "resumed": false, "wall_seconds": 27.2273, "error": null, "completed": 1441, "failed": 0, "remaining": 301}
{"event": "date_completed", "date": "2025-07-11", "ok": true, "resumed": false, "wall_seconds": 29.037, "error": null, "completed": 1442, "failed": 0, "remaining": 300}
{"event": "date_completed", "date": "2025-07-14", "ok": true, "resumed": false, "wall_seconds": 31.1494, "error": null, "completed": 1443, "failed": 0, "remaining": 299}
{"event": "date_completed", "date": "2025-07-07", "ok": true, "resumed": false, "wall_seconds": 44.7321, "error": null, "completed": 1444, "failed": 0, "remaining": 298}
{"event": "date_completed", "date": "2025-07-16", "ok": true, "resumed": false, "wall_seconds": 33.554, "error": null, "completed": 1445, "failed": 0, "remaining": 297}
{"event": "date_completed", "date": "2025-07-09", "ok": true, "resumed": false, "wall_seconds": 40.1882, "error": null, "completed": 1446, "failed": 0, "remaining": 296}
{"event": "date_completed", "date": "2025-07-17", "ok": true, "resumed": false, "wall_seconds": 33.731, "error": null, "completed": 1447, "failed": 0, "remaining": 295}
{"event": "date_completed", "date": "2025-07-18", "ok": true, "resumed": false, "wall_seconds": 29.3596, "error": null, "completed": 1448, "failed": 0, "remaining": 294}
{"event": "date_completed", "date": "2025-07-21", "ok": true, "resumed": false, "wall_seconds": 28.5929, "error": null, "completed": 1449, "failed": 0, "remaining": 293}
{"event": "date_completed", "date": "2025-07-24", "ok": true, "resumed": false, "wall_seconds": 22.1306, "error": null, "completed": 1450, "failed": 0, "remaining": 292}
{"event": "date_completed", "date": "2025-07-22", "ok": true, "resumed": false, "wall_seconds": 34.0972, "error": null, "completed": 1451, "failed": 0, "remaining": 291}
{"event": "date_completed", "date": "2025-07-25", "ok": true, "resumed": false, "wall_seconds": 26.3935, "error": null, "completed": 1452, "failed": 0, "remaining": 290}
{"event": "date_completed", "date": "2025-07-23", "ok": true, "resumed": false, "wall_seconds": 31.871, "error": null, "completed": 1453, "failed": 0, "remaining": 289}
{"event": "date_completed", "date": "2025-07-28", "ok": true, "resumed": false, "wall_seconds": 28.6051, "error": null, "completed": 1454, "failed": 0, "remaining": 288}
{"event": "date_completed", "date": "2025-07-29", "ok": true, "resumed": false, "wall_seconds": 26.9394, "error": null, "completed": 1455, "failed": 0, "remaining": 287}
{"event": "date_completed", "date": "2025-08-04", "ok": true, "resumed": false, "wall_seconds": 36.3893, "error": null, "completed": 1456, "failed": 0, "remaining": 286}
{"event": "date_completed", "date": "2025-07-30", "ok": true, "resumed": false, "wall_seconds": 47.5651, "error": null, "completed": 1457, "failed": 0, "remaining": 285}
{"event": "date_completed", "date": "2025-08-05", "ok": true, "resumed": false, "wall_seconds": 38.82, "error": null, "completed": 1458, "failed": 0, "remaining": 284}
{"event": "date_completed", "date": "2025-08-11", "ok": true, "resumed": false, "wall_seconds": 31.9875, "error": null, "completed": 1459, "failed": 0, "remaining": 283}
{"event": "date_completed", "date": "2025-08-06", "ok": true, "resumed": false, "wall_seconds": 41.4103, "error": null, "completed": 1460, "failed": 0, "remaining": 282}
{"event": "date_completed", "date": "2025-08-13", "ok": true, "resumed": false, "wall_seconds": 33.4614, "error": null, "completed": 1461, "failed": 0, "remaining": 281}
{"event": "date_completed", "date": "2025-08-12", "ok": true, "resumed": false, "wall_seconds": 35.0325, "error": null, "completed": 1462, "failed": 0, "remaining": 280}
{"event": "date_completed", "date": "2025-08-07", "ok": true, "resumed": false, "wall_seconds": 41.924, "error": null, "completed": 1463, "failed": 0, "remaining": 279}
{"event": "date_completed", "date": "2025-08-08", "ok": true, "resumed": false, "wall_seconds": 39.431, "error": null, "completed": 1464, "failed": 0, "remaining": 278}
{"event": "date_completed", "date": "2025-08-14", "ok": true, "resumed": false, "wall_seconds": 35.0638, "error": null, "completed": 1465, "failed": 0, "remaining": 277}
{"event": "date_completed", "date": "2025-07-31", "ok": true, "resumed": false, "wall_seconds": 59.9241, "error": null, "completed": 1466, "failed": 0, "remaining": 276}
{"event": "date_completed", "date": "2025-08-18", "ok": true, "resumed": false, "wall_seconds": 31.7997, "error": null, "completed": 1467, "failed": 0, "remaining": 275}
{"event": "date_completed", "date": "2025-08-15", "ok": true, "resumed": false, "wall_seconds": 35.5079, "error": null, "completed": 1468, "failed": 0, "remaining": 274}
{"event": "date_completed", "date": "2025-08-27", "ok": true, "resumed": false, "wall_seconds": 25.1159, "error": null, "completed": 1469, "failed": 0, "remaining": 273}
{"event": "date_completed", "date": "2025-08-21", "ok": true, "resumed": false, "wall_seconds": 30.6314, "error": null, "completed": 1470, "failed": 0, "remaining": 272}
{"event": "date_completed", "date": "2025-08-19", "ok": true, "resumed": false, "wall_seconds": 35.2072, "error": null, "completed": 1471, "failed": 0, "remaining": 271}
{"event": "date_completed", "date": "2025-08-26", "ok": true, "resumed": false, "wall_seconds": 29.7664, "error": null, "completed": 1472, "failed": 0, "remaining": 270}
{"event": "date_completed", "date": "2025-08-25", "ok": true, "resumed": false, "wall_seconds": 35.1771, "error": null, "completed": 1473, "failed": 0, "remaining": 269}
{"event": "date_completed", "date": "2025-08-20", "ok": true, "resumed": false, "wall_seconds": 41.7571, "error": null, "completed": 1474, "failed": 0, "remaining": 268}
{"event": "date_completed", "date": "2025-08-29", "ok": true, "resumed": false, "wall_seconds": 33.6161, "error": null, "completed": 1475, "failed": 0, "remaining": 267}
{"event": "date_completed", "date": "2025-09-01", "ok": true, "resumed": false, "wall_seconds": 19.4655, "error": null, "completed": 1476, "failed": 0, "remaining": 266}
{"event": "date_completed", "date": "2025-08-01", "ok": true, "resumed": false, "wall_seconds": 97.2513, "error": null, "completed": 1477, "failed": 0, "remaining": 265}
{"event": "date_completed", "date": "2025-08-28", "ok": true, "resumed": false, "wall_seconds": 43.4558, "error": null, "completed": 1478, "failed": 0, "remaining": 264}
{"event": "date_completed", "date": "2025-08-22", "ok": true, "resumed": false, "wall_seconds": 61.7342, "error": null, "completed": 1479, "failed": 0, "remaining": 263}
{"event": "date_completed", "date": "2025-09-03", "ok": true, "resumed": false, "wall_seconds": 34.7771, "error": null, "completed": 1480, "failed": 0, "remaining": 262}
{"event": "date_completed", "date": "2025-09-02", "ok": true, "resumed": false, "wall_seconds": 40.4866, "error": null, "completed": 1481, "failed": 0, "remaining": 261}
{"event": "date_completed", "date": "2025-09-12", "ok": true, "resumed": false, "wall_seconds": 24.2556, "error": null, "completed": 1482, "failed": 0, "remaining": 260}
{"event": "date_completed", "date": "2025-09-16", "ok": true, "resumed": false, "wall_seconds": 20.5012, "error": null, "completed": 1483, "failed": 0, "remaining": 259}
{"event": "date_completed", "date": "2025-09-08", "ok": true, "resumed": false, "wall_seconds": 35.4214, "error": null, "completed": 1484, "failed": 0, "remaining": 258}
{"event": "date_completed", "date": "2025-09-04", "ok": true, "resumed": false, "wall_seconds": 41.3038, "error": null, "completed": 1485, "failed": 0, "remaining": 257}
{"event": "date_completed", "date": "2025-09-11", "ok": true, "resumed": false, "wall_seconds": 34.4447, "error": null, "completed": 1486, "failed": 0, "remaining": 256}
{"event": "date_completed", "date": "2025-09-05", "ok": true, "resumed": false, "wall_seconds": 47.3894, "error": null, "completed": 1487, "failed": 0, "remaining": 255}
{"event": "date_completed", "date": "2025-09-09", "ok": true, "resumed": false, "wall_seconds": 39.6067, "error": null, "completed": 1488, "failed": 0, "remaining": 254}
{"event": "date_completed", "date": "2025-09-19", "ok": true, "resumed": false, "wall_seconds": 15.114, "error": null, "completed": 1489, "failed": 0, "remaining": 253}
{"event": "date_completed", "date": "2025-09-10", "ok": true, "resumed": false, "wall_seconds": 43.6318, "error": null, "completed": 1490, "failed": 0, "remaining": 252}
{"event": "date_completed", "date": "2025-09-17", "ok": true, "resumed": false, "wall_seconds": 26.5595, "error": null, "completed": 1491, "failed": 0, "remaining": 251}
{"event": "date_completed", "date": "2025-09-15", "ok": true, "resumed": false, "wall_seconds": 47.5673, "error": null, "completed": 1492, "failed": 0, "remaining": 250}
{"event": "date_completed", "date": "2025-09-24", "ok": true, "resumed": false, "wall_seconds": 25.1466, "error": null, "completed": 1493, "failed": 0, "remaining": 249}
{"event": "date_completed", "date": "2025-09-23", "ok": true, "resumed": false, "wall_seconds": 25.5408, "error": null, "completed": 1494, "failed": 0, "remaining": 248}
{"event": "date_completed", "date": "2025-09-30", "ok": true, "resumed": false, "wall_seconds": 27.2194, "error": null, "completed": 1495, "failed": 0, "remaining": 247}
{"event": "date_completed", "date": "2025-09-26", "ok": true, "resumed": false, "wall_seconds": 30.8247, "error": null, "completed": 1496, "failed": 0, "remaining": 246}
{"event": "date_completed", "date": "2025-09-18", "ok": true, "resumed": false, "wall_seconds": 42.7221, "error": null, "completed": 1497, "failed": 0, "remaining": 245}
{"event": "date_completed", "date": "2025-09-29", "ok": true, "resumed": false, "wall_seconds": 32.5791, "error": null, "completed": 1498, "failed": 0, "remaining": 244}
{"event": "date_completed", "date": "2025-09-25", "ok": true, "resumed": false, "wall_seconds": 40.3881, "error": null, "completed": 1499, "failed": 0, "remaining": 243}
{"event": "date_completed", "date": "2025-09-22", "ok": true, "resumed": false, "wall_seconds": 51.7569, "error": null, "completed": 1500, "failed": 0, "remaining": 242}
{"event": "date_completed", "date": "2025-10-02", "ok": true, "resumed": false, "wall_seconds": 38.5776, "error": null, "completed": 1501, "failed": 0, "remaining": 241}
{"event": "date_completed", "date": "2025-10-03", "ok": true, "resumed": false, "wall_seconds": 33.2536, "error": null, "completed": 1502, "failed": 0, "remaining": 240}
{"event": "date_completed", "date": "2025-10-06", "ok": true, "resumed": false, "wall_seconds": 32.1342, "error": null, "completed": 1503, "failed": 0, "remaining": 239}
{"event": "date_completed", "date": "2025-10-08", "ok": true, "resumed": false, "wall_seconds": 33.1237, "error": null, "completed": 1504, "failed": 0, "remaining": 238}
{"event": "date_completed", "date": "2025-10-01", "ok": true, "resumed": false, "wall_seconds": 61.284, "error": null, "completed": 1505, "failed": 0, "remaining": 237}
{"event": "date_completed", "date": "2025-10-09", "ok": true, "resumed": false, "wall_seconds": 35.9278, "error": null, "completed": 1506, "failed": 0, "remaining": 236}
{"event": "date_completed", "date": "2025-10-07", "ok": true, "resumed": false, "wall_seconds": 61.8264, "error": null, "completed": 1507, "failed": 0, "remaining": 235}
{"event": "date_completed", "date": "2025-10-21", "ok": true, "resumed": false, "wall_seconds": 32.451, "error": null, "completed": 1508, "failed": 0, "remaining": 234}
{"event": "date_completed", "date": "2025-10-15", "ok": true, "resumed": false, "wall_seconds": 54.9402, "error": null, "completed": 1509, "failed": 0, "remaining": 233}
{"event": "date_completed", "date": "2025-10-20", "ok": true, "resumed": false, "wall_seconds": 42.9658, "error": null, "completed": 1510, "failed": 0, "remaining": 232}
{"event": "date_completed", "date": "2025-10-13", "ok": true, "resumed": false, "wall_seconds": 60.7218, "error": null, "completed": 1511, "failed": 0, "remaining": 231}
{"event": "date_completed", "date": "2025-10-14", "ok": true, "resumed": false, "wall_seconds": 60.1601, "error": null, "completed": 1512, "failed": 0, "remaining": 230}
{"event": "date_completed", "date": "2025-10-17", "ok": true, "resumed": false, "wall_seconds": 60.0796, "error": null, "completed": 1513, "failed": 0, "remaining": 229}
{"event": "date_completed", "date": "2025-10-16", "ok": true, "resumed": false, "wall_seconds": 69.4038, "error": null, "completed": 1514, "failed": 0, "remaining": 228}
{"event": "date_completed", "date": "2025-10-23", "ok": true, "resumed": false, "wall_seconds": 48.6942, "error": null, "completed": 1515, "failed": 0, "remaining": 227}
{"event": "date_completed", "date": "2025-10-28", "ok": true, "resumed": false, "wall_seconds": 37.1458, "error": null, "completed": 1516, "failed": 0, "remaining": 226}
{"event": "date_completed", "date": "2025-10-24", "ok": true, "resumed": false, "wall_seconds": 53.3758, "error": null, "completed": 1517, "failed": 0, "remaining": 225}
{"event": "date_completed", "date": "2025-10-27", "ok": true, "resumed": false, "wall_seconds": 41.9658, "error": null, "completed": 1518, "failed": 0, "remaining": 224}
{"event": "date_completed", "date": "2025-10-22", "ok": true, "resumed": false, "wall_seconds": 80.717, "error": null, "completed": 1519, "failed": 0, "remaining": 223}
{"event": "date_completed", "date": "2025-11-03", "ok": true, "resumed": false, "wall_seconds": 40.9796, "error": null, "completed": 1520, "failed": 0, "remaining": 222}
{"event": "date_completed", "date": "2025-10-10", "ok": true, "resumed": false, "wall_seconds": 108.3384, "error": null, "completed": 1521, "failed": 0, "remaining": 221}
{"event": "date_completed", "date": "2025-10-31", "ok": true, "resumed": false, "wall_seconds": 55.3205, "error": null, "completed": 1522, "failed": 0, "remaining": 220}
{"event": "date_completed", "date": "2025-10-30", "ok": true, "resumed": false, "wall_seconds": 72.7772, "error": null, "completed": 1523, "failed": 0, "remaining": 219}
{"event": "date_completed", "date": "2025-11-05", "ok": true, "resumed": false, "wall_seconds": 53.9917, "error": null, "completed": 1524, "failed": 0, "remaining": 218}
{"event": "date_completed", "date": "2025-11-04", "ok": true, "resumed": false, "wall_seconds": 60.0089, "error": null, "completed": 1525, "failed": 0, "remaining": 217}
{"event": "date_completed", "date": "2025-11-11", "ok": true, "resumed": false, "wall_seconds": 54.9775, "error": null, "completed": 1526, "failed": 0, "remaining": 216}
{"event": "date_completed", "date": "2025-11-10", "ok": true, "resumed": false, "wall_seconds": 61.2016, "error": null, "completed": 1527, "failed": 0, "remaining": 215}
{"event": "date_completed", "date": "2025-11-06", "ok": true, "resumed": false, "wall_seconds": 74.8515, "error": null, "completed": 1528, "failed": 0, "remaining": 214}
{"event": "date_completed", "date": "2025-11-12", "ok": true, "resumed": false, "wall_seconds": 60.5341, "error": null, "completed": 1529, "failed": 0, "remaining": 213}
{"event": "date_completed", "date": "2025-10-29", "ok": true, "resumed": false, "wall_seconds": 109.2431, "error": null, "completed": 1530, "failed": 0, "remaining": 212}
{"event": "date_completed", "date": "2025-11-17", "ok": true, "resumed": false, "wall_seconds": 60.2411, "error": null, "completed": 1531, "failed": 0, "remaining": 211}
{"event": "date_completed", "date": "2025-11-14", "ok": true, "resumed": false, "wall_seconds": 72.7373, "error": null, "completed": 1532, "failed": 0, "remaining": 210}
{"event": "date_completed", "date": "2025-11-13", "ok": true, "resumed": false, "wall_seconds": 79.5406, "error": null, "completed": 1533, "failed": 0, "remaining": 209}
{"event": "date_completed", "date": "2025-11-07", "ok": true, "resumed": false, "wall_seconds": 100.4129, "error": null, "completed": 1534, "failed": 0, "remaining": 208}
{"event": "date_completed", "date": "2025-11-27", "ok": true, "resumed": false, "wall_seconds": 19.1585, "error": null, "completed": 1535, "failed": 0, "remaining": 207}
{"event": "date_completed", "date": "2025-11-19", "ok": true, "resumed": false, "wall_seconds": 62.5228, "error": null, "completed": 1536, "failed": 0, "remaining": 206}
{"event": "date_completed", "date": "2025-11-28", "ok": true, "resumed": false, "wall_seconds": 24.454, "error": null, "completed": 1537, "failed": 0, "remaining": 205}
{"event": "date_completed", "date": "2025-11-18", "ok": true, "resumed": false, "wall_seconds": 74.6274, "error": null, "completed": 1538, "failed": 0, "remaining": 204}
{"event": "date_completed", "date": "2025-11-26", "ok": true, "resumed": false, "wall_seconds": 49.3936, "error": null, "completed": 1539, "failed": 0, "remaining": 203}
{"event": "date_completed", "date": "2025-11-25", "ok": true, "resumed": false, "wall_seconds": 62.724, "error": null, "completed": 1540, "failed": 0, "remaining": 202}
{"event": "date_completed", "date": "2025-12-01", "ok": true, "resumed": false, "wall_seconds": 41.4628, "error": null, "completed": 1541, "failed": 0, "remaining": 201}
{"event": "date_completed", "date": "2025-11-24", "ok": true, "resumed": false, "wall_seconds": 72.2623, "error": null, "completed": 1542, "failed": 0, "remaining": 200}
{"event": "date_completed", "date": "2025-12-03", "ok": true, "resumed": false, "wall_seconds": 35.0907, "error": null, "completed": 1543, "failed": 0, "remaining": 199}
{"event": "date_completed", "date": "2025-12-04", "ok": true, "resumed": false, "wall_seconds": 36.6209, "error": null, "completed": 1544, "failed": 0, "remaining": 198}
{"event": "date_completed", "date": "2025-12-02", "ok": true, "resumed": false, "wall_seconds": 43.0419, "error": null, "completed": 1545, "failed": 0, "remaining": 197}
{"event": "date_completed", "date": "2025-12-05", "ok": true, "resumed": false, "wall_seconds": 36.6645, "error": null, "completed": 1546, "failed": 0, "remaining": 196}
{"event": "date_completed", "date": "2025-12-08", "ok": true, "resumed": false, "wall_seconds": 34.36, "error": null, "completed": 1547, "failed": 0, "remaining": 195}
{"event": "date_completed", "date": "2025-11-20", "ok": true, "resumed": false, "wall_seconds": 106.4746, "error": null, "completed": 1548, "failed": 0, "remaining": 194}
{"event": "date_completed", "date": "2025-12-09", "ok": true, "resumed": false, "wall_seconds": 38.546, "error": null, "completed": 1549, "failed": 0, "remaining": 193}
{"event": "date_completed", "date": "2025-12-17", "ok": true, "resumed": false, "wall_seconds": 23.822, "error": null, "completed": 1550, "failed": 0, "remaining": 192}
{"event": "date_completed", "date": "2025-12-19", "ok": true, "resumed": false, "wall_seconds": 16.8075, "error": null, "completed": 1551, "failed": 0, "remaining": 191}
{"event": "date_completed", "date": "2025-12-25", "ok": true, "resumed": false, "wall_seconds": 4.0108, "error": null, "completed": 1552, "failed": 0, "remaining": 190}
{"event": "date_completed", "date": "2025-12-15", "ok": true, "resumed": false, "wall_seconds": 32.4486, "error": null, "completed": 1553, "failed": 0, "remaining": 189}
{"event": "date_completed", "date": "2025-12-16", "ok": true, "resumed": false, "wall_seconds": 31.6852, "error": null, "completed": 1554, "failed": 0, "remaining": 188}
{"event": "date_completed", "date": "2025-12-10", "ok": true, "resumed": false, "wall_seconds": 50.7658, "error": null, "completed": 1555, "failed": 0, "remaining": 187}
{"event": "date_completed", "date": "2025-12-18", "ok": true, "resumed": false, "wall_seconds": 35.3325, "error": null, "completed": 1556, "failed": 0, "remaining": 186}
{"event": "date_completed", "date": "2026-01-01", "ok": true, "resumed": false, "wall_seconds": 5.0336, "error": null, "completed": 1557, "failed": 0, "remaining": 185}
{"event": "date_completed", "date": "2025-12-11", "ok": true, "resumed": false, "wall_seconds": 48.7286, "error": null, "completed": 1558, "failed": 0, "remaining": 184}
{"event": "date_completed", "date": "2025-12-24", "ok": true, "resumed": false, "wall_seconds": 27.2855, "error": null, "completed": 1559, "failed": 0, "remaining": 183}
{"event": "date_completed", "date": "2025-12-22", "ok": true, "resumed": false, "wall_seconds": 39.288, "error": null, "completed": 1560, "failed": 0, "remaining": 182}
{"event": "date_completed", "date": "2025-11-21", "ok": true, "resumed": false, "wall_seconds": 129.5504, "error": null, "completed": 1561, "failed": 0, "remaining": 181}
{"event": "date_completed", "date": "2025-12-23", "ok": true, "resumed": false, "wall_seconds": 34.9166, "error": null, "completed": 1562, "failed": 0, "remaining": 180}
{"event": "date_completed", "date": "2025-12-30", "ok": true, "resumed": false, "wall_seconds": 23.5988, "error": null, "completed": 1563, "failed": 0, "remaining": 179}
{"event": "date_completed", "date": "2025-12-29", "ok": true, "resumed": false, "wall_seconds": 25.709, "error": null, "completed": 1564, "failed": 0, "remaining": 178}
{"event": "date_completed", "date": "2025-12-26", "ok": true, "resumed": false, "wall_seconds": 30.0483, "error": null, "completed": 1565, "failed": 0, "remaining": 177}
{"event": "date_completed", "date": "2025-12-31", "ok": true, "resumed": false, "wall_seconds": 26.2017, "error": null, "completed": 1566, "failed": 0, "remaining": 176}
{"event": "date_completed", "date": "2025-12-12", "ok": true, "resumed": false, "wall_seconds": 69.6618, "error": null, "completed": 1567, "failed": 0, "remaining": 175}
{"event": "date_completed", "date": "2026-01-05", "ok": true, "resumed": false, "wall_seconds": 32.4516, "error": null, "completed": 1568, "failed": 0, "remaining": 174}
{"event": "date_completed", "date": "2026-01-07", "ok": true, "resumed": false, "wall_seconds": 35.0818, "error": null, "completed": 1569, "failed": 0, "remaining": 173}
{"event": "date_completed", "date": "2026-01-02", "ok": true, "resumed": false, "wall_seconds": 49.8006, "error": null, "completed": 1570, "failed": 0, "remaining": 172}
{"event": "date_completed", "date": "2026-01-19", "ok": true, "resumed": false, "wall_seconds": 22.1646, "error": null, "completed": 1571, "failed": 0, "remaining": 171}
{"event": "date_completed", "date": "2026-01-09", "ok": true, "resumed": false, "wall_seconds": 40.2632, "error": null, "completed": 1572, "failed": 0, "remaining": 170}
{"event": "date_completed", "date": "2026-01-13", "ok": true, "resumed": false, "wall_seconds": 41.4563, "error": null, "completed": 1573, "failed": 0, "remaining": 169}
{"event": "date_completed", "date": "2026-01-06", "ok": true, "resumed": false, "wall_seconds": 51.8891, "error": null, "completed": 1574, "failed": 0, "remaining": 168}
{"event": "date_completed", "date": "2026-01-08", "ok": true, "resumed": false, "wall_seconds": 46.1893, "error": null, "completed": 1575, "failed": 0, "remaining": 167}
{"event": "date_completed", "date": "2026-01-16", "ok": true, "resumed": false, "wall_seconds": 43.6368, "error": null, "completed": 1576, "failed": 0, "remaining": 166}
{"event": "date_completed", "date": "2026-01-12", "ok": true, "resumed": false, "wall_seconds": 56.699, "error": null, "completed": 1577, "failed": 0, "remaining": 165}
{"event": "date_completed", "date": "2026-01-14", "ok": true, "resumed": false, "wall_seconds": 66.0233, "error": null, "completed": 1578, "failed": 0, "remaining": 164}
{"event": "date_completed", "date": "2026-01-20", "ok": true, "resumed": false, "wall_seconds": 49.7453, "error": null, "completed": 1579, "failed": 0, "remaining": 163}
{"event": "date_completed", "date": "2026-01-15", "ok": true, "resumed": false, "wall_seconds": 68.8728, "error": null, "completed": 1580, "failed": 0, "remaining": 162}
{"event": "date_completed", "date": "2026-01-23", "ok": true, "resumed": false, "wall_seconds": 40.1258, "error": null, "completed": 1581, "failed": 0, "remaining": 161}
{"event": "date_completed", "date": "2026-01-27", "ok": true, "resumed": false, "wall_seconds": 34.3386, "error": null, "completed": 1582, "failed": 0, "remaining": 160}
{"event": "date_completed", "date": "2026-01-26", "ok": true, "resumed": false, "wall_seconds": 39.1063, "error": null, "completed": 1583, "failed": 0, "remaining": 159}
{"event": "date_completed", "date": "2026-01-22", "ok": true, "resumed": false, "wall_seconds": 42.533, "error": null, "completed": 1584, "failed": 0, "remaining": 158}
{"event": "date_completed", "date": "2026-01-28", "ok": true, "resumed": false, "wall_seconds": 37.8748, "error": null, "completed": 1585, "failed": 0, "remaining": 157}
{"event": "date_completed", "date": "2026-01-29", "ok": true, "resumed": false, "wall_seconds": 62.5528, "error": null, "completed": 1586, "failed": 0, "remaining": 156}
{"event": "date_completed", "date": "2026-01-30", "ok": true, "resumed": false, "wall_seconds": 65.5264, "error": null, "completed": 1587, "failed": 0, "remaining": 155}
{"event": "date_completed", "date": "2026-02-10", "ok": true, "resumed": false, "wall_seconds": 38.2543, "error": null, "completed": 1588, "failed": 0, "remaining": 154}
{"event": "date_completed", "date": "2026-02-02", "ok": true, "resumed": false, "wall_seconds": 62.0545, "error": null, "completed": 1589, "failed": 0, "remaining": 153}
{"event": "date_completed", "date": "2026-02-03", "ok": true, "resumed": false, "wall_seconds": 57.4515, "error": null, "completed": 1590, "failed": 0, "remaining": 152}
{"event": "date_completed", "date": "2026-02-16", "ok": true, "resumed": false, "wall_seconds": 19.4903, "error": null, "completed": 1591, "failed": 0, "remaining": 151}
{"event": "date_completed", "date": "2026-02-09", "ok": true, "resumed": false, "wall_seconds": 57.9358, "error": null, "completed": 1592, "failed": 0, "remaining": 150}
{"event": "date_completed", "date": "2026-01-21", "ok": true, "resumed": false, "wall_seconds": 105.7001, "error": null, "completed": 1593, "failed": 0, "remaining": 149}
{"event": "date_completed", "date": "2026-02-11", "ok": true, "resumed": false, "wall_seconds": 61.7878, "error": null, "completed": 1594, "failed": 0, "remaining": 148}
{"event": "date_completed", "date": "2026-02-05", "ok": true, "resumed": false, "wall_seconds": 70.684, "error": null, "completed": 1595, "failed": 0, "remaining": 147}
{"event": "date_completed", "date": "2026-02-04", "ok": true, "resumed": false, "wall_seconds": 74.6168, "error": null, "completed": 1596, "failed": 0, "remaining": 146}
{"event": "date_completed", "date": "2026-02-12", "ok": true, "resumed": false, "wall_seconds": 73.3458, "error": null, "completed": 1597, "failed": 0, "remaining": 145}
{"event": "date_completed", "date": "2026-02-06", "ok": true, "resumed": false, "wall_seconds": 92.8719, "error": null, "completed": 1598, "failed": 0, "remaining": 144}
{"event": "date_completed", "date": "2026-02-19", "ok": true, "resumed": false, "wall_seconds": 46.1749, "error": null, "completed": 1599, "failed": 0, "remaining": 143}
{"event": "date_completed", "date": "2026-02-18", "ok": true, "resumed": false, "wall_seconds": 55.1957, "error": null, "completed": 1600, "failed": 0, "remaining": 142}
{"event": "date_completed", "date": "2026-02-25", "ok": true, "resumed": false, "wall_seconds": 44.3671, "error": null, "completed": 1601, "failed": 0, "remaining": 141}
{"event": "date_completed", "date": "2026-02-17", "ok": true, "resumed": false, "wall_seconds": 70.5517, "error": null, "completed": 1602, "failed": 0, "remaining": 140}
{"event": "date_completed", "date": "2026-02-20", "ok": true, "resumed": false, "wall_seconds": 57.9956, "error": null, "completed": 1603, "failed": 0, "remaining": 139}
{"event": "date_completed", "date": "2026-02-27", "ok": true, "resumed": false, "wall_seconds": 50.2969, "error": null, "completed": 1604, "failed": 0, "remaining": 138}
{"event": "date_completed", "date": "2026-02-26", "ok": true, "resumed": false, "wall_seconds": 54.6351, "error": null, "completed": 1605, "failed": 0, "remaining": 137}
{"event": "date_completed", "date": "2026-02-23", "ok": true, "resumed": false, "wall_seconds": 66.0222, "error": null, "completed": 1606, "failed": 0, "remaining": 136}
{"event": "date_completed", "date": "2026-02-24", "ok": true, "resumed": false, "wall_seconds": 80.1056, "error": null, "completed": 1607, "failed": 0, "remaining": 135}
{"event": "date_completed", "date": "2026-03-04", "ok": true, "resumed": false, "wall_seconds": 72.2213, "error": null, "completed": 1608, "failed": 0, "remaining": 134}
{"event": "date_completed", "date": "2026-03-11", "ok": true, "resumed": false, "wall_seconds": 46.4888, "error": null, "completed": 1609, "failed": 0, "remaining": 133}
{"event": "date_completed", "date": "2026-03-06", "ok": true, "resumed": false, "wall_seconds": 61.4858, "error": null, "completed": 1610, "failed": 0, "remaining": 132}
{"event": "date_completed", "date": "2026-02-13", "ok": true, "resumed": false, "wall_seconds": 140.0827, "error": null, "completed": 1611, "failed": 0, "remaining": 131}
{"event": "date_completed", "date": "2026-03-10", "ok": true, "resumed": false, "wall_seconds": 58.0537, "error": null, "completed": 1612, "failed": 0, "remaining": 130}
{"event": "date_completed", "date": "2026-03-02", "ok": true, "resumed": false, "wall_seconds": 96.8738, "error": null, "completed": 1613, "failed": 0, "remaining": 129}
{"event": "date_completed", "date": "2026-03-03", "ok": true, "resumed": false, "wall_seconds": 88.9617, "error": null, "completed": 1614, "failed": 0, "remaining": 128}
{"event": "date_completed", "date": "2026-03-13", "ok": true, "resumed": false, "wall_seconds": 64.6607, "error": null, "completed": 1615, "failed": 0, "remaining": 127}
{"event": "date_completed", "date": "2026-03-16", "ok": true, "resumed": false, "wall_seconds": 48.8179, "error": null, "completed": 1616, "failed": 0, "remaining": 126}
{"event": "date_completed", "date": "2026-03-20", "ok": true, "resumed": false, "wall_seconds": 19.7709, "error": null, "completed": 1617, "failed": 0, "remaining": 125}
{"event": "date_completed", "date": "2026-03-18", "ok": true, "resumed": false, "wall_seconds": 25.3017, "error": null, "completed": 1618, "failed": 0, "remaining": 124}
{"event": "date_completed", "date": "2026-03-19", "ok": true, "resumed": false, "wall_seconds": 23.7746, "error": null, "completed": 1619, "failed": 0, "remaining": 123}
{"event": "date_completed", "date": "2026-03-05", "ok": true, "resumed": false, "wall_seconds": 100.0391, "error": null, "completed": 1620, "failed": 0, "remaining": 122}
{"event": "date_completed", "date": "2026-03-17", "ok": true, "resumed": false, "wall_seconds": 30.8687, "error": null, "completed": 1621, "failed": 0, "remaining": 121}
{"event": "date_completed", "date": "2026-03-12", "ok": true, "resumed": false, "wall_seconds": 82.3009, "error": null, "completed": 1622, "failed": 0, "remaining": 120}
{"event": "date_completed", "date": "2026-04-03", "ok": true, "resumed": false, "wall_seconds": 5.8462, "error": null, "completed": 1623, "failed": 0, "remaining": 119}
{"event": "date_completed", "date": "2026-03-25", "ok": true, "resumed": false, "wall_seconds": 34.3088, "error": null, "completed": 1624, "failed": 0, "remaining": 118}
{"event": "date_completed", "date": "2026-03-09", "ok": true, "resumed": false, "wall_seconds": 107.5619, "error": null, "completed": 1625, "failed": 0, "remaining": 117}
{"event": "date_completed", "date": "2026-03-24", "ok": true, "resumed": false, "wall_seconds": 52.3694, "error": null, "completed": 1626, "failed": 0, "remaining": 116}
{"event": "date_completed", "date": "2026-04-06", "ok": true, "resumed": false, "wall_seconds": 35.4386, "error": null, "completed": 1627, "failed": 0, "remaining": 115}
{"event": "date_completed", "date": "2026-03-26", "ok": true, "resumed": false, "wall_seconds": 50.6637, "error": null, "completed": 1628, "failed": 0, "remaining": 114}
{"event": "date_completed", "date": "2026-03-23", "ok": true, "resumed": false, "wall_seconds": 68.0791, "error": null, "completed": 1629, "failed": 0, "remaining": 113}
{"event": "date_completed", "date": "2026-04-02", "ok": true, "resumed": false, "wall_seconds": 45.677, "error": null, "completed": 1630, "failed": 0, "remaining": 112}
{"event": "date_completed", "date": "2026-03-27", "ok": true, "resumed": false, "wall_seconds": 54.2615, "error": null, "completed": 1631, "failed": 0, "remaining": 111}
{"event": "date_completed", "date": "2026-03-30", "ok": true, "resumed": false, "wall_seconds": 56.2911, "error": null, "completed": 1632, "failed": 0, "remaining": 110}
{"event": "date_completed", "date": "2026-04-01", "ok": true, "resumed": false, "wall_seconds": 56.1641, "error": null, "completed": 1633, "failed": 0, "remaining": 109}
{"event": "date_completed", "date": "2026-04-07", "ok": true, "resumed": false, "wall_seconds": 47.8184, "error": null, "completed": 1634, "failed": 0, "remaining": 108}
{"event": "date_completed", "date": "2026-04-09", "ok": true, "resumed": false, "wall_seconds": 49.5479, "error": null, "completed": 1635, "failed": 0, "remaining": 107}
{"event": "date_completed", "date": "2026-03-31", "ok": true, "resumed": false, "wall_seconds": 79.8085, "error": null, "completed": 1636, "failed": 0, "remaining": 106}
{"event": "date_completed", "date": "2026-04-10", "ok": true, "resumed": false, "wall_seconds": 46.7016, "error": null, "completed": 1637, "failed": 0, "remaining": 105}
{"event": "date_completed", "date": "2026-04-08", "ok": true, "resumed": false, "wall_seconds": 60.1359, "error": null, "completed": 1638, "failed": 0, "remaining": 104}
{"event": "date_completed", "date": "2026-04-16", "ok": true, "resumed": false, "wall_seconds": 35.2931, "error": null, "completed": 1639, "failed": 0, "remaining": 103}
{"event": "date_completed", "date": "2026-04-20", "ok": true, "resumed": false, "wall_seconds": 33.3775, "error": null, "completed": 1640, "failed": 0, "remaining": 102}
{"event": "date_completed", "date": "2026-04-14", "ok": true, "resumed": false, "wall_seconds": 43.3016, "error": null, "completed": 1641, "failed": 0, "remaining": 101}
{"event": "date_completed", "date": "2026-04-13", "ok": true, "resumed": false, "wall_seconds": 45.002, "error": null, "completed": 1642, "failed": 0, "remaining": 100}
{"event": "date_completed", "date": "2026-04-15", "ok": true, "resumed": false, "wall_seconds": 44.3645, "error": null, "completed": 1643, "failed": 0, "remaining": 99}
{"event": "date_completed", "date": "2026-04-22", "ok": true, "resumed": false, "wall_seconds": 40.4966, "error": null, "completed": 1644, "failed": 0, "remaining": 98}
{"event": "date_completed", "date": "2026-04-21", "ok": true, "resumed": false, "wall_seconds": 55.63, "error": null, "completed": 1645, "failed": 0, "remaining": 97}
{"event": "date_completed", "date": "2026-04-27", "ok": true, "resumed": false, "wall_seconds": 32.7668, "error": null, "completed": 1646, "failed": 0, "remaining": 96}
{"event": "date_completed", "date": "2026-04-28", "ok": true, "resumed": false, "wall_seconds": 39.0941, "error": null, "completed": 1647, "failed": 0, "remaining": 95}
{"event": "date_completed", "date": "2026-04-17", "ok": true, "resumed": false, "wall_seconds": 72.906, "error": null, "completed": 1648, "failed": 0, "remaining": 94}
{"event": "date_completed", "date": "2026-04-24", "ok": true, "resumed": false, "wall_seconds": 44.261, "error": null, "completed": 1649, "failed": 0, "remaining": 93}
{"event": "date_completed", "date": "2026-04-23", "ok": true, "resumed": false, "wall_seconds": 52.7927, "error": null, "completed": 1650, "failed": 0, "remaining": 92}
{"event": "date_completed", "date": "2026-04-30", "ok": true, "resumed": false, "wall_seconds": 42.6348, "error": null, "completed": 1651, "failed": 0, "remaining": 91}
{"event": "date_completed", "date": "2026-04-29", "ok": true, "resumed": false, "wall_seconds": 45.2801, "error": null, "completed": 1652, "failed": 0, "remaining": 90}
{"event": "date_completed", "date": "2026-05-05", "ok": true, "resumed": false, "wall_seconds": 39.3856, "error": null, "completed": 1653, "failed": 0, "remaining": 89}
{"event": "date_completed", "date": "2026-05-04", "ok": true, "resumed": false, "wall_seconds": 63.5974, "error": null, "completed": 1654, "failed": 0, "remaining": 88}
{"event": "date_completed", "date": "2026-05-06", "ok": true, "resumed": false, "wall_seconds": 59.2467, "error": null, "completed": 1655, "failed": 0, "remaining": 87}
{"event": "date_completed", "date": "2026-05-01", "ok": true, "resumed": false, "wall_seconds": 70.7616, "error": null, "completed": 1656, "failed": 0, "remaining": 86}
{"event": "date_completed", "date": "2026-05-08", "ok": true, "resumed": false, "wall_seconds": 56.1771, "error": null, "completed": 1657, "failed": 0, "remaining": 85}
{"event": "date_completed", "date": "2026-05-11", "ok": true, "resumed": false, "wall_seconds": 53.614, "error": null, "completed": 1658, "failed": 0, "remaining": 84}
{"event": "date_completed", "date": "2026-05-13", "ok": true, "resumed": false, "wall_seconds": 52.1724, "error": null, "completed": 1659, "failed": 0, "remaining": 83}
{"event": "date_completed", "date": "2026-05-19", "ok": true, "resumed": false, "wall_seconds": 47.6156, "error": null, "completed": 1660, "failed": 0, "remaining": 82}
{"event": "date_completed", "date": "2026-05-14", "ok": true, "resumed": false, "wall_seconds": 54.0601, "error": null, "completed": 1661, "failed": 0, "remaining": 81}
{"event": "date_completed", "date": "2026-05-12", "ok": true, "resumed": false, "wall_seconds": 60.5555, "error": null, "completed": 1662, "failed": 0, "remaining": 80}
{"event": "date_completed", "date": "2026-05-07", "ok": true, "resumed": false, "wall_seconds": 72.6287, "error": null, "completed": 1663, "failed": 0, "remaining": 79}
{"event": "date_completed", "date": "2026-05-15", "ok": true, "resumed": false, "wall_seconds": 55.6639, "error": null, "completed": 1664, "failed": 0, "remaining": 78}
{"event": "date_completed", "date": "2026-05-25", "ok": true, "resumed": false, "wall_seconds": 21.7866, "error": null, "completed": 1665, "failed": 0, "remaining": 77}
{"event": "date_completed", "date": "2026-05-22", "ok": true, "resumed": false, "wall_seconds": 42.6644, "error": null, "completed": 1666, "failed": 0, "remaining": 76}
{"event": "date_completed", "date": "2026-05-21", "ok": true, "resumed": false, "wall_seconds": 48.907, "error": null, "completed": 1667, "failed": 0, "remaining": 75}
{"event": "date_completed", "date": "2026-05-18", "ok": true, "resumed": false, "wall_seconds": 77.8821, "error": null, "completed": 1668, "failed": 0, "remaining": 74}
{"event": "date_completed", "date": "2026-05-20", "ok": true, "resumed": false, "wall_seconds": 54.5836, "error": null, "completed": 1669, "failed": 0, "remaining": 73}
{"event": "date_completed", "date": "2026-05-26", "ok": true, "resumed": false, "wall_seconds": 40.9435, "error": null, "completed": 1670, "failed": 0, "remaining": 72}
{"event": "date_completed", "date": "2026-05-29", "ok": true, "resumed": false, "wall_seconds": 38.9384, "error": null, "completed": 1671, "failed": 0, "remaining": 71}
{"event": "date_completed", "date": "2026-05-28", "ok": true, "resumed": false, "wall_seconds": 41.8475, "error": null, "completed": 1672, "failed": 0, "remaining": 70}
{"event": "date_completed", "date": "2026-06-02", "ok": true, "resumed": false, "wall_seconds": 59.5985, "error": null, "completed": 1673, "failed": 0, "remaining": 69}
{"event": "date_completed", "date": "2026-05-27", "ok": true, "resumed": false, "wall_seconds": 70.2647, "error": null, "completed": 1674, "failed": 0, "remaining": 68}
{"event": "date_completed", "date": "2026-06-15", "ok": true, "resumed": false, "wall_seconds": 31.2744, "error": null, "completed": 1675, "failed": 0, "remaining": 67}
{"event": "date_completed", "date": "2026-06-04", "ok": true, "resumed": false, "wall_seconds": 61.5087, "error": null, "completed": 1676, "failed": 0, "remaining": 66}
{"event": "date_completed", "date": "2026-06-03", "ok": true, "resumed": false, "wall_seconds": 70.2507, "error": null, "completed": 1677, "failed": 0, "remaining": 65}
{"event": "date_completed", "date": "2026-06-01", "ok": true, "resumed": false, "wall_seconds": 72.5083, "error": null, "completed": 1678, "failed": 0, "remaining": 64}
{"event": "date_completed", "date": "2026-06-12", "ok": true, "resumed": false, "wall_seconds": 41.7811, "error": null, "completed": 1679, "failed": 0, "remaining": 63}
{"event": "date_completed", "date": "2026-06-18", "ok": true, "resumed": false, "wall_seconds": 14.996, "error": null, "completed": 1680, "failed": 0, "remaining": 62}
{"event": "date_completed", "date": "2026-06-16", "ok": true, "resumed": false, "wall_seconds": 27.5006, "error": null, "completed": 1681, "failed": 0, "remaining": 61}
{"event": "date_completed", "date": "2026-06-19", "ok": true, "resumed": false, "wall_seconds": 20.4828, "error": null, "completed": 1682, "failed": 0, "remaining": 60}
{"event": "date_completed", "date": "2026-06-17", "ok": true, "resumed": false, "wall_seconds": 28.2801, "error": null, "completed": 1683, "failed": 0, "remaining": 59}
{"event": "date_completed", "date": "2026-06-08", "ok": true, "resumed": false, "wall_seconds": 82.5942, "error": null, "completed": 1684, "failed": 0, "remaining": 58}
{"event": "date_completed", "date": "2026-06-10", "ok": true, "resumed": false, "wall_seconds": 87.5259, "error": null, "completed": 1685, "failed": 0, "remaining": 57}
{"event": "date_completed", "date": "2026-06-22", "ok": true, "resumed": false, "wall_seconds": 58.6135, "error": null, "completed": 1686, "failed": 0, "remaining": 56}
{"event": "date_completed", "date": "2026-06-11", "ok": true, "resumed": false, "wall_seconds": 102.7401, "error": null, "completed": 1687, "failed": 0, "remaining": 55}
{"event": "date_completed", "date": "2026-06-30", "ok": true, "resumed": false, "wall_seconds": 50.0589, "error": null, "completed": 1688, "failed": 0, "remaining": 54}
{"event": "date_completed", "date": "2026-06-26", "ok": true, "resumed": false, "wall_seconds": 55.4115, "error": null, "completed": 1689, "failed": 0, "remaining": 53}
{"event": "date_completed", "date": "2026-06-29", "ok": true, "resumed": false, "wall_seconds": 53.2155, "error": null, "completed": 1690, "failed": 0, "remaining": 52}
{"event": "date_completed", "date": "2026-06-09", "ok": true, "resumed": false, "wall_seconds": 123.2561, "error": null, "completed": 1691, "failed": 0, "remaining": 51}
{"event": "date_completed", "date": "2026-06-24", "ok": true, "resumed": false, "wall_seconds": 70.5394, "error": null, "completed": 1692, "failed": 0, "remaining": 50}
{"event": "date_completed", "date": "2026-07-01", "ok": true, "resumed": false, "wall_seconds": 42.6345, "error": null, "completed": 1693, "failed": 0, "remaining": 49}
{"event": "date_completed", "date": "2026-06-23", "ok": true, "resumed": false, "wall_seconds": 88.3655, "error": null, "completed": 1694, "failed": 0, "remaining": 48}
{"event": "date_completed", "date": "2026-07-03", "ok": true, "resumed": false, "wall_seconds": 35.2888, "error": null, "completed": 1695, "failed": 0, "remaining": 47}
{"event": "date_completed", "date": "2026-06-25", "ok": true, "resumed": false, "wall_seconds": 85.5315, "error": null, "completed": 1696, "failed": 0, "remaining": 46}
{"event": "date_completed", "date": "2026-06-05", "ok": true, "resumed": false, "wall_seconds": 152.4361, "error": null, "completed": 1697, "failed": 0, "remaining": 45}
{"event": "date_completed", "date": "2026-07-02", "ok": true, "resumed": false, "wall_seconds": 60.7769, "error": null, "completed": 1698, "failed": 0, "remaining": 44}
{"event": "date_completed", "date": "2026-07-06", "ok": true, "resumed": false, "wall_seconds": 42.0231, "error": null, "completed": 1699, "failed": 0, "remaining": 43}
{"event": "date_failed", "date": "2026-07-07", "ok": false, "resumed": null, "wall_seconds": 40.4628, "error": "InvalidOperation: [<class 'decimal.ConversionSyntax'>]", "completed": 1699, "failed": 1, "remaining": 42}
{"event": "date_completed", "date": "2026-07-09", "ok": true, "resumed": false, "wall_seconds": 43.7624, "error": null, "completed": 1700, "failed": 1, "remaining": 41}
{"event": "date_completed", "date": "2026-07-08", "ok": true, "resumed": false, "wall_seconds": 43.9407, "error": null, "completed": 1701, "failed": 1, "remaining": 40}
{"event": "date_completed", "date": "2026-07-14", "ok": true, "resumed": false, "wall_seconds": 40.3258, "error": null, "completed": 1702, "failed": 1, "remaining": 39}
{"event": "date_completed", "date": "2026-07-13", "ok": true, "resumed": false, "wall_seconds": 45.3668, "error": null, "completed": 1703, "failed": 1, "remaining": 38}
{"event": "date_completed", "date": "2026-07-10", "ok": true, "resumed": false, "wall_seconds": 48.1096, "error": null, "completed": 1704, "failed": 1, "remaining": 37}
{"event": "date_completed", "date": "2026-07-15", "ok": true, "resumed": false, "wall_seconds": 43.921, "error": null, "completed": 1705, "failed": 1, "remaining": 36}
{"event": "date_completed", "date": "2026-07-16", "ok": true, "resumed": false, "wall_seconds": 44.9492, "error": null, "completed": 1706, "failed": 1, "remaining": 35}
{"event": "date_completed", "date": "2026-07-22", "ok": true, "resumed": false, "wall_seconds": 32.9612, "error": null, "completed": 1707, "failed": 1, "remaining": 34}
{"event": "date_completed", "date": "2026-07-21", "ok": true, "resumed": false, "wall_seconds": 43.643, "error": null, "completed": 1708, "failed": 1, "remaining": 33}
{"event": "date_completed", "date": "2026-07-20", "ok": true, "resumed": false, "wall_seconds": 46.1316, "error": null, "completed": 1709, "failed": 1, "remaining": 32}
{"event": "date_completed", "date": "2026-07-17", "ok": true, "resumed": false, "wall_seconds": 66.2924, "error": null, "completed": 1710, "failed": 1, "remaining": 31}
{"event": "date_completed", "date": "2026-07-27", "ok": true, "resumed": false, "wall_seconds": 48.3518, "error": null, "completed": 1711, "failed": 1, "remaining": 30}
{"event": "date_completed", "date": "2026-07-23", "ok": true, "resumed": false, "wall_seconds": 65.2227, "error": null, "completed": 1712, "failed": 1, "remaining": 29}
{"event": "date_completed", "date": "2026-07-24", "ok": true, "resumed": false, "wall_seconds": 67.6057, "error": null, "completed": 1713, "failed": 1, "remaining": 28}
{"event": "date_completed", "date": "2026-08-06", "ok": true, "resumed": false, "wall_seconds": 44.1414, "error": null, "completed": 1714, "failed": 1, "remaining": 27}
{"event": "date_completed", "date": "2026-07-29", "ok": true, "resumed": false, "wall_seconds": 77.8087, "error": null, "completed": 1715, "failed": 1, "remaining": 26}
{"event": "date_completed", "date": "2026-08-10", "ok": true, "resumed": false, "wall_seconds": 36.5712, "error": null, "completed": 1716, "failed": 1, "remaining": 25}
{"event": "date_completed", "date": "2026-07-31", "ok": true, "resumed": false, "wall_seconds": 69.2563, "error": null, "completed": 1717, "failed": 1, "remaining": 24}
{"event": "date_completed", "date": "2026-08-05", "ok": true, "resumed": false, "wall_seconds": 57.0789, "error": null, "completed": 1718, "failed": 1, "remaining": 23}
{"event": "date_completed", "date": "2026-08-03", "ok": true, "resumed": false, "wall_seconds": 64.4822, "error": null, "completed": 1719, "failed": 1, "remaining": 22}
{"event": "date_completed", "date": "2026-07-28", "ok": true, "resumed": false, "wall_seconds": 89.0706, "error": null, "completed": 1720, "failed": 1, "remaining": 21}
{"event": "date_completed", "date": "2026-08-07", "ok": true, "resumed": false, "wall_seconds": 42.8424, "error": null, "completed": 1721, "failed": 1, "remaining": 20}
{"event": "date_completed", "date": "2026-08-04", "ok": true, "resumed": false, "wall_seconds": 68.2446, "error": null, "completed": 1722, "failed": 1, "remaining": 19}
{"event": "date_completed", "date": "2026-08-11", "ok": true, "resumed": false, "wall_seconds": 33.5425, "error": null, "completed": 1723, "failed": 1, "remaining": 18}
{"event": "date_completed", "date": "2026-07-30", "ok": true, "resumed": false, "wall_seconds": 101.1695, "error": null, "completed": 1724, "failed": 1, "remaining": 17}
{"event": "date_completed", "date": "2026-08-12", "ok": true, "resumed": false, "wall_seconds": 42.3167, "error": null, "completed": 1725, "failed": 1, "remaining": 16}
{"event": "date_completed", "date": "2026-08-13", "ok": true, "resumed": false, "wall_seconds": 39.532, "error": null, "completed": 1726, "failed": 1, "remaining": 15}
{"event": "date_completed", "date": "2026-08-14", "ok": true, "resumed": false, "wall_seconds": 31.7014, "error": null, "completed": 1727, "failed": 1, "remaining": 14}
{"event": "date_completed", "date": "2026-08-26", "ok": true, "resumed": false, "wall_seconds": 28.0524, "error": null, "completed": 1728, "failed": 1, "remaining": 13}
{"event": "date_completed", "date": "2026-08-25", "ok": true, "resumed": false, "wall_seconds": 31.2294, "error": null, "completed": 1729, "failed": 1, "remaining": 12}
{"event": "date_completed", "date": "2026-08-17", "ok": true, "resumed": false, "wall_seconds": 39.8592, "error": null, "completed": 1730, "failed": 1, "remaining": 11}
{"event": "date_completed", "date": "2026-08-21", "ok": true, "resumed": false, "wall_seconds": 37.8856, "error": null, "completed": 1731, "failed": 1, "remaining": 10}
{"event": "date_completed", "date": "2026-08-24", "ok": true, "resumed": false, "wall_seconds": 39.6877, "error": null, "completed": 1732, "failed": 1, "remaining": 9}
{"event": "date_completed", "date": "2026-09-03", "ok": true, "resumed": false, "wall_seconds": 11.1012, "error": null, "completed": 1733, "failed": 1, "remaining": 8}
{"event": "date_completed", "date": "2026-08-20", "ok": true, "resumed": false, "wall_seconds": 48.654, "error": null, "completed": 1734, "failed": 1, "remaining": 7}
{"event": "date_completed", "date": "2026-08-19", "ok": true, "resumed": false, "wall_seconds": 52.0011, "error": null, "completed": 1735, "failed": 1, "remaining": 6}
{"event": "date_completed", "date": "2026-08-18", "ok": true, "resumed": false, "wall_seconds": 56.1633, "error": null, "completed": 1736, "failed": 1, "remaining": 5}
{"event": "date_completed", "date": "2026-08-31", "ok": true, "resumed": false, "wall_seconds": 28.8507, "error": null, "completed": 1737, "failed": 1, "remaining": 4}
{"event": "date_completed", "date": "2026-08-28", "ok": true, "resumed": false, "wall_seconds": 36.7887, "error": null, "completed": 1738, "failed": 1, "remaining": 3}
{"event": "date_completed", "date": "2026-09-01", "ok": true, "resumed": false, "wall_seconds": 33.7933, "error": null, "completed": 1739, "failed": 1, "remaining": 2}
{"event": "date_completed", "date": "2026-09-02", "ok": true, "resumed": false, "wall_seconds": 29.1151, "error": null, "completed": 1740, "failed": 1, "remaining": 1}
{"event": "date_completed", "date": "2026-08-27", "ok": true, "resumed": false, "wall_seconds": 45.4253, "error": null, "completed": 1741, "failed": 1, "remaining": 0}
{"event": "retry_started", "dates": ["2026-07-07"]}
{"event": "run_started", "declared_sessions": 1, "pending": 1, "workers": 12, "run_id": "1e13829f2c88f1e1"}
{"event": "date_failed", "date": "2026-07-07", "ok": false, "resumed": null, "wall_seconds": 21.8868, "error": "InvalidOperation: [<class 'decimal.ConversionSyntax'>]", "completed": 0, "failed": 1, "remaining": 0}
{"event": "run_incomplete", "failed_dates": ["2026-07-07"]}
{"event": "manifest_ready", "run_id": "1e13829f2c88f1e1", "run_root": "/workspace/implementation/reports/research-work/P15-16A/1e13829f2c88f1e1", "manifest_sha256": "1e13829f2c88f1e19d09704094213260080b14095b0ecce9ed3fd27ad6b30bc7", "n_dates": 1742, "n_branches": 39, "job_count": 67938, "workers": 12, "cgroup_worker_count": 17, "cpu_quota_us": 1785000, "cpu_period_us": 100000, "cpu_quota_cpus": 17.85}
{"event": "run_started", "declared_sessions": 1742, "pending": 1, "workers": 12, "run_id": "1e13829f2c88f1e1"}
{"event": "date_completed", "date": "2026-07-07", "ok": true, "resumed": false, "wall_seconds": 65.8691, "error": null, "completed": 1742, "failed": 0, "remaining": 0}
{"event": "run_complete", "run_id": "1e13829f2c88f1e1", "manifest_sha256": "1e13829f2c88f1e19d09704094213260080b14095b0ecce9ed3fd27ad6b30bc7", "summary_sha256": "3f17b278414ecec9af942ea70c04c0666c2a3d7e3a7e7f7fdddb990deecc4064", "run_complete_sha256": "41e3561b8197ceab231e7135586a7324f084b918e86c1ff45f01dd3b5036aba7", "job_count": 67938, "failed_dates": []}
