id|name|definition|target|comparisons|fixtures|metric|ablations|decision_use
F01.DECODER|Independent decoding reference|Retain raw bytes and schema/version alongside canonical fields; compare independent reference decoding on selected event bundles. Preserve every supplied MBP-1 field; BBO and trades are derived views with field/source lineage.|Exact instrument/time/side/size/action fidelity on supported records.|Literal reference decoder; optimized streaming implementation; no learned replacement for semantics.|Schema changes mid-file, truncated record, unknown enum, timestamp scale and duplicate input.; native action/side enum versus character, projected NQ/ES schema versus native DBN fields.|Exact field/count/hash reconciliation; throughput and quarantined coverage.|Remove an optional normalization; compare vendor-native and canonical views without changing raw provenance.|Prevents every downstream expert from learning a decoder artifact.
F02.PAYOFF|Contract-style payoff and calendar cases|Exercise, settlement, underlying future, multiplier, adjustment and exact expiry must select the appropriate payoff/valuation adapter.|Correct contract valuation domain and executable dollar units.|Literal payoff/pricing fixtures; versioned registry adapter; alternate valuation models only for supported styles.|Same-date AM/PM, VIX versus UX, adjusted option multiplier, wrong underlying future and expired contract.|Zero unexplained payoff/unit/identity failures; quantified valuation-model error.|Registry fields removed one at a time; reject unsupported valuation instead of defaulting contract style.|Controls O02/O05 exposure and P02/P08 dollar risk.
F03.SESSION_CASES|Session and boundary completeness|Enumerate exchange, business-day and source-window clocks with effective dates and holiday exceptions.|Exact session/range/forced-flat timestamps.|Versioned calendar engine; transparent reference calendar; no learned session truth.|DST spring/fall, overnight trading-date change, half-day, prior-RTH versus 06–09 and no opening print.|Exact timestamp parity and boundary coverage.|Use source-faithful versus alternative windows as separate experiments, never accidental timezone shifts.|Keeps range geometry, option expiry and account days aligned.
F04.SCHEDULER|Multiple update clocks and atomic publication|Use independent risk/order lane, event measurements, minute board/Context lanes, immutable completed versions and explicit age/deadline contracts.|Causal decisions at measured computation/dispatch times.|Minute baseline; bounded event triggers; shared-cache implementation; compare actual latency and lost opportunity.|Slow IV fit at contact, optional source stall, horizon partly elapsed, restart and duplicate dispatch workers.|Prefix equality, no duplicate intent, backlog/stale counts and policy value after compute delay.|Cadence, TTL, coalescing and compute budget separately; retain identical critical risk lane.|Makes granular specialists practical without blocking healthy execution or using incomplete forecasts.
F05.CROSS_VENDOR|Vendor trade/quote semantic reconciliation|Compare common-contract overlapping vendor observations with correction, condition and side provenance; disagreement stays labeled. Decode raw flags bitwise with provider/schema/version provenance; never require F_LAST for trade inclusion.|Matched record identity and side/size uncertainty at actual supported timing.|Raw provider semantics; deterministic reconciliation; probabilistic side hypotheses only when separately evaluated.|Trade embedded in quote feed plus explicit trade file, cancel/correct, inside spread and same-time bundle.; T without F_LAST, combined 132/168, snapshot versus fresh activity, unresolved publisher-specific bit.|Matched counts/volume and disagreement by condition; sign-scenario sensitivity.|Each vendor, receipt-lag scenario and signing convention on common coverage.|Prevents duplicate CVD and false options flow or refill evidence.
F06.GAP_RECOVERY|Gap-specific state recovery|Differentiate no events, missing packets, halted market, stale snapshots and model timeout; explicitly invalidate dependent state. A documented book recovery does not restore missing traded-volume history; propagate distinct book and flow-completeness masks.|Known quality state and causal recovery/abstention behavior.|Deterministic gap rules; seasonal anomaly monitor as a challenger.|Quiet valid market versus outage, missing profile segment, partial surface update and reconnect suffix replay.; observed NQ bit-4 gap segment and snapshot flag 168.|Detection delay, false quarantine, recovery completeness and downstream lost coverage.|Quality features and thresholds under simulated outages; no imputation of BBO/position.|Preserves useful supported experts while containing corrupt state.
F07.AGE_SUPPORT|Coverage and age propagation|Attach source-specific masks, clock uncertainty and age to every join and forecast; compile allowed missingness patterns.|Correct availability and support of each consuming horizon.|Backward join and explicit masks; missingness-aware statistical model downstream.|Future-nearest match, stale daily source, missing entire chain and quote with fresh snapshot but old content.|Zero future joins; calibration/value by age and missing-source pattern.|Common-coverage intersection, full supported cohort, extra lag and source dropout.|Separates a valid no-node observation from a missing options feed.
F08.ROLL_PARITY|Roll and adjustment invariance|Maintain signal-return continuity separately from raw outright trade/strike coordinates and point-in-time equity adjustments.|No artificial range/flow/option-node jump from a roll or split.|Raw contract reference; documented return splice; causal translation challenger.|Roll inside active profile, split/dividend, negative commodity price and stale contract selection.|Exact raw-price P&L; object lineage and mapped error across transitions.|Reset versus translated object policies, chosen in development.|Avoids spurious Context states and impossible mapped stops.
F09.ACTIVITY_BARS|Event and activity bars|Compare completed time, volume, trade-count and range bars with explicit birth/close and overshoot rules.|Same-clock future path information after each bar becomes known.|One-minute bars; fixed-volume/count bars; training-selected causal activity thresholds.|A large print crosses multiple thresholds, zero-volume minute, unfinished bar and equal-value consecutive HTF bars.|Volume conservation, completion timing, predictive gain at matched information and latency.|Bar construction versus model class; test background clock sampling and selection prevalence.|Tests whether useful flow structure is obscured by fixed time aggregation.
F10.LINEAGE|Object and event identity integrity|Use stable birth/parent/visit IDs and immutable geometry versions across updates, merges, failures and restarts.|Complete candidate and outcome denominator.|Append-only reference registry; indexed/streaming registry.|Node split/merge, failed level later deleted, same price with different anchor and restored checkpoint.|Exact candidate/revision/visit reconciliation and no retroactive hits.|Merge/group policy varied downstream while original identities stay fixed.|Allows honest level selection, retest risk and per-source diagnosis.
F11.INPUT_AUDIT|Actual model-input lineage|Record which eligible feature columns reached each fitted and served model, with transformation and missingness lineage.|Feature availability and actual use by the registered experiment.|Explicit feature manifest and fold hashes; optimized cache validated against reference.|Registered feature omitted from matrix, later census joined backward, in-sample upstream substituted and stale model cache.|Exact column/version/cut/fold reconciliation; intervention sensitivity where a model uses a field.|Train and replay with input family removed; compare declared and actual design matrices.|Tests whether an apparent failed idea was ever faithfully supplied to the learner.
F12.PARITY|Historical and captured-live equivalence|Capture raw receipts and reconstruct the same canonical prefixes, processing delays and artifact versions.|Reproducible output and timing assumptions when future capture is authorized.|Offline adapter; captured-stream replay; polling versus streaming on common cuts.|Clock jump, reconnect duplicate, delayed BBO, subscription denial and order ack after restart.|First divergence, receipt/completion quantiles, drops and decision agreement.|Arrival models, update cadence and feed subsets; fixed versus preregistered adaptive policy.|Determines whether historical short-horizon forecasts survive actual availability.
M01.SIGN_RESET|CVD sign and anchor decomposition|Keep buy, sell, unknown and net cumulative contracts with declared session/rolling/event resets.|Exact flow measurement; separate 1/5/15-minute path heads downstream.|Provider side; quote/tick signing scenarios; price-signed bar proxy as a distinct baseline.|Unknown side, correction, session reset during bar and identical total volume with opposite side allocation.|Conservation and reset parity; Brier/CRPS increment for downstream path.|Sign convention, unknown fraction, reset/anchor and proxy versus trade data.|Prevents a reset or side convention from becoming a false divergence signal.
M02.FIXED_COHORT|Source size cohorts|Retain the exact source fixed trade-size bins and all excluded/unknown volume as separate channels.|Cohort path/control information at 1/5/15/30 seconds and 1/5/15 minutes where supported.|All-size CVD; faithful fixed cohorts; regularized multi-cohort predictor.|30–60 filter misses larger trades, boundary-size print, many small versus one large print and late aggregate.|Mass conservation; paired proper-score/calibration gain and effective event counts.|Each cohort removed; same total volume/price matched controls.|Tests size-specific participation without claiming trader identity.
M02.ADAPT_COHORT|Adaptive size cohorts|Use past session/asset trade-size quantiles, continuous size marks and stable bucket versions.|Future path/control at identical horizons to fixed cohorts.|Fixed bins; causal quantile bins; continuous marked-flow model.|Threshold drift during session, extreme tail, sparse overnight cohort and new contract scale.|Incremental score/value at equal information; bucket stability and uncertainty.|Size magnitude versus rank; window length and retraining cadence.|Improves portability of cohort signals across years, assets and sessions.
M02.OHLC|True cohort CVD OHLC|Record open/high/low/close of each event-ordered cumulative cohort process, including within-bar excursions.|Future path beyond a common completed-bar or causal partial-bar cut.|Cohort close only; true OHLC; compact sequence model on same eligible events.|Equal final CVD with opposite intrabar paths, bar reset, delayed event and missing sign.|Exact synthetic extrema; OOF score and net increment over close-only.|O/H/L individually, event order and bar construction.|Tests the user's explicit within-bar cohort information hypothesis.
M03.PRICE_CVD|Distinct price/CVD divergence cases|Encode confirmed and running-reference high/low breaches, slopes and time since divergence separately.|Direction/continuation/turn distribution at 1/5/15/30 minutes.|Source divergence rules; continuous residual regression; duration-aware classifier.|Price higher high with CVD lower high, inverse case, rising-price/falling-CVD trend and future pivot confirmation.|Conditional Brier/CRPS, timing calibration and confirmation cost.|Reference scale, running versus confirmed, slope versus extrema and context interaction.|Avoids treating every divergence as the same reversal signal.
M03.COHORT_SMT|Within-market inter-cohort SMT|Compare causal reference breaches and normalized excursions of ordinary and size-specific CVD processes.|Future receiver path after both relevant observations are known.|All-size CVD; cohort differences; regularized or temporal interaction model.|Same close/different high-low paths, cohort split shift and one cohort missing.|Incremental proper score and residual diversity beyond aggregate CVD.|Cohort labels permuted within valid controls; OHLC versus close and price context.|Detects whether cohorts add independently useful participation detail.
M04.ANCHORS|Profile anchor family|Preserve prior/developing RTH, full session, 06–09, confirmed swing/leg, dealing range and causal composite anchors as separate profiles.|Profile-role/reach/path outcomes over 5/15/60 minutes and session remainder.|Exact source anchors; fixed rolling window; causal auction/adaptive anchor.|Post-trade anchor leakage, unfinished session, same price/different profile and changed composite membership.|Mass/anchor parity; role score and complete-policy increment by anchor.|Each anchor and anchor selector; common node count/width controls.|Tests where volume memory matters rather than silently replacing source profiles.
M04.TOPOLOGY|Profile shape and stable nodes|Compare raw tick rows, binned rows, smoothing, prominence, multimodal valleys and shelves with deterministic ties.|Stable causal geometry and future traversal/hold distributions.|POC/VA only; unsmoothed peaks; KDE/multichannel spatial model.|Bimodal equal POCs, empty valley, one-tick bin shift, sparse tail and shifting developing maximum.|Mass error, geometry sensitivity, matched-density reach/depart/value.|Bins, smoothing, prominence, node count and location type independently.|Improves shelf detection while measuring false coverage from dense levels.
M04.PROXY|True volume versus OHLC allocation|Compare actual trade-at-price profiles with faithful candle-volume allocation on identical dates/anchors.|Geometry error and incremental predictive/economic information.|Source proxy; exact trade distribution; error-aware profile encoder.|Identical OHLCV/different trade geography and bar volume spread across untraded prices.|Profile distance, node displacement and paired downstream score/value.|Hold learner fixed across data construction; hold data fixed across learner classes.|Shows whether richer tape fixes a measurement limitation of older indicators.
M05.SIDE_TOPOLOGY|Separate buy/sell/delta profiles|Keep buy, sell and unknown mass, signed difference and cohort geography without collapsing opposing shelves.|Conditional shelf hold/traverse/control at 5/15/60 minutes.|Total VP; signed delta peak; multichannel side-profile learner.|Equal VP/opposite delta, opposing peaks that cancel, unknown-heavy side and later unrewarded aggression.|Exact channel conservation; gain beyond total VP and sign-shuffle controls.|Side, size cohort, anchor, protection history and normalized versus raw mass.|Makes delta-profile contributions separable from ordinary volume location.
M06.DWELL|TPO versus actual dwell|Separate bracket visits, exact time-at-price and volume at price with their true observation/confirmation clocks.|Auction acceptance/traversal and remaining-session path.|TPO rule; continuous dwell; regularized joint profile model.|Gap falsely filling rows, repeated visit within bracket, single print later filled and partial IB.|Visit/time conservation; role calibration and value at matched zones.|TPO/dwell/volume, bracket duration and session anchor.|Tests auction structure using distinct participation measurements.
M07.ROBUST_BANDS|VWAP dispersion alternatives|Compare exact volume-weighted moments with robust weighted quantile/MAD-style bands under explicit definition IDs.|Future contact/depart/traverse over 5/15/60 minutes.|Source SD/percentage bands; quantile bands; conditional band model.|Zero volume, outlier print, moving anchor, reset jump and final bar inclusion.|Moment/reference parity; coverage and width-matched economic value.|Anchor, band estimator, multiplier and dynamic versus frozen management.|Tests whether non-Gaussian band geometry improves usable locations.
M08.MULTISCALE|Causal swing and leg alternatives|Compare fixed left/right pivots, price-reversal thresholds, volatility-scaled reversals and provisional running legs.|Future path and location value after actual confirmation.|Source fractal; threshold swing; causal multiscale feature model.|Equal highs, nested leg, never-reversing trend, backplotted pivot and roll jump.|Confirmation delay, anchor stability and matched-age location utility.|Scale, provisional/confirmed state and learned offset policy.|Tests adaptive look-left structure without future-selected extrema.
M09.RECOVERY|BBO net recovery under executions|At unchanged best price use new size minus old size plus eligible executions only where bundle semantics support it. Retain eligible native add/modify/cancel/trade and side-rate channels with snapshot/gap masks; do not double subtract supplied book changes.|Exact net displayed recovery; subsequent hold/break/shortfall.|Size change alone; execution-adjusted net recovery; hazard with measured timing. Compare quote-state-only, trade-only and combined event features at identical cuts; vary cadence separately.|Trade and cancellation in same bundle, unchanged price, quote price shift and duplicate execution.; normalized pre-trade BBO versus following quote update and initialization adds.|Algebra/bounds and incremental calibrated hold/shortfall prediction.|Book-only, trade-only, bundle order and recovery decay.|Avoids treating net displayed changes as identified hidden refill or gross additions.
M10.INTENSITY|Clock and event activity|Compare trade-count, contract-volume, signed-volume and marked-size intensity with causal seasonal adjustment.|Next burst/stall and 1/5/15/30-second or minute path at supported cadence.|Rolling counts/EWMA; duration/Poisson-style model; marked Hawkes challenger.|Many small versus few large prints, auction burst, quiet quote drift and near-zero elapsed time.|Count deviance/time calibration and path/value increment after detection.|Count/volume/size, clock, seasonality and excitation terms.|Tests pace information while checking whether a complex point process earns its cost.
M10.EFFICIENCY|Effort-progress asymmetry|Measure directional displacement per signed/gross effort, adverse retreat and dwell with explicit zero-effort state.|Competing continuation, stall and reversal distributions.|Price-only speed; effort/progress regression; nonlinear interaction model.|High effort/high progress versus high effort/stall, low-effort drift and mirrored sides.|Conditional proper score, tail calibration and actionable delay.|Effort versus price, regime and location interaction.|Separates activity from who is currently obtaining observable price progress.
M11.MEMORY_DECAY|Aggression memory and causal markouts|Birth every eligible effort cluster before its outcome; append observed markout/protection as it matures; compare time/volume/visit decay.|Subsequent retest/hold/failure and full-position management value.|Price-origin memory; fixed decay; survival/state-space memory model.|Largest delta loses, new opposing cluster, later-protected origin and repeated failed idea.|Markout calibration, survival incidence and value after confirmation.|Size/sign, decay, reward history and price-only memory.|Provides observable control memory without assumed continuing participant inventory.
M12.REFERENCE_TYPES|Opens, settlements and gaps|Keep official settlement, last trade close, day/week/month open and source fractional-return references separate.|Gap hold/fill/traverse over 5/15/60 minutes and session remainder.|Source clock/fraction; prior-close benchmark; conditional gap hazard.|Late settlement, Friday/Monday, no first print, roll gap and misread 07–05 window.|Reference timestamp/value parity; calibrated event incidence and net value.|Reference kind, fraction, opening context and calendar.|Prevents similarly named prices from being treated as the same location.
M13.FOOTPRINT_CHANNELS|Footprint spatial and temporal detail|Compare same-price side share, diagonal imbalance, stacks, body/wick geography and developing mode under causal bars.|Future path and local region hold/traverse at seconds/minutes.|Price/delta-only; shrinkage footprint ratios; compact tensor/sequence model.|Zero denominator, missing tick, final wick leak, POC tie and identical final bar/different event order.|Exact footprint mass/orientation; incremental calibration and delayed entry value.|Each channel, smoothing, bar construction and raw sequence order.|Tests which footprint details add information beyond aggregate CVD.
C01.RANGE_GEOMETRY|Source and learned range geometry|Preserve each named range's open, high, low, width, quarters and edge-relative projection convention; C05 supplies additional causal definitions.|Exact objects plus subsequent 15/30/60-minute range-path targets.|Faithful 06–09/prior-RTH; alternative windows; pooled versus range-specific forecast heads.|Range-open differs from EQ, edge+1.33W differs from normalized 1.33, zero W and future-final extrema.|Geometry parity and paired path/value by range definition.|Window, anchor, width normalization and projection convention separately.|Keeps internal opportunities, outer structure and adaptive ranges distinguishable.
C02.ORDERED_PATH|Range event order and repeated breaks|Maintain breach, reclaim, acceptance and time since each event, including repeated and opposite-side breaks.|Next transition, first passage and remaining-session branch distribution.|Unordered touched-edge flags; finite-state order; duration-aware multistate model.|Both edges same coarse bar, break-reclaim-break, gap-over and events before range completion.|Exact sequence identity, cumulative-incidence calibration and policy value.|Order, duration, penetration and repeated visits.|Tests how much source path order adds beyond a single day-type label.
C03.BRANCHES|Separate Jumbo path specialists|Independently score wide internal-to-edge, compressed internal-to-extension, initial projection, later reversal, partial-retrace continuation and no-useful-move heads.|Common 15/30/60-minute PATH/REACH/DEPART targets, with branch outcomes separate.|Faithful branch rules; hierarchical multinomial/hazard heads; compact temporal model versus pooled model.|Inside-EQ continuation, two reversals, shallow room, no gamma and delayed announcement.|Proper scores by branch, calibration, effective dates and whole-policy value.|Each branch, range width/order, prior value, SMT and event timing.|Allows independent internal and extension actions without a hard future day classification.
C04.OPEN_TYPE|Opening structure and path attributes|Preserve open-drive, test-drive, rejection-reverse and auction attributes with explicit reference, threshold, persistence and stage order.|5/15/30-minute opening attributes plus future traversal/excursions.|Open-gap only; source contingency model; multistate survival/boosted model.|Above value but inside range, test before drive, later return after apparent drive and two-way auction.|Attribute/transition calibration and incremental path/value.|Prior value versus full range, reference choice, persistence and completed versus prefix state.|Separates opening observations from matured hindsight opening labels.
C05.CLOCK_SEARCH|Clock-range discovery|Search a bounded start/end grid inside training with minimum duration and complexity/stability penalties, retaining source windows.|Future path/location utility after actual window completion.|06–09 and named windows; 15-minute clock grid; regularized range selector.|Best retrospective window, window ending 09:30 replacing 09:00, timezone shift and unstable selection.|Nested OOF path/value, selection stability and search-adjusted uncertainty.|Window search versus added predictor capacity; equal trial budget.|Tests whether better formation clocks improve the complete range opportunity.
C05.ACTIVITY|Activity and volatility stopping ranges|Close a range when a preregistered cumulative trade/volume/volatility-clock rule is reached from a causal anchor.|Future excursion/branch distribution after completion.|Fixed clock; volume/count threshold; seasonal normalized stopping rule.|Large threshold-crossing trade, no completion, outage versus low activity and threshold fitted on full day.|Stopping-time fidelity, coverage, proper scores and economic value.|Activity definition, threshold, minimum duration and seasonal normalization.|Supports learned ranges beyond named sessions without future range selection.
C05.AUCTION|Auction and change-point ranges|Compare observable balance/discovery transitions and causal change-point detection as range birth/closure rules.|Post-formation traversal/excursions and actionable location value.|Fixed window; finite-state acceptance rule; online change-point/HSMM challenger.|Later smoothing backdates transition, brief false transition, nested balances and no qualified range.|Detection delay, false range count, matched-density utility and calibration.|Duration/price/volume axes, transition model and geometry.|Tests adaptive auction structure with the detection cost included.
C06.CONDITIONAL|Conditional excursion and analog specialists|Compare pooled seasonal excursions with prior-state analogs, robust quantiles and distributional regressions; comparables use only known variables.|Upper/lower excursions at 5/15/30/60 minutes and named remainder horizons.|Empirical mean/median/SD; weighted analog/GAM quantiles; boosted distribution or conditional density.|Current-inclusive statistics, future-volume analog selection, regime sparsity and quantile crossing.|CRPS/pinball, tail coverage, calibration width and L04/G value.|Conditioning variables, analog distance/window, mean versus median/tails.|Builds richer P-zones without pretending an undisclosed source formula is known.
C06.JOINT|Joint excursion, time and ordering|Preserve dependence among upper/lower excursions, first passage times and terminal state through explicit model capability.|Joint PATH and ordered barrier labels on fixed horizons.|Independent marginals as limited comparator; competing-risk model; coherent learned path dynamics.|Identical excursions/opposite order, both barriers, no touch, outage censor and horizon truncation.|Marginal proper scores plus order/cumulative-incidence and dependence calibration.|Dependence model, event timing and trajectory assumptions.|Supplies G04/G05 with identified order information instead of inferring paths from variance alone.
C06.PREFIX|Remaining distribution after observed travel|Update the distribution conditional on the actual intraday prefix, time remaining and already consumed excursions.|Future incremental excursions through fixed session/day boundary.|Unconditional daily range; elapsed-time seasonal update; conditional survival/distribution model.|Early overshoot of expected daily range, late fresh event, extreme already reached and shortened session.|Conditional coverage and value of remaining room; no hard range cap.|Observed path, time, volume, IV and event update separately.|Prevents statistical daily bounds from becoming false hard ceilings on opportunity.
C07.ACCEPTANCE|Acceptance, rejection and discovery axes|Use dwell, volume, crossing count, efficiency and value-area traversal as observable continuous axes before state forecasting.|Next acceptance/rejection/traverse transitions over 5/15/60 minutes.|Source time/close rule; soft Markov/hazard model; duration-aware state model.|Fast pass versus prolonged acceptance, repeated crossings, low-volume drift and final-session shape leak.|Transition calibration and role/value by state, including uncertain states.|Price/time/volume and hard versus soft states.|Makes auction context useful for both continuation and reversal locations.
C08.MIGRATION|Value migration across anchors|Compare POC/centroid/VA movement and distribution overlap across developing, prior and composite profiles.|Future discovery/reversion and location role over 15/60 minutes/session remainder.|POC slope; distribution-distance/overlap regression; multichannel spatial-temporal model.|POC flips from one print, same centroid/different modes, nested anchors and future composite.|Geometry stability, conditional proper scores and incremental decision value.|Mode versus centroid, overlap, anchor hierarchy and delta geography.|Tests the shape of migrating value rather than only the last POC price.
C09.SEASONAL|Session-conditioned volatility baselines|Estimate lagged range/variance distributions by instrument, clock, day/event state with partial pooling and causal seasonality.|Future interval physical variance and excursion distribution.|Pooled trailing baseline; seasonal EWMA; hierarchical conditional forecast.|Holiday short day, overnight thinness, year scale change and zero prior variance.|QLIKE/CRPS, conditional coverage and learning curves.|Seasonality, lookback/decay, event buckets and long-history versus rich-data cohorts.|Provides a difficult transparent benchmark for every richer volatility expert.
C10.GK_ROBUST|GK measurement versus forecast|Separate exact OHLC Garman–Klass variance from a future forecast; compare overnight exclusion, session aggregation and data-noise handling.|Future physical variance on matched 5/15/60-minute/session targets.|Raw lagged GK; seasonal regression; GK-augmented HAR/tabular challenger.|Zero range, inconsistent OHLC, opening jump and range mistaken for standard deviation.|Formula parity and QLIKE/coverage at common targets.|GK versus RV/Parkinson, clock aggregation and opening jump channel.|Tests whether GK contributes independently after better physical and implied information.
C11.YZ_JUMP|Opening-jump-aware volatility|Keep Yang–Zhang overnight/open-close/Rogers–Satchell contributions, sample conventions and calendar intervals distinct.|Future session variance/tails and supported intraday horizons.|Close-to-close and GK; exact YZ plus regression; joint jump/continuous forecast.|Missing opening print, overnight gap, sample size denominator and shortened session.|Reference formula and component contribution; variance/tail forecast score.|Overnight contribution, estimator window, session clock and continuous-vol inputs.|Tests opening information separately from intraday volatility dynamics.
C12.NOISE|Sampling and microstructure noise|Compare native/high-frequency RV, coarser sampling and supported noise-robust/preaveraged estimates using only preceding observations.|Observed variance quality and future physical variance/excursions.|One-minute RV; multi-grid RV; noise-aware estimate and simple forward learner.|Bid-ask bounce, duplicate prints, asynchronous ticks, zero return bursts and sparse overnight tape.|Sampling stability, synthetic known-variance error and held-out forecast score.|Sampling frequency, trade versus midpoint, noise correction and event coverage.|Checks whether apparent volatility signal is mostly quote/trade microstructure noise.
C12.SEMIVARIANCE|Directional realized volatility|Keep positive/negative return semivariances and sign/scale conventions distinct before future forecasting.|Future downside/upside variance, tails and first-passage asymmetry.|Total RV; separate semivariance regression; joint tail model.|Same total RV/opposite downside share, no negative returns and a large signed jump.|Component conservation, tail coverage and directional proper scores.|Negative/positive channels, jumps and implied skew.|Tests asymmetry that a single volatility number discards.
C13.HAR_VARIANTS|Multiscale forward-volatility models|Compare daily/weekly/monthly and intraday horizon components, log/level transforms, jump and leverage terms with causal features.|Common positive future physical variance and distribution heads.|Seasonal EWMA; HAR; regularized HAR-J/HAR with semivariance inputs and tabular challenger.|Overlapping horizons, label not matured, log-zero floor and opening-event shock.|QLIKE, distribution coverage, fold stability and incremental G02 contribution.|Each scale, transform, jump and IV channel; equal tuning budget.|Tests multi-horizon memory without averaging incompatible time scales.
C14.JUMP_SPLIT|Continuous versus discontinuous risk|Compare causal realized variation/bipower-style diagnostics, event bursts and robust threshold alternatives with their sampling assumptions.|Future jump occurrence/size, continuous variance and receiver tail risk.|Total RV; simple jump flag; two-part jump/continuous forecast.|Single bad tick, news jump, volatility burst without jump and sampling-frequency change.|Synthetic contamination sensitivity, Brier/count/tail scores and economic risk value.|Jump definition, sampling, known events and total-volatility controls.|Separates event risk from continuous-volatility estimates before stop/path decisions.
C15.ATM|ATM implied variance bridge|Use per-expiry and supported constant-tenor ATM IV/total variance plus quote/forward uncertainty to forecast physical outcomes.|5/15/60-minute and session-remainder physical RV/excursions; future IV is a separate head.|Seasonal physical-only; IV-augmented GAM/ridge; distributional boosted bridge.|IV percent/fraction, missing tenor bracket, wrong forward and stale repeated quote.|QLIKE/CRPS and conditional interval coverage; P versus Q labels distinct.|Level versus change, each tenor and physical forecasts; same input/model budgets.|Feeds G02/C06 physical opportunity forecasts rather than treating IV as guaranteed price range.
C15.SMILE|Full supported smile information|Encode k-by-T IV/total-variance shape with observed/extrapolated masks and quote uncertainty.|Physical tails and separately future surface factors at 5/15/60 minutes.|ATM+slope; spline/factor model; constrained masked surface encoder.|Identical ATM/skew but different wings, strike permutation, missing wing and spurious quote kink.|Weighted held-out price reconstruction plus physical CRPS/tail calibration.|Wings, terms, masks and factor versus representation capacity.|Tests information beyond a single IV or skew number.
C15.DELTA_SKEW|Delta-convention skew|Compute put25 IV minus call25 IV using fixed forward-delta convention; separately test 10-delta only with support.|Future downside/upside excursion asymmetry and surface skew change.|Fixed-k slope; robust delta-skew regression; nonlinear contextual bridge.|.30 put/.24 call gives .06; missing 10-delta wing; delta changes after forward move.|Skew interval stability, physical tail score and calibrated asymmetry.|Fixed k versus delta, put/call wings and event/term conditioning.|Provides directionally interpreted skew with explicit units and support.
C15.CURVATURE|Butterfly and asymmetric curvature|Keep butterfly, downside curvature, upside curvature and maturity interactions separate.|Physical tail shape, future IV curvature and scenario node stability.|Linear skew; quadratic/spline factors; constrained nonlinear factor model.|.30/.24 wings and .25 ATM give .02 butterfly; same slope/different curvature; wide quote kink.|Reconstruction within spread and incremental tail/path calibration.|Curvature versus skew/ATM, wing side and maturity.|Tests whether tail shape improves path and exposure scenarios.
C15.TERM|Total and forward implied-variance buckets|Interpolate compatible total variance; derive interval proxies with explicit ATM-versus-variance-contract interpretation.|Future interval variance, surface term changes and event-sensitive path.|Native expiry slope; total-variance interpolation; regularized forward-bucket model.|w1=.004/w2=.018 gives .14 interval proxy for .1-year gap; missing bracket and mixed settlement.|Numerical identity, uncertainty, QLIKE/CRPS at matched horizons.|Native/constant tenor, interpolation/extrapolation and term curvature.|Separates maturity roll from new implied information.
C15.EVENT|Event variance concentration|Fit baseline time variance plus nonnegative scheduled-event contribution only where expiry/quote coverage identifies it.|Pre-event tail distribution and post-event variance/surface change.|Calendar-only; smooth term structure; partially pooled event decomposition.|Event between expiries, holiday clock, delayed calendar update and weak two-expiry identification.|Event/non-event calibration, uncertainty and incremental executable value.|Event calendar, variance decomposition and actual post-event observation.|Tests option-priced event risk without using future announcement outcomes.
C15.VRP|Forward variance gap|Subtract OOF same-horizon physical variance forecast from compatible implied variance; retain IV-minus-lagged-RV as a separate descriptive baseline.|Future physical variance/tails and return/path conditions.|Lagged descriptive spread; forward forecast gap; regularized joint model.|Annualization mismatch, future RV leaked into gap, stale IV and changing physical model.|Incremental proper score and gap-uncertainty propagation.|Physical model, implied definition, gap versus separate levels.|Tests whether implied/physical disagreement adds information rather than mixing unrelated units.
C15.MODELFREE|Observed option-strip variance|Calculate eligible OTM strip contribution with explicit strike weights, correction, tenor and missing-tail treatment; full-index replication has separate data gates.|Internal implied-variance proxy and future physical-volatility information.|ATM IV; observed strip; methodology-faithful index reconstruction only if supported.|Sparse wings, two zero bids, wrong venue, missing rate and negative corrected partial estimate.|Formula/reference parity, coverage sensitivity and forward score.|Wing range, quote side, filtering, rate and ATM control.|Uses richer option prices while keeping partial-strip results distinct from official VIX/VXN.
C15.INTRADAY|Surface changes and dynamics|Separate same-contract IV changes from rolling-k/delta/tenor changes; normalize by causal session scale.|1/5/15/60-minute future IV/skew/term changes and physical receiver paths.|No change; seasonal AR/state-space; compact multivariate temporal model.|Unchanged quote with time decay, strike reselection, irregular update gaps and expiry roll.|Surface-change CRPS/error within quote uncertainty and receiver increment.|Lag lengths, level/change, roll correction and price return control.|Tests whether intraday implied information matters beyond its current level.
C15.LEVERAGE|Joint price and surface shocks|Model conditional return/IV/skew changes jointly; compare sticky-strike/delta and regularized sign/state responses.|Joint future spot/surface scenarios and physical tail distribution.|Fixed sticky scenarios; joint regression/state model; distributional temporal challenger.|Near-zero dS, upside versus downside shock, event skew change and dependent shocks.|Joint residual/dependence calibration, finite-difference residual and node/path value.|Leverage term, skew, time, event and scenario dependence.|Provides coherent O10/O12 repricing scenarios without unstable per-tick ratios.
C15.ZERO_DTE|Settlement-remainder IV specialists|Use exact remaining minutes and total variance for the correct 0DTE contract; freeze known event/quote/expiry state.|Remaining-to-settlement variance/tails and 5/15-minute supported paths.|Price/RV-only remainder; surface-augmented duration model; shared head conditioned on remaining time.|Same-date AM/PM, expiry boundary, event just before close and unstable tiny-T IV.|Remainder coverage, tail score, solver sensitivity and feasible bracket value.|0DTE versus 1–7DTE, total variance versus annualized IV and clock uncertainty.|Prevents exploding annualized Greeks and incompatible horizons from dominating decisions.
C15.CROSS_IV|Cross-chain implied differences|Align related chain/family IV at matched k/T with exercise, basis and freshness uncertainty.|Receiver tail/path and future cross-IV factor changes.|Separate chain levels; regularized difference/interactions; joint masked factor model.|QQQ dividend/style mismatch, NDX forward proxy, asynchronous SPX/NDX and absent tenor.|Incremental proper scores on common and full supported cohorts.|Each chain, mapping, term and difference versus raw levels.|Tests complementary index/ETF information without an assumed dominant chain.
C16.FORWARD|Intraday VIX option-implied forward|Use raw eligible call/put parity and multi-strike intervals, distinct from daily VX settlement and unobserved intraday cash VIX.|VIX-forward changes and NQ/ES stress at 5/15/60 minutes.|Last daily VX curve; raw parity reference; robust interval/state estimate.|Inconsistent pair intervals, rate scenario, stale quotes, wrong expiry and negative/invalid forward.|Parity residual/support, forward uncertainty and receiver tail score.|Rate/strike selection, daily VX and price-only receiver context.|Makes acquired minute VIX options an explicit intraday context source.
C16.VIX_SURFACE|VIX-option smile and right tail|Price each VIX index option with its forward/settlement convention; encode supported right/left wing IV and term shape.|Future VIX-surface/forward variability and receiver stress.|Forward+ATM; skew/term factors; compact masked surface representation.|Equity-style skew sign imposed on VIX, empty wing, invalid calendar constraint and zero bid.|Quote reconstruction, asymmetry calibration and incremental receiver proper score.|Forward, ATM, right/left tails and term information separately.|Tests volatility-market stress shape while preserving distinct product semantics.
C16.VVIX|Intraday implied volatility of volatility|Build an internal VIX-option strip/term measure; exact official reconstruction additionally requires historical monthly/source/filter rules.|Future VIX-forward variability and incremental NQ/ES tails.|VIX ATM IV; transparent strip proxy; verified methodology reconstruction where available.|All expiries confused with monthly, wrong venue, near-expiry exclusion, missing rates and coarse snapshots.|Formula/coverage sensitivity; future variability and receiver-tail scores.|ATM versus strip, expiry/source selection and quote uncertainty.|Adds volatility-of-volatility information without calling an approximate series official VVIX.
C16.VX_CURVE|Daily VX maturity structure|Use only published daily VX prices/settlements, roll/maturity and term curvature; do not synthesize intraday futures ticks.|Subsequent session/day stress and intraday receiver tail conditioning.|Front/second difference; constant-maturity factors; shrinkage conditional forecast.|Roll-induced slope jump, missing contract, same-day settlement used early and holiday maturity.|Publication fidelity and held-out tail/variance increment.|Daily curve levels/slopes/curvature versus VIX-option intraday features.|Retains acquired futures context at its actual cadence.
C16.JOINT_STRESS|Joint volatility-complex stress|Combine causal NQ/ES returns, equity-IV factors and VIX forward/surface shocks with independent masks.|Joint stress states and receiver 5/15/60-minute tails/path.|Additive expert forecasts; regularized interactions; shared latent/temporal model.|Common shock mistaken for lead, missing VIX chain, opposing IV moves and signal after receiver move.|Joint/tail calibration, lag sensitivity and whole-policy increment.|Each market/factor, contemporaneous versus lagged inputs and shared-capacity control.|Tests whether combined volatility information improves actionability beyond separate experts.
C16.VX_OPTIONS|Distinct options on VX futures|DEFERRED: require actual UX/options-on-VX feed, underlying future and physical-settlement definitions; existing VIX OPRA files do not supply it.|Contract-style valuation then future volatility/receiver information.|Correct futures-option valuation; VIX-index-option information baseline; joint challenger if acquired.|VIX/UX confusion, underlying future rolls, option expiry before future and delivery convention.|Payoff/identity parity, coverage and incremental common-cohort score.|VX options versus VIX options versus daily VX curve.|Keeps the requested extension visible with a precise unmet data dependency.
C17.PRE_POST_EVENT|Known calendar and observed response|Separate scheduled proximity, actual publication, surprise only with timestamped consensus data, and subsequently observed market response.|Pre-event tails; post-publication 1/5/15/60-minute path/volatility.|Calendar-only; price-response model; event-conditioned regression/hazard.|Revised consensus, date-only time, delayed release, event during open and no comparable history.|Timing fidelity, conditional score and delayed executable value.|Calendar, observed response, surprise and event categories independently.|Uses events as probabilistic context instead of a blanket no-trade rule.
C18.CONTROL|Independent participation/control experts|Compare signed effort, price reward, memory, cohort disagreement and price-only control before target-specific fusion.|Continuation/reversal, future excursions and control-transition probabilities.|Simple return/flow rule; regularized multi-head model; sequence challenger.|Largest delta loses, reward becomes known later, filtered flow silence and control switches.|Proper score, state uncertainty, diversity and full-policy value.|Each effort/reward/memory/cohort channel and location interaction.|Tests observable participation mechanisms without claiming hidden identity.
C19.REMAINING_ROOM|Remaining movement and competing obstacles|Condition future movement on current price, elapsed path, time, event and compatible forecasts; retain attainable destinations and occupied time.|Remaining 5/15/60-minute or boundary path and feasible payoff distribution.|Distance/seasonal room; conditional excursion model; joint time/path model.|Past HOD already realized, expected range exceeded, distant high-score node and boundary truncation.|Coverage, reach/order calibration and full bracket net value.|Already-used range, IV, topology, time and competing destinations.|Turns better Context into realistic stop/target/opportunity estimates.
C20.REGIME|Continuous state and filtered regimes|Compare continuous volatility/auction/flow axes with filtered Markov/duration/change-point states; separate measured state from later forecasts.|Future distribution changes and conditional expert applicability.|Continuous features; soft HMM/HSMM; regime-free regularized model.|Smoothing leak, too many rare states, transition mid-session and gate collapse.|Prequential proper score, state stability/support and conditional policy gain.|State count/duration, hard versus soft gates and every conditioning axis.|Tests whether specialization improves forecasts without hindsight labels or rigid permissions.
C20.REVERSION|Observed reversion and expansion diagnostics|Use causal return autocorrelation, variance-ratio-style summaries, traversal efficiency and mean-distance behavior with explicit sampling/horizon.|Future reversion, expansion and barrier-order probabilities.|Price/volatility baseline; regularized diagnostic features; duration-conditioned learner.|Bid-ask bounce mimics reversion, nonstationary trend, chosen favorable lag and low sample count.|Sampling sensitivity, proper scores and gain beyond assumed gamma sign.|Each diagnostic, lag/window, microstructure correction and options scenarios.|Tests realized behavior directly rather than assuming long/short gamma dictates it.
C21.TRANSITIONS|Session handoff and horizon experts|Preserve overnight, Europe, preopen, RTH-open/midday/close and cross-market handoffs with actual calendars and age.|Next segment and fixed 15/60-minute/boundary path distributions.|Clock-seasonal baseline; transition regression/hazard; shared duration model.|Japan/US holiday mismatch, London DST difference, opening gap and late source close.|Conditional calibration and all-session economic value at actual availability.|Prior segment state, market source, time and optional event conditioning.|Tests changing opportunity through the whole allowed day.
C22.ORIGINATION|Context-originated opportunity proposals|Generate a bounded feasible current-price or pullback opportunity from compatible Context/source-event forecasts with complete candidate logging.|Action-value and missed-move/non-fill distribution at the decision boundary.|Location-only; transparent Context rule; bounded proposal model.|No local node, no safe stop, signal already consumed, contradictory context and never-filled pullback.|Proposal coverage/density, value calibration and sequential net increment.|Context originator, immediate/pullback, local-node requirement and source features.|Preserves the user's Context-and-Location origination requirement.
C23.PARKINSON_SCALE|High-low variance information|Keep exact Parkinson high-low variance and its diffusion/sampling limitations; forecast future variance separately.|Matched future variance and excursion horizons.|Historical range and close variance; Parkinson regression; multiscale regularized challenger.|Same range/different path, opening jump, zero width and price-scale transformation.|Formula/scale parity, QLIKE and incremental ensemble contribution.|High-low versus close/opening/RV features and sampling interval.|Tests this physical estimator against the richer volatility family fairly.
C24.GARCH_ASYMMETRY|Conditional-variance and leverage challengers|Compare ARCH/GARCH, asymmetric GJR/EGARCH-style variants and heavy-tail innovations under validated parameter domains.|Positive future conditional variance and tail distributions.|Seasonal/EWMA; GARCH; asymmetric/tail variant at equal search budget.|Nonstationary parameter region, variance positivity, leverage sign, extreme shock and optimizer failure.|QLIKE, tail coverage, convergence/fallback and learning curves.|Asymmetry, innovation tail, horizon aggregation and implied-vol inputs.|Keeps interpretable volatility dynamics as genuine competitors to larger models.
O01.COVERAGE|Contract and strike support|Audit actual quote/OI/trade expiry and moneyness support separately; request-folder names are not verified coverage.|Eligible chain state and sampling population at every cut.|Observed-only reference; masked partial board; explicitly modeled completion challenger.|OI beyond 60DTE with shorter quotes, missing wing, disappeared 0DTE and same-date settlement classes.|Exact coverage/identity counts; policy and calibration by support.|Common intersection versus full supported cohort; missing-strike stress.|Stops a richer-looking board from silently relying on unacquired contracts.
O02.BIDASK_IV|IV uncertainty and solver domains|Invert bid/mid/ask under the correct contract model and forward/rate interval; retain nonidentifiable/out-of-domain states.|Price-consistent IV interval and downstream sensitivity uncertainty.|Robust bracketed inversion; alternate permitted pricing solver; midpoint-only benchmark.|Below intrinsic, wide/zero/locked quotes, tiny T, wrong future and unsupported exercise style.|Repricing residual, monotonicity and interval coverage of admissible quotes.|Quote side, rate, forward, solver tolerance and exercise convention.|Makes surface/Greek certainty reflect observable quote quality.
O04.SURFACE_FIT|Spatial surface and arbitrage constraints|Compare direct quote interpolation, constrained spline/SVI-style fits and smooth masked factors; validate each constraint for the payoff family.|Held-out strike/expiry quote reconstruction and surface support.|Local interpolation; constrained parametric surface; compact learned representation.|Butterfly violation, stale wing, incompatible VIX calendar constraint and omitted strike support.|Spread-weighted reconstruction, admissibility violations and stability.|Smoothing/constraints, maturity coupling, price versus IV loss and masks.|Improves Greeks without hiding bad data or assuming tighter fits improve trades.
O04.TEMPORAL_SURFACE|Surface continuity and observation noise|Track changes with quote-error models and fixed-parameter filtering; distinguish state filtering from future-data smoothing.|Next surface state and causal latent-factor uncertainty.|Independent minute fits; regularized state-space; temporal factor model.|One stale strike jumps, entire surface reprices, missing interval and future-smoothed state.|Prequential error within quote uncertainty, delay and physical downstream gain.|Temporal smoothing, noise model and independent-fit benchmark.|Tests whether stable intraday IV is useful without smoothing away real event shocks.
O05.HIGHER_GREEKS|Vega, vanna, charm and volga sensitivity|Keep per-option units, coordinate, time sign and mixed partials; compare exact scenario repricing with finite-difference sensitivities.|Correct price/delta response to spot, IV, skew, time and combined shocks.|Analytic derivatives where valid; independent finite differences; full repricing.|Vol-point versus fraction, charm sign/time unit, cross term, tiny expiry and multiplier.|Derivative error across perturbation sizes and scenario residual.|Each higher Greek and linear versus exact scenario response.|Tests richer exposure channels while keeping valuation sensitivity distinct from actual hedge flow.
O06.REPORT_COHORTS|OI reporting and terminal states|Separate continuing, expired, exercised/adjusted and missing-report contracts by actual publication and revision.|Next-reported aggregate OI/change distribution with explicit maturity.|Last reported OI; seasonally shrunken change baseline; separate terminal-state handling.|Expiry absence labeled zero, future report early, missing revision and exercise without tape.|Report/count reconciliation, continuing-cohort count deviance and coverage.|Report lag, contract state and level versus change targets.|Prevents trivial expiry behavior from looking like accurate inventory prediction.
O07.HIERARCHICAL_OI|Aggregate OI forecast hierarchy|Predict next-report counts/changes using price/volume/premium/Greek flow, borrowing strength across expiry/moneyness without assumed opening labels.|Contract/cohort/expiry next-report OI distribution and calibration.|Frozen OI; regularized count/change regression; hierarchical/boosted count model.|Sparse contract, high volume/no change, zero previous OI and aggregation mismatch.|Count deviance/MAE, interval calibration and aggregate reconciliation.|Raw volume, signed flow, Greeks, calendar and hierarchical sharing.|Tests whether forecastable aggregate holdings information helps future boards.
O08.ASSIMILATION|One-time evidence assimilation|Freeze OI baseline and compare constrained latent paths; O07 output and its underlying flow must not be independent duplicate observations.|Identification interval, next-report consistency and downstream path value.|Frozen OI; volume-allocation scenarios; coherent conditional filter/particle challenger.|Same endpoint/different path, duplicate flow input, exercise, no-change trades and 0DTE.|Constraint validity, endpoint calibration and downstream robustness across priors.|O07, prior strength, allocations and direct flow-to-price bypass.|Keeps dynamic holdings uncertainty explicit while allowing predictive improvements.
O09.SCENARIO_CURVES|Exposure across price and surface shocks|Compute unsigned and declared signed holdings scenarios over source price/IV/skew/time grids; preserve unit and identity.|Exposure curve/topology measurements and future receiver role/path via O22.|Static prior-OI board; mechanical repricing; uncertain holdings plus joint shocks.|Delta/gamma sign confusion, call-put heuristic, absent wing and source-to-mini Jacobian.|Finite-difference/unit parity; scenario sensitivity and independent role score.|Greek, holdings sign/allocation, shock shape and current-price-only board.|Tests informative concentrations without claiming known dealer books or attractors.
O10.JOINT_DECOMPOSITION|Mechanical and flow change attribution|Decompose changes from spot, time, IV/skew, observed universe and holdings scenarios; record ordering/interactions rather than forcing unique additive causality.|Explain board change and forecast node/path dynamics.|Frozen holdings repricing; ordered exact counterfactual decomposition; symmetric/Shapley-style diagnostic with bounded budget.|Same exposure change from spot or flow, moving Jacobian, expiry removal and large interaction residual.|Reconciliation to total change, order sensitivity and incremental node forecast.|Each repricing term, interaction residual and observed flow.|Separates mechanical dot changes from genuinely new observable flow information.
O11.NODE_GEOMETRY|Node support, uncertainty and identity|Separate physical strike-cluster width from measurement/mapping uncertainty and entry tolerance; retain split/merge/birth/death.|Stable versioned nodes and later calibrated reach/depart outcomes.|Individual strikes; deterministic clusters; KDE/learned proposals with fixed budgets.|Two nearby nodes merge, same magnitude/opposite sign, small node, missing wing and widened hit labels.|Membership/identity parity, geometry perturbation and matched-density value.|Smoothing, width definition, small nodes and per-expiry aggregation.|Tests useful precise locations instead of visually large or retrospectively widened dots.
O12.PERSISTENCE|Node persistence and useful lifetime|Model age, mass changes, expiry, touches and scenario stability with event identity preserved.|Next survival, disappearance, retest and receiver role over 5/15/60 minutes.|Static TTL; empirical hazard; competing-risk/duration model.|Expiry death versus flow thinning, refreshed node alias, no retest and late deletion.|Calibrated incidence, lifecycle coverage and policy value.|Age, mass, expiry, observed flow and static-node baseline.|Tests when an options location remains informative.
O12.MIGRATION|Node movement and thickening|Track center/shape/mass velocity relative to spot, separating mechanical and residual change without assuming migration is bad.|Future node state and receiver continuation/reversal/runner outcomes.|Static node; linear state update; temporal topology model.|Spot follows fixed node, node follows spot, split/merge and same mass/different shape.|State-change error, role/path score and actionable timing.|Mechanical versus residual change, history depth and scenario robustness.|Tests evolving boards as information rather than universally preferring stationary levels.
O13.GRAMMAR|Vendor pattern vocabulary as measurable hypotheses|Register gatekeeper/decoy, corridor/air pocket, whipsaw, trend, rainbow/rug and velocity patterns with numerical memberships and ordered histories.|Receiver PATH/REACH/DEPART at matched 5/15/30-minute horizons.|Faithful observable pattern rules; continuous topology regression; set/graph temporal model.|Identical net GEX/different topology, missing panel, pattern only visible after outcome and no local node.|Pattern-definition fidelity, proper scores and density/coverage-matched value.|Each topology feature/pattern; visual names removed; raw numeric board control.|Tests the full pattern family without importing proprietary accuracy claims.
O14.CHAIN_ENCODER|Strike-by-expiry representation|Encode supported contract/strike/expiry sets with native units, masks and time; separate forecast head from representation learning.|Common receiver path and object-role targets.|Aggregated board features; regularized interactions; set encoder or compact tensor model.|Strike permutation, missing expiry, duplicate contracts and future-universe token.|Permutation/coverage invariance, learning curves and information-matched proper scores.|Expiry shape, strike topology, history and encoder capacity.|Tests whether within-chain structure adds beyond summary exposures.
O15.FLOW_CHANNELS|Contracts, premium and sign scenarios|Keep gross/signed calls/puts, contracts, USD premium and uncertainty with event-time and receipt provenance.|Future price/volatility/node outcomes at 1/5/15/60 minutes.|Unsigned totals/PCR; simple signed-flow regression; nonlinear conditional flow model.|Buy put direction, inside-spread unknown, correction, multiplier and same-time unrelated trades.|Ledger conservation, sign-sensitivity and independent channel score.|Gross/signed, calls/puts, premium/contracts and expiry bucket.|Preserves predictive raw flow when Greeks or holdings estimates are unavailable.
O16.DELTA|Delta-weighted CVD|Accumulate event-frozen source sensitivity and delta dollars; source-to-mini conversion uses the correct Jacobian and point value.|Channel OHLC and future receiver path at 1/5/15/60 minutes.|Contracts/premium; fixed delta; causal Greek-weighted flow with regularized predictor.|Call/put delta sign, sold trade, stale Greek and 500-to-20000 mapping example.|Unit/finite-difference parity and incremental score/value.|Delta versus raw flow, mapping and expiry/cohort.|Tests directional sensitivity flow without treating mini-equivalent features as positions.
O16.GAMMA|Gamma-weighted CVD|Accumulate signed traded-option gamma contribution per declared 1% source move; hypothetical offsetting hedge has opposite sign.|Channel OHLC and future volatility/path/node role.|Raw flow; fixed gamma approximation; event-valued gamma flow predictor.|Long call/put gamma both positive, sell sign, u-squared scale and delta-dollar MTM confusion.|Dimensional/repricing parity and incremental calibration/value.|Gamma versus delta, gross versus signed, 0DTE and sign uncertainty.|Tests whether concentration of traded convexity adds distinct information.
O16.VEGA|Vega-weighted flow and CVD|Restore explicit vega flow sum of signed contracts times multiplier times per-option vega; keep fraction and vol-point units.|Event OHLC and future IV/skew/physical-volatility/receiver paths.|Contracts/premium; vega-weighted flow; multihorizon statistical or temporal predictor.|Two contracts times 100 times vega5 equals 1000 USD/unit IV or 10 USD/vol-point; sold sign and missing trade feed.|Exact weight/OHLC arithmetic; future-surface and receiver incremental score.|Vega versus gamma/delta/raw flow; each expiry and cohort.|Restores the conversation's omitted vega-flow hypothesis and tests its distinct information.
O16.VANNA_CHARM|Vanna and charm flow channels|Accumulate each declared Greek channel separately, with source price and IV/time units; do not conflate them with vega.|Future delta-sensitivity change, node dynamics and receiver path.|Delta/gamma flow; each higher-Greek channel; joint regularized model.|IV unit100x, charm elapsed-time sign, same price with time decay and overlapping Greek evidence.|Finite-difference/unit parity and conditional incremental scores.|Vanna alone, charm alone, time/IV controls and signed/gross channels.|Tests flow-linked surface/time sensitivity without duplicate confluence votes.
O16.FROZEN_REPRICED|Frozen versus revalued flow paths|Freeze eligible Greeks at trade availability; separately reprice accumulated flow at later cuts and decompose changes.|Future surface/node/receiver outcomes from distinct CVD versions.|Raw/frozen channel; arrival-repriced channel; later revaluation challenger.|Greek event after print but before late receipt, later IV jump, same final total/different OHLC and unavailable valuation.|Prefix correctness, exact decomposition and paired predictive/value increment.|Frozen/repriced, event ordering, cohort and Greek age.|Shows whether new information comes from trades or subsequent valuation changes.
O17.CENTER_BANDS|Exposure centers and envelopes|Compare absolute/signed centers, weighted quantiles, topology bands and opening envelopes with explicit empty-side rules.|Location reach/depart/traverse over 5/15/60 minutes.|Source GEX-weighted center; ordinary VWAP; uncertainty-aware band model.|Signed denominator cancels, threshold fraction mistaken for percentile, early envelope and mixed expiries.|Formula/reference parity and width/density-matched location utility.|Weight/sign, expiry selection, envelope window and price VWAP interaction.|Tests upgraded board-center locations without claiming universal attraction.
O18.RATIOS_BREADTH|Flow ratios, breadth and concentration|Keep count/premium/Greek PCR, volume/OI, moneyness/DTE activity, concentration, ranks and within/cross-chain breadth separate.|Future physical volatility/path and node-role distributions.|Simple PCR/volume; normalized multichannel regression; conditional breadth model.|Zero OI, final-day rank leakage, missing denominator, one huge print and short-DTE mix shift.|Ratio/normalization fidelity, conditional proper scores and incremental value.|Each numerator/denominator, seasonality, moneyness, expiry and chain.|Tests broad flow measures without confusing units or using future daily rankings.
O19.FUTURES_OPTION_STYLE|Futures-options information portability|Use actual underlying future, exercise/expiry, multiplier and coverage to build comparable futures-option experts.|Receiver path and matched chain-family incremental forecast.|Futures tape only; futures-option raw/Greek features; independent chain expert.|Option references deferred future, negative/invalid pricing domain, sparse expiry and wrong multiplier.|Contract parity, coverage and common-date score/value.|Futures options versus cash-index/ETF chains; each expiry/style.|Prevents futures options from being omitted or treated as identical equity contracts.
O20.TRADE_AMBIGUITY|Complex trades and sweep uncertainty|Retain reported conditions, timing/price/size patterns and bounded grouping hypotheses; no asserted parent identity from simultaneity.|Sign/grouping uncertainty and future price/volatility increment.|Ungrouped conservative flow; condition-aware features; probabilistic grouping scenario.|Unrelated simultaneous trades, multi-leg offset, late aggregate and unknown aggressor.|Reconciliation, scenario dispersion and gain robust to ambiguity.|Group/condition/sweep/size features; unsigned fallback.|Tests enriched flow without fabricated spread or sweep labels.
O21.SENSITIVITY|Uncertainty propagation and support|Propagate quote, IV, holdings, mapping, age and coverage scenarios through nodes, forecasts and action value with correlated errors preserved.|Forecast/action applicability and robustness of selected decisions.|Observed-only masks; independent-error benchmark; coherent scenario propagation.|Same uncertainty counted twice, all experts missing, unstable node width and confident extrapolated wing.|Coverage, decision flip rate, conditional calibration and conservative value.|Each uncertainty source, independence assumption and missingness pattern.|Makes improved information earn reliable use instead of artificial confidence.
O22.RUNNER|Node reaction and sustained departure|Separate pin/chop, local bounce, continuation, failure and sustained travel with competing barriers/time and no-reach states.|Joint reach/depart/runner duration and feasible full-position VALUE.|Node-only empirical rates; survival/multistate head; joint contextual path model.|Bounce without runner, runner after small node, far strongest node, same excursions/opposite order and no local node.|Proper order/time scores, tail calibration and value after costs/occupancy.|Node magnitude/topology, IV/flow/holdings, context and source chain.|Tests the user's precise reversal-and-travel objective rather than a touch statistic.
O23.PAYOFF_SET|Max-pain minimizer set|Evaluate per-expiry intrinsic payout on the valid settlement domain and preserve the entire minimizer set with OI coverage.|Exact benchmark location plus independently tested future price role.|Literal strike-breakpoint calculation; optimized convex evaluation; role learner downstream.|Flat minimum interval, one-sided chain, adjusted payoff and missing strikes.|Exact minimizers and density/distance-matched role value.|Max pain versus exposure center/raw strikes; coverage and expiry.|Retains the source hypothesis without equating payout minimization with dealer profits or pinning.
X01.ASYNC|Asynchronous information alignment|Join only backward availability and retain source intervals; distinguish native quotes, completed ETF minutes and daily cash.|Receiver forecast at first supported actionable time.|Common-minute baseline; event availability merge; latency-scenario alignment.|False subsecond ETF lead, two events in one bar, future-nearest source and stale daily index.|No future joins; score and value sensitivity to source lag.|Grid, carry age, source event versus source return and timing uncertainty.|Tests whether cross-market information survives the time it takes to observe it.
X02.PARITY_BASIS|Forward, basis and coordinate mapping|Compare raw European parity, causal affine/filtered basis and prior-cash-plus-ETF proxy with explicit Jacobians.|Mapped level distribution and source-to-receiver sensitivity.|Fixed ratio; rolling affine; causal carry/basis filter.|Index cash absent intraday, parity interval conflict, ETF dividend, roll and inverse Jacobian error.|Held-out mapping residual/coverage relative to tick and band width.|Mapping method, source age, rate/carry and uncertainty.|Enables precise related-chain locations while allowing mapping-independent source events.
X03.NDX_QQQ|Nasdaq chain specialists|Keep NDX, NDXP, QQQ and NQ futures-option experts distinct; compare same and full supported expiry/coverage cohorts.|NQ PATH/REACH/DEPART/VALUE at matching horizons.|QQQ-only/futures-only; calibrated additive family; set interaction model.|Monthly no near expiry, sparse wings, small NDX node, no QQQ node and proxy index touch.|Paired scores/net value, subgroup uncertainty and density/mapping-matched controls.|Every chain, expiry, OI/flow/surface layer and equal model capacity.|Tests the user's NDX observation without assigning the answer beforehand.
X04.SPX_SPY|S&P family and fair ES comparison|Keep SPX/SPXW/SPY/ES-option forecasts distinct; execution comparison uses identical eligible dates and proper point values/costs.|ES and transmitted NQ common targets; separate end-to-end NQ-versus-ES value.|SPY/ES tape; individual index chains; calibrated joint family.|AM/PM confusion, missing ES BBO, source event valid for NQ and future daily instrument choice.|Common-cohort forecast/net/account intervals and coverage accounting.|Every chain, execution instrument and missing-data scenario.|Supports a fair ES alternative and S&P information for NQ.
X05.SOURCE_ONLY|Source-event receiver transmission|Start receiver prediction only after source contact/reaction is knowable; include already-realized receiver movement and common-shock controls.|NQ/ES 1/5/15/30-minute path and executable source-originated value.|Receiver-only; lagged source-return/event regression; directed hazard/temporal model.|SPY turns with no NQ node, receiver moves first, source fails, delayed minute and contradictory sources.|Incremental proper score/value under added lag and no-local-node cohort.|Local-node gate, source event/return, direction/time placebo and common-market return.|Preserves source-only opportunities instead of requiring simultaneous local touches.
X06.SET_GRAPH_TIME|Joint information and representation tests|Compare chain sets, economically justified directed graphs and temporal histories on identical masked inputs; independently score constituent experts.|Common receiver path and optional coherent multi-asset distribution.|Additive calibrated experts; regularized interactions; set/graph/compact attention models.|Input permutation, duplicate chain, irrelevant edge, same net GEX/different shape and missing family.|Learning curves, paired proper scores, joint dependence and whole-policy increment.|Every chain/edge/history; random compatible graph; shared versus separate heads.|Tests broad simultaneous pattern recognition and correlated evidence explicitly.
X07.PRICE_SMT|Price relative strength and breach order|Normalize causal prior-reference breaches and residual returns using past beta/scale; preserve confirmed/running variants.|Receiver path after source availability, 1/5/15/60 minutes.|Price ratio/rule SMT; ridge/VAR-style lag model; duration-aware model.|Own high breached only in one index, negative beta, asynchronous fake lead and future pivot.|Lag-stressed proper score and net value beyond receiver-only.|Pair, reference scale, normalization and direction placebo.|Tests cross-market structure without claiming structural causation.
X07.FLOW_SMT|Cross-market cohort-flow SMT|Compare standardized traded CVD/cohort OHLC and flow-reference breach order only where actual side/event data exist.|Receiver 1/5/15/30-second and minute paths in timing-supported cohorts.|Price-only SMT; aggregate CVD difference; cohort OHLC/sequence interaction.|ETF volume proxy called CVD, equal close/different extremes, missing source side and unequal contract sizes.|Mass/unit/timing correctness and gain beyond price/aggregate-flow baselines.|Source/cohort, OHLC versus close, lag, sign and scale.|Tests the user's trade-level SMT idea separately from ordinary correlation.
X08.TRF|Reported off-exchange equity prints|DEFERRED: complete TRF receipts/corrections required; unsigned shares/notional/intensity and reference objects stay separate from side/identity claims.|5/15/60-minute receiver path and print-reference reach/depart.|No-print context; lagged notional regression; condition-aware tabular model.|Late/corrected print, daily top-list leak, incomplete pagination and no aggressor side.|Receipt/correction fidelity; value after reporting delay and matched-print placebos.|Size, time, price reference, clustering and source mapping.|Preserves vendor print hypotheses with an explicit unavailable-data gate.
X08.CONSTITUENTS|Constituent breadth and event concentration|DEFERRED for full breadth until historical membership/weights and prices exist; current ETF bars/calendar are separate supported proxies.|Index path, volatility and event stress over 5/15/60 minutes/session.|Futures-only; ETF relative return/volume; genuine weighted breadth if acquired.|Today's members in past, revised earnings, ETF split and date-only event used early.|Point-in-time identity and common-cohort incremental score/value.|ETF proxy, genuine breadth, weights, event concentration and valuation context.|Keeps broad equity information testable without inventing acquired constituent tapes.
X09.NKD_FX|Japan equity and FX transmission|Use native NKD/Nikkei price/flow and USDJPY returns separately, then interactions at verified cadence.|15/60-minute and next-session receiver tails where timing supports them.|Receiver-only; lagged equity/FX regression; joint conditional model.|Japan/US holidays, local index points multiplied as cash, BOJ event and stale FX.|Native-unit/time parity and incremental tail/value.|Equity, FX, lag and session overlap.|Tests non-US context without false price-coordinate equivalence.
X09.HG_FX|Copper and currency context|Use native HG flow/price, SHFE context and USDCNY with grade/weight/currency/delivery and release semantics preserved.|15/60-minute native-stream or session/day slow-context receiver targets.|Receiver-only; normalized source returns; nonlinear cross-market interaction.|Unit/grade mismatch, stale inventory, currency sign and commodity roll.|Publication/unit checks, proper scores and whole-policy increment.|HG, SHFE, FX, native versus normalized scale and lag.|Tests industrial-metal information without an assumed arbitrage identity.
X09.SI|Silver context|Use SI native flow/price plus separately certified slow SLV/SHFE measurements; retain actual source cadence.|15/60-minute receiver path and session/day stress.|Receiver-only; SI return/flow model; slow-fast interaction.|Futures roll, missing side, daily inventory used intraday and ETF adjustment.|Calibration and incremental tail/net benefit on common dates.|SI price/flow, slow context, session and source lag.|Keeps the prior silver research question independently diagnosable.
X09.YM_RTY|Other US index-futures specialists|Use actual YM/RTY prices/trades and verified side fields; quote/depth features require separate confirmed feeds.|NQ/ES 5/15/60-minute path and relative strength.|Receiver-only; return/activity regression; cross-flow interaction where supported.|Missing BBO, volume-scale mismatch, source leads after receiver move and small-cap event.|Paired proper scores/net value and lag/missingness sensitivity.|YM, RTY, price/flow, session and common-market return.|Tests information from the broad execution-adjacent universe without expanding position size.
X09.RATES|Rates and inflation-context inputs|Separate observed yields/curve prices from revised economic series; require actual release/vintage for each field.|Session/day stress and conditional intraday receiver tails at supported cadence.|No rates; last published level/change; partially pooled interaction model.|Revised FRED vintage, later daily close, yield-versus-price sign and holiday publication.|Availability fidelity and effective-report/date score/value.|Level/change/curve, lag, source and event interaction.|Tests macro context while respecting its true information clock.
X09.GC_USD|Gold and dollar slow context|Use acquired daily GC and certified dollar/GVZ fields at their actual publication cadence; intraday GC/GLD/OG features need separate verification/acquisition.|Next-session/day stress and intraday tail conditioning from last-published state.|No gold/dollar; lagged returns/volatility; conditional cross-asset model.|Daily close used before publication, continuous-contract roll, stale dollar index and missing source.|Publication/roll integrity and incremental held-out stress/value.|Gold, dollar, GVZ, level/change and lag.|Restores an explicit gold-family research route without assuming unacquired intraday options.
X10.COT|CFTC positioning specialist|Use as-of report date, publication, revision and market category; normalize levels/changes on earlier reports only.|Subsequent session/day/week stress or source-market behavior.|No COT; last-published percentile/change; shrunken nonlinear interaction.|Tuesday position treated as Tuesday-known, revision, holiday delay and minute pseudoreplication.|Effective report count, calibrated interval and downstream increment.|Level/change/category/age and report-date placebo.|Tests slow positioning without treating reports as dealer options inventories.
X10.SHFE|Inventory publication specialist|Keep copper/silver stock, unit, warehouse/report type and publication/vintage separate before integration.|Subsequent source-market/session/day stress and receiver context.|No inventory; lagged stock/change; partially pooled source-specific model.|Observation date versus release, revised totals, unit conversion and missing report.|Report reconciliation, release-count uncertainty and incremental value.|Commodity, inventory type, lag, level/change and related FX.|Uses acquired slow inventory only after its point-in-time gate passes.
X10.SLV|Fund-holdings context|Use historical SLV fund observations with actual dates/adjustments and certified publication lag.|Subsequent silver/session/day volatility and receiver stress.|No fund data; last-published change; slow-fast interaction model.|Revised history, shares versus metal weight, daily value copied into minute independent samples and missing release.|Unit/publication fidelity, effective-observation score and incremental value.|Holdings, price, flow proxy, lag and native SI features.|Separates slow fund state from observed intraday trading flow.
L01.INTERNAL_ROLES|Internal range locations|Score 25/50/75 percent and range-open separately for reversal, continuation and target roles; preserve exact parent range.|5/15/30/60-minute reach/depart and full-position value.|Faithful quarters/EQ; conditional role model; context-conditioned ranker.|Inside-EQ continuation without gamma, open differs from EQ and wide range little room.|Geometry, calibration and matched-density internal-grid value.|Each internal reference, role, Context and optional Response requirement.|Tests useful entries inside the range instead of only at its extremes.
L02.PROJECTION_ROLES|Extension and retracement branches|Preserve each edge-relative source ratio and distinguish partial retrace, full reversal and continued extension.|Reach/order/runner and feasible value through fixed horizons.|Fixed projection rules; survival/role model; conditional excursion-derived challenger.|1.33 normalized versus edge+1.33W, partial retrace then extension, no reach and gap-over.|Exact ratios, role/time calibration and matched-distance utility.|Ratio, width, role, anchor and statistical-zone alternative.|Tests all disclosed projection semantics without universal fading or hard range caps.
L03.RTH_ETH|Prior-RTH and full-session memory|Keep prior-RTH value/extrema and source freshness rules separate from ETH-aware challengers.|Next touch/traverse/hold and current-session target roles.|RTH-only source; ETH-touch-aware state; conditional role model.|ETH sweep then RTH retest, prior VA inside full range and shortened session.|Anchor/state fidelity and paired density-matched value.|RTH/ETH, freshness, prior value versus extrema and 06–09 hierarchy.|Preserves Jumbo's exact source anchors while testing richer memory.
L04.ZONE_DEFINITION|Statistical-zone anchors and uncertainty|Separate open-relative excursions, formation mean/SD, close-offset SD and edge extensions; derive frozen predictive bands under each definition.|Reach/depart/traverse at fixed 15/30/60-minute/remainder horizons.|Disclosed source statistic; conditional quantiles; joint density-mode proposal.|Bear bounds swapped, future-inclusive estimate, different anchor same numeric value and no reach.|Anchor/quantile coverage, proper role score and matched-width utility.|Statistic, anchor, tail, conditioning and width/count.|Tests improved P-zones without inventing the proprietary source formula.
L04.WIDTH_SNAP|Zone precision and spatial refinement|Compare physical geometry, predictive uncertainty and entry tolerance separately; snap to profile/options node or use soft distance features.|Same fixed-horizon reach and ordered departure; selected full-position value.|Unsnapped statistical band; deterministic snap; bounded learned refinement.|Wider band raises hit rate, snap across unsupported map, future node and same-width placebo.|Coverage-versus-width frontier and economic value at matched count/distance.|Width, snapping, node input and ranker held fixed in generator tests.|Finds useful precision rather than rewarding levels for covering more prices.
L05.PROFILE_ROLES|POC, value, shelves and valleys|Retain each topology type and causal anchor with role forecasts; use multichannel shape rather than mandatory POC avoidance.|Hold/traverse/continuation and target value at 5/15/60 minutes.|POC/VA source; topology regression; spatial profile learner.|Minor shelf beside LVN, same centroid/different modes, bin shift and developing node moves after entry.|Geometry sensitivity, role calibration and matched-density/value controls.|Location type, anchor, smoothing, true/proxy volume and profile context.|Tests each auction location's function and data-enabled improvement.
L06.DELTA_ROLES|Side-concentration locations|Generate side-specific peaks/centers/shelves and append observed reward/protection only when known.|Future hold/traverse/control and actionable value.|Total-volume nodes; signed-delta shelf; multichannel side-role learner.|Opposing shelves cancel, positive delta loses, protection learned late and unknown sides.|Mass/sign fidelity and gain beyond L05 with sign/density placebos.|Side, cohort, anchor, reward history and total-volume control.|Keeps delta location separate from later Response and inventory narratives.
L07.IB_TPO|IB, TPO tails and single prints|Individually preserve daily/weekly IB, TPO value, single prints, poor/extreme proxies and naked prior POC with confirmation rules.|Future break/traverse/return and full-position value.|Faithful bracket rules; empirical hazards; contextual role model.|Single print filled before close, weekly partial holiday, gap falsely fills rows and early IB use.|Bracket/confirmation parity and value beyond volume-profile/grid controls.|IB versus TPO type, bracket length, dwell/volume and freshness.|Tests source auction hypotheses as distinct families even where another source dismisses them.
L08.SWING_REFINEMENT|Swing and dynamic retracement locations|Compare source pivots/fibs with volatility reversal legs and bounded offsets after actual confirmation.|Reach/depart at 5/15/60 minutes and current-plan utility.|Fixed fractal/fib; causal reversal leg; regularized offset model.|Future swing, nested equal highs, provisional leg moves and no retracement.|Confirmation cost, geometry stability and matched-age/distance value.|Anchor scale, ratio, confirmed/provisional and Context.|Tests learned swing locations while retaining source definitions.
L09.GAP_TYPES|FVG, body gap and true imbalance|Keep wick FVG, body-gap/VI, measured volume imbalance and later flip/mitigation states distinct by source/timeframe.|Reach/fill/flip/depart and executable value after formation.|Exact source rule; size/age hazard; footprint-informed zone model.|Unfinished HTF bar, same OHLC consecutive HTF bars, partial fill and price VI mislabeled volume.|Formation parity, role calibration and gap-size/density-matched value.|Gap definition, timeframe, displacement, mitigation and volume information.|Separates real formation conditions from terminology and repainting artifacts.
L10.ENTRY_GEOMETRY|Block entry and stop alternatives|Compare full-range/body order-block interpretation, swept-wick rejection blocks, confirmation versus midpoint entry and midpoint/extreme stops.|Fill/non-fill, ordered bracket outcome and full-position net value.|Faithful 2/3/5-minute confirmation; simple price rule; contextual timing model.|Third close not complete, caption/diagram stop conflict, midpoint never revisited and same-bar ambiguity.|Exact geometry/time, conservative fills and initial-opportunity/day net.|Entry, stop, candle width, source variant and Response stage.|Tests the actual trade alternatives hidden by attractive chart R:R.
L11.DYNAMIC_BANDS|VWAP line and target policy|Keep frozen location labels and explicitly moving VWAP target policies distinct across RTH/ETH/event anchors.|Contact/retest/traverse and full-position exit value.|Source 2/2.5-SD; robust quantile bands; conditional role model.|Reset jump, target moves after entry, zero volume, final bar and repeated cross.|Moment/anchor correctness, band coverage and matched-distance economic value.|Anchor, band estimator, slope and frozen/moving target.|Tests VWAP upgrades without retrospectively moving a missed level.
L12.PRINT|Unsigned print-reference locations|DEFERRED with X08.TRF: birth received print/causal cluster at its source price, fixed width/expiry and correction lineage.|5/15/60-minute/session reach/depart and receiver utility.|No-print objects; raw print level; causal clustered reference/role model.|Late print, daily top-list leakage, corrected cluster, missing mapping and retrospective width.|Birth/correction fidelity and time/size/distance/width-matched value.|Size, cluster rule, expiry, mapping and ordinary reference-price controls.|Keeps source print locations testable without assuming support or trade side.
L13.SMALL_SCENARIO_NODES|Small and scenario-conditioned option nodes|Test individual per-expiry nodes across all magnitudes with mapped uncertainty and joint surface/holdings scenarios.|Reach, local reaction, sustained travel and feasible VALUE.|Static prior-OI nearest/strongest; repriced node; dynamic/context-conditioned role.|Small node wins, strongest too far, missing wing, basis drift and no gamma conjunction.|Calibration and conservative value on matched density/coverage/width cohorts.|Magnitude, chain, expiry, latent update, IV dynamics and mapping.|Tests the user's many-node selection problem without excluding small nodes.
L14.CORRIDORS|Centers and multi-node corridors|Keep exposure center/bands, max-pain set and topology corridors as distinct objects with constituent lineage.|Traverse/pin/continuation/runner and target value.|Source center; nearest-node midpoint; conditional corridor model.|Duplicate node/center votes, empty side, changing expiry selector and corridor midpoint entry.|Formula/identity and value beyond constituent nodes with compatible-placebo corridors.|Center, bands, envelope, topology, max pain and source membership.|Tests useful regions between options nodes rather than only walls.
L15.IMMEDIATE_WAIT|Receiver entry after source reaction|From the same source opportunity compare immediate current-price, bounded pullback and simple confirmation with receiver stops.|Complete action VALUE, non-fill, missed move and remaining duration.|Receiver-only; direct source event; calibrated immediate/wait model.|No local node, receiver already moved, source failure, late ETF bar and unsafe stop.|Common-origin net/risk/occupancy and source-lag sensitivity.|Local-touch requirement, source return/event, entry timing and confirmation.|Preserves actionable source-only opportunities and tests the cost of waiting.
L16.GRID_OFFSETS|Bounded learned location proposals|Compare fixed grids/source levels, causal density peaks and learned offsets/widths with a frozen candidate budget.|Spatial reach/depart/utility map and selected policy value.|Source/grid; KDE or standardized clustering; bounded profile/set proposal model.|Dense levels cover every extreme, negative signed density, outside-bound offset and future cluster merge.|Matched count/width/distance utility, spatial calibration and proposal stability.|Proposal versus scorer, source inputs, offset, width/count and clustering metric.|Tests flexible in-between locations without hindsight HOD/LOD labels.
L17.RETEST_HAZARD|Useful lifetime and retest transitions|Separate object age, qualifying visit count, failure, reclaim and renewal; retirement never erases a loss.|Next retest/hold/fail and remaining usable lifetime.|Static TTL/first-touch rule; shrunken hazard; competing-risk lifecycle model.|Many ticks one visit, sweep then reclaim, refreshed alias, no retest and later profitable touch.|Calibrated incidence and complete-policy gain including rejected opportunities.|Age, visit/depletion, renewed evidence, deterministic lifetime and per-idea budget.|Tests adaptive freshness without post-hoc deletion or unlimited retries.
L18.DEPENDENCE|Candidate provenance and complete alternatives|Keep distinct IDs and correlated evidence groups; freeze complete feasible plans before value/ranking.|Correct decision set and incremental selection utility.|Unmerged list; deterministic overlap grouping; regularized set ranker.|POC equals VWAP, expiries share strike, conflicting roles, overflow and no-local-node candidate.|Exact counts/provenance, ranking/value and complete-day opportunity accounting.|Group metadata, raw count, independent-source count, set interactions and candidate caps.|Prevents duplicate confluence from manufacturing confidence or hiding alternatives.
L19.ORIGIN_MEMORY|Effort-origin and protected-print objects|Birth causal aggression clusters before reward; compare source fixed size filters with normalized cohorts and later protection/retest states.|Future origin retest/hold/continuation and full-position value.|Price-only burst; source print threshold; conditional memory/role model.|Largest print no reward, later protection, opposing origin, already consumed visit and failed idea.|Birth/confirmation parity and sign/size/time/density-matched value.|Cohort, size, sign, markout, decay and price-origin control.|Tests discrete aggression locations separately from continuous delta profiles.
G01.DIVERSITY|Specialist diversity and shared representations|Compare independently trained information-specific experts, shared backbone with independent heads, and a simple joint model on identical targets/budgets.|Calibrated common-target distribution and complete-policy gain.|Uniform/fixed mixture; regularized soft gate; shallow nonlinear gate and input-matched joint model.|Identical experts appear twice, all missing, gate collapse, correlated residuals and mismatched target horizon.|Proper scores, residual dependence, calibration, effective expert use and value.|Each expert/input family, sharing versus independence, gate class and compute/search budget.|Determines whether multiple specialists add useful information rather than merely model count.
G02.MULTITARGET|Variance, tail and excursion ensemble roles|Keep compatible physical-variance mixture separate from later excursion/path fusion; compare joint multi-task heads with separate models.|Positive variance, calibrated tails/excursions and ordered path only when supported.|Best single physical expert; convex mixture; regularized conditional gate or shared multi-task model.|Variance averaged with GEX, P/Q confusion, calendar horizon mismatch and current-edge cycle.|QLIKE/CRPS/tail calibration plus L04/G04/P02 economic effects.|Each physical/IV/VIX expert, weighting, multi-task sharing and uncertainty.|Tests whether richer volatility improves the specific downstream decision targets.
G03.CONDITIONAL|Calibration and uncertainty diagnostics|Use chronological OOF predictions, separate calibrator fitting, target-specific methods and supported subgroup pooling.|Forecast probabilities/quantiles and conditional coverage at actual deployment prevalence.|Uncalibrated; sigmoid/temperature/quantile correction; isotonic or hierarchical challenger.|Reweighted training prior, rare subgroup, missing-chain pattern, stale predictions and reused calibration set.|Proper score, calibration slope/intercept, coverage/width and conditional uncertainty.|Calibrator, pooling, age/mask conditioning and calibration window.|Separates ranking quality from reliable probabilities used for trade value.
G04.ORDER|Reach, arrival and ordered first passage|Compare marginal reach hazards with joint arrival/order models using fixed bands and a single end horizon.|First contact/time/state, gap/no contact and competing nearer/deeper arrival.|Distance/volatility; discrete survival; coherent dynamics/competing-risk model.|Same excursions/opposite order, contact at horizon, gap-over, current inside and wider band.|Brier/log/time calibration and selection value at matched geometry.|Distance, Context, IV, arrival state and joint dependence.|Prevents impossible order inference from excursion-only forecasts.
G05.RUNNER_DURATION|Reaction versus runner quality|Separate bounce/pin, adverse first move, continuation, sustained departure and timeout using competing barriers and occupied duration.|Joint ordered outcome, return/excursions and duration over fixed boundaries.|Touch/response frequency; multistate hazard; joint duration/path model.|Bounce reaches local a but no travel, runner after delay, both barriers, no contact and future swing target.|Conditional proper/time scores and complete-position value.|Role definition, horizon, barriers, Context/options and duration.|Tests whether a useful reaction leaves sufficient executable travel.
G06.COST_DEPENDENCE|Joint fill and action-value uncertainty|Estimate action plus declared exit-policy outcome with dependent fill/adverse markout, duration and terminal account state.|Net increment/duration/terminal state, tail loss and non-fill.|Empirical bracket table; regularized distributional value; coherent scenario aggregation.|High accuracy negative net, non-fill, stop gap, spread double charge and impossible partial exit.|Value/calibration, conservative scenario bounds and full sequential net/risk.|Fill/cost model, path, return versus duration, all-in fees and bound selection.|Tests true economic usefulness of otherwise accurate signals.
G07.DURATION|Common-boundary waiting and occupancy|Use incremental marked net reward or complete macroaction return ending at its terminal state, with one-position occupancy.|Comparable finite-horizon action Q and chosen waits/deadlines.|Act-if-positive; fixed wait/deeper rule; finite event tree/fitted value model.|$30 short trade leaves $80 versus $100 long trade, fees counted twice, deeper never reached and pending order.|Reward telescoping, event/macro equivalence and paired daily value.|Waiting value, duration, future-candidate model, planning depth and risk state.|Prevents horizon mismatch and double-counted trade returns in selection.
G07.INFORMATION|Value of observing another stage|Model possible future evidence, its arrival delay, failed/non-arriving branches and changed executable price from the same origin.|Net value of act now, observe, cancel or stay flat.|Immediate action; fixed confirmation; finite observation tree with regularized transitions.|Confirmation after target, info never arrives, wrong side confirmed, source expires and boundary during wait.|Common-origin rescued/lost trades, entry deterioration and full-day net.|Each evidence stage, latency, expected information and deeper-price wait.|Tests whether higher apparent signal confidence actually improves decisions.
G08.RANKING|Candidate and action selection objectives|Compare nearest/strongest, calibrated value ranking, pairwise/listwise rankers and constrained set selection on complete causal risk sets.|Selected action utility and complete eligible-day net/risk.|Nearest/strongest; conservative expected-value rank; regularized set/listwise model.|Highest reaction score has no reach, duplicate confluence, competing long/short, stale plan and action unavailable.|Value calibration, decision regret within the declared simulation and full-policy results.|Ranker versus generator, value components, candidate density and timing.|Solves many good-looking levels without using eventual best-of-day labels.
G09.SUPPORT|Applicability and abstention|Separate critical integrity veto, validated missingness support, statistical uncertainty and selected-action robustness.|Coverage-risk-value tradeoff and correctness of abstention reasons.|Fixed quality rules; conditional support gate; regularized uncertainty gate.|All experts missing, optional chain absent, contradictory forecasts, extrapolated wing and unsupported session.|Conditional calibration, abstention/coverage frontier and risk/net tradeoff.|Quality versus statistical gate, threshold, missing pattern and disagreement.|Allows valid independent C/L signals while containing unsupported confidence.
G10.ADAPTATION|Controlled per-expert change policies|Compare fixed weights, rolling/decayed fitting, recalibration, change-point triggers and retirement using only matured labels.|Prequential proper score, drift recovery and complete adaptive-policy economics.|Frozen incumbent; scheduled recalibration; preregistered limited adaptive rule.|Taken-trades-only labels, delayed OI, reset after loss, gate collapse and switching to hindsight winner.|Full-trajectory score/value, false changes, recovery delay and version lineage.|Update type/cadence/window, each expert and fixed-policy control.|Tests adaptation as a policy rather than an untracked source of future-test tuning.
P01.ACTION_STATE|Finite one-mini action transitions|Define flat/long/short/pending/canceling/reconciling states; enumerate only legal full-unit intents with actual account snapshot.|Exact feasible action set and sequential position/P&L path.|Transparent state machine; optimized event runtime; learned selection only inside legal actions.|Duplicate entry, reversal before exit ack, fill during cancel, partial message and restart.|Zero illegal states/duplicate exposure; exact reconciliation.|Routing order and event ordering scenarios; risk remains independent.|Ensures every model comparison respects the same position and pending-order constraints.
P02.BRACKETS|Structural invalidation and destination choices|Compare source structural stops, volatility stops, feasible targets and time exits with current entry price and boundary.|Joint bracket net/duration/tail distribution.|Source fixed bracket; registered stop/target grid; calibrated distributional plan selector.|Stop inside spread, target already consumed, mapper error, gap loss and boundary-truncated plan.|Geometry/risk feasibility, value calibration and full-policy net.|Stop versus target versus entry, structural/volatility information and uncertainty.|Tests how improved Context/Location becomes a feasible one-mini trade.
P03.EXIT_VALUE|Full-position hold, protect and exit|Compare fixed brackets, time exits, causal protected-swing trails and residual hold/exit value using current state.|Incremental future net and occupied duration through boundary.|Fixed bracket; price-only trail; regularized residual-value policy.|Partial exit attempted, future-protected swing, stop widened after loss, target moved and gap.|Incremental reward/account parity and common-origin full-day value.|Entry held fixed while exit changes; each protection/flow/Context input.|Measures management benefit without conflating it with a better initial entry.
P04.REENTRY|Idea lifetime and cumulative risk|Require refreshed evidence and explicit visit/idea identity; compare retry counts and time/volume reset policies.|Additional attempt net, cumulative idea loss and opportunity occupancy.|No retry; fixed one-retest; state-conditioned retry policy.|Renamed failed object, second test after loss, rapid churn and genuinely new source event.|Idea/account reconciliation, retry calibration and complete-day risk/net.|Retry count, new-information threshold, decay and underlying level model.|Tests repeated opportunities without manufacturing fresh risk budgets.
P05.CLOCKS|Venue arrival versus information time|Replay the standing venue BBO at simulated arrival; keep unseen venue changes out of strategy features; preserve latency/order ambiguity. Obtain the state from validated native MBP-1; preserve all intervening quote/trade/protective events even with minute candidate scoring.|Scenario marketable fills, shortfall and account net.|Conservative marketable reference; explicit feed/outbound latency scenarios.|Old standing quote still valid, venue quote not yet received, zero size, missing depth and gap.|Exact event/price rules, causal decisions and conservative net sensitivity.|Feed delay, order delay, impact and quote-age assumptions.|Corrects execution timing that can otherwise create an artificial edge or penalty.
P05.PASSIVE|Passive fill and adverse-selection uncertainty|Preserve touch bounds, eligible post-arrival executions, priority scenarios, cancellation and joint adverse markout; telemetry needed for calibration.|Fill probability/time and net conditional on fill/non-fill.|Marketable baseline; trade-through conservative scenario; calibrated survival/queue proxy if supported.|Touch no prints, queue ahead unknown, fill/cancel race, stop-limit trigger/no fill and late ack.|Scenario consistency, fill calibration when observable and robust policy value.|Priority, latency, order lifetime, fill/markout dependence and marketable alternative.|Tests whether a passive-order benefit survives plausible queue uncertainty.
P06.SHORTFALL|Cost and latency specialists|Separate spread, fees, outbound delay, impact, adverse selection and computation delay by source/session/state.|Arrival/implementation shortfall and tail costs for each permitted order type.|Fixed conservative cost; seasonal quantile regression; state-conditioned cost model.|Spread charged twice, news gap, stale signal, source only minute data and fee change.|Cost calibration/coverage and strategy sensitivity to worsening conditions.|Each cost, order type, time, volatility and missing telemetry.|Determines whether signal quality survives actual execution economics.
P07.IDEMPOTENCY|Order and broker reconciliation|Persist intent/ack/fill/cancel linkage and idempotency; broker truth and independent protection survive local failures.|Correct position/order state at every event and restart.|Reference transition table; durable OMS adapter; no predictive override of broker truth.|Lost ack, duplicate fill, OCO race, disconnect after send and reconnect filled entry.|Exact unique fills/positions and bounded unresolved/unprotected duration.|Transport/retry/checkpoint ordering under deterministic fault injection.|Keeps model improvements from being invalidated by order-state errors.
P08.RESERVATION|Daily loss and atomic risk reserve|Use day-start marked trading net plus remaining stop/cost/tail/race exposure; reserve before dispatch and reconcile fills once.|Correct headroom and feasible one-mini actions; separately verified firm floors.|Independent literal ledger; optimized reservation engine; scenario reserve choices.|Open loss counted twice, profits not yet realized at assumed mark, two workers reserve, stale position and gap beyond stop.|USD reconciliation, no unauthorized exposure, breach sensitivity and foregone opportunities.|Reserve/cost stress and measurement mark; never disable hard integrity constraints.|Makes signal selection obey the actual remaining daily/account risk.
P09.ACCOUNT_PATHS|Product lifecycle and rule scenarios|Version actual account terms, drawdown floors, news/automation/holding permissions and payout conditions by product/date.|Correct eligibility, breach, reset and payout-state transitions.|Synthetic research account; each verified named product separately; strict intersection only as a scenario.|Rule changes, trailing floor versus daily loss, pending payout, evaluation-to-funded transition and conflicting docs.|Reference-path ledger parity and full-strategy feasibility under each selected scenario.|Product assumptions, fees and cash timing, without choosing terms from results.|Prevents apparent strategy feasibility from relying on an invented account contract.
P10.REMAINDER|Boundary-truncated opportunity and flattening|Permit only plans that can exit with the actual remaining horizon and measured safety buffer; independent timer handles outages.|Feasible late-session net and confirmed flat by boundary.|Fixed early cutoff; explicit remainder model; empirical latency-buffer challenger.|Half-day, DST, final-hour valid short trade, rejected flatten and feed freeze.|Boundary/state fidelity, tail timing and late-session risk/net tradeoff.|Entry cutoff, buffer, horizon model and independent fault scenarios.|Tests late opportunities without silently carrying a long-horizon forecast through the cutoff.
P11.CASH|Trading net versus business cash|Keep gross/fees/slippage, account eligibility, payouts, subscription/evaluation/reset costs and received cash in distinct ledgers.|Mean net per eligible day and separate withdrawable/received business cash outcomes.|Always flat; synthetic strategy net; full account/business lifecycle simulation.|Zero-trade/outage days, pending payout, reset fees, payout denial and excluded losing days.|Exact ledger reconciliation, dependent-date uncertainty and objective gap.|Cost/account/cash assumptions and denominator scenarios explicitly named.|Tests the actual $2,000/day ambition without replacing it with selected trade statistics.
P12.FAIR_INSTRUMENT|NQ versus ES research selection|Compare one-mini complete policies on common dates with correct point value, fees/BBO/coverage; choose in development.|Daily net/risk/account survival and data-supported execution choice.|Fixed NQ; fixed ES; separately registered causal selector if ever considered.|Daily hindsight winner, missing ES BBO, different eligible dates and incorrect contract multiplier.|Paired common/full-cohort results and uncertainty at the same one-mini constraint.|Information source and execution instrument separately.|Allows a fair preferred-NQ comparison without multiplying accounts or contracts.
R10.CVD_CASES|Distinct CVD control hypotheses|DEFERRED detailed Response: independently test own-median, slope, price-extrema divergence, inter-cohort and cross-flow SMT with true OHLC.|Prefix 1/5/15/30-second and minute path/value where timing supports them.|Faithful rules; regularized multiscale model; compact sequence challenger.|Price/CVD unit comparison, reset, future pivot, rising-price/falling-CVD continuation and same close/different extremes.|Conditional proper scores and value after confirmation delay.|Every CVD construction/reference/horizon, price-only and cohort-close baselines.|Keeps each discussed flow-control interpretation separate and independently measurable.
R11.FA_POC|Specific prior-balance-POC failed auction|DEFERRED detailed Response: leave balance A, reach/reject distinct prior balance B POC, return toward/into A; preserve unfinished branches.|Stage hazards and A far-edge traversal versus internal failure at fixed horizons.|Exact source chain; branch-frequency model; multistate duration model.|Unconfirmed B profile, B acceptance instead of reject, return to A without far-edge hit and A/B alias.|Stage identity, calibrated transition/time and common-origin policy value.|B POC condition, return stage, Context and earlier direct action.|Preserves this source mechanism rather than collapsing it into any failed breakout.
R11.FA_VALUE|Broader prior-value failed auction|DEFERRED detailed Response: retain the distinct prior-value reference variant and compare on the same initial A-exit population.|Stage/traversal/value outcomes identical in clock to FA_POC comparison.|Source value-reference rule; conditional hazard; pooled-versus-separate variant model.|Non-POC value touch, A/B lineage, no return and conditioning only completed winners.|Paired role/calibration and common-origin net with all failures.|POC versus other value reference, rejection criterion and horizon.|Tests the meaningful difference between two similarly named source setups.
R12.SQUEEZE_BRANCHES|Failed squeeze and resqueeze alternatives|DEFERRED detailed Response: distinguish straight squeeze, failed-squeeze fade, origin reclaim/defense and renewed original-direction squeeze.|Competing stage/path/value from the same original catalyst.|Explicit finite-state branches; multistate hazard; compact event sequence model.|Bull squeeze fails then bull resqueeze, origin versus newer pocket, no retest and repeated failures.|Branch/time calibration and complete early/refill/resqueeze net.|Origin memory, flow, defense, direction branch and wait duration.|Avoids interpreting every failure as an opposite-direction entry.
R13.QUIET_ENTRY|Quiet failure without own-side burst|DEFERRED detailed Response: require observed opposing-effort decay/poor progress with full activity coverage; compare direct C/L and later own-flow confirmation.|Resume/reversion and remaining action value.|Price/pace baseline; source passive-reversion rule; conditional effort hazard.|No 30–60 trades but many large trades, quote-driven trend, thin inactivity and no large own-side print.|Conditional path score and same-origin delay/missed-move economics.|Balance, decay, own-flow confirmation and sign uncertainty.|Tests an alternate entry mechanism rather than forcing aggression confirmation.
R14.PREFIXES|Value of every absorption/refill stage|DEFERRED detailed Response: observe hold, recovery, opposing shrink/delta turn, reward and optional refresh with stage timing and alternate order.|Common origin future path/value at each available prefix.|Source conjunction; additive duration model; multistate/sequence learner.|Three updates versus three price ticks, progress before delta turn, no refresh, late entry and timeout.|Per-prefix calibration and incremental net per added stage.|Leave-one-stage, order, duration, continuous versus discrete alphabet and early C/L control.|Determines whether each extra confirmation earns its cost in delay and missed trades.
R15.PROTECTION|Causal protected structure|DEFERRED detailed Response: append reward and protected high/low only after the specified displacement/confirmation, with later failure retained.|Hold/fail hazard and incremental full-position protection value.|Price-only swing protection; source flow memory; survival/control-transition model.|Largest delta unrewarded, protection known late, two control switches and gap through stop.|Confirmation timing, hazard calibration and common-entry management net.|Flow versus price memory, confirmation, decay and visit count.|Tests management-relevant control evidence without assuming the same traders remain positioned.
R16.ANCHOR_DETAIL|Minor-node and intra-wick alternatives|DEFERRED detailed Response: preserve causal calendar/leg/dealing-range VP/delta anchors, neighboring LVNs/shelves and repeated reactions.|Hold/traverse/stall and late-entry value.|Profile-only; flow-only; joint spatial-role model.|Post-trade chosen profile, small node beside valley, final wick leakage and upper/lower zone confusion.|Anchor/geometry fidelity and density/width/time-matched economic increment.|Anchor, minor/major node, delta/volume, observed visits and flow.|Tests precise profile interaction details from the charts and conversations.
R17.VISITS|First, second and later visit selection|DEFERRED detailed Response: require actual leave/return episodes; account for survival into later visits and cumulative idea risk.|Visit-specific outcomes and full initial-opportunity policy value.|First-only; second-only/source rule; hierarchical repeat hazard.|Repeated ticks one visit, never-returning runner, second visit after loss and renamed object.|Conditional incidence plus whole-origin/day economics.|Visit count, age, penetration, current defense and waiting.|Tests whether later visits improve the complete policy rather than just conditional win rate.
R18.STOP_INTERPRETATIONS|Sweep/block source alternatives|DEFERRED detailed Response: compare 2/3/5-minute completed sweep confirmation, body/full-range block and rejection-wick stop variants.|Actual fill/bracket/time/value from each available confirmation.|Faithful computable source; corrected causal rule; event-time sweep/reclaim model.|Incomplete third candle, midpoint never fills, wick caption conflict and continuation after failure.|Availability/geometry parity and same-origin conservative net.|Confirmation, retracement, stop geometry and local Context.|Preserves source ambiguities as experiments instead of choosing the best hindsight stop.
R19.ENTRY_EXIT|Independent Response timing and management roles|DEFERRED detailed Response: evaluate entry filtering/timing and post-entry protection/exit separately using a frozen baseline opportunity and G forecasts.|Incremental net/duration for each prefix/full-position decision.|Direct C/L; simple price confirmation; individual R stage and residual-value policy.|Confirmation after target, changed spread, non-fill, lost runner and boundary while waiting.|Rescued losses, lost winners, entry shortfall, exit gain and complete-day reconciliation.|Entry-only, exit-only, both and neither; no second feedback pass.|Prevents a good pattern classifier from being credited with unavailable trade value.
R20.CAUSAL_VARIANTS|Every preserved Pine timing family|DEFERRED detailed Response: retain source-member sweep/CISD/FVG/pivot/oscillator/repair/fork/inside-outside variants; exact PIN findings define local cases.|Per-member causal stage and subsequent common path/value targets.|Computable source rule; explicitly repaired causal variant; continuous statistical challenger.|Unfinished HTF, backplotted pivot, missing reset, identical HTF bars, drawing toggle and truncated tail.|Source-specific assertions, timing parity and matched-density economic value.|Each member/variant, timeframe, thresholds, source defects and simple-price control.|Keeps the 83-member archive's distinct mechanisms testable without executing bundled code now.
R21.SOFT_CONTEXT|Context-dependent sequence mixtures|DEFERRED detailed Response: combine compatible R predictions by observed auction/volatility/flow state and coverage.|Calibrated shared path/value distributions.|Source hard alignment/gamma gates; uniform mixture; regularized soft gate.|Balance-to-trend transition, gamma uncertainty, correlated stages, missing expert and hard-gate missed winner.|Conditional calibration, collapse/diversity and complete augmented-policy gain.|Every Context/R source, hard/soft gating and direct C/L baseline.|Tests specialization without converting context assumptions into compulsory confirmation.
R22.BLINDED_DEFINITION|Source annotation reliability|DEFERRED detailed Response: separate visible facts, claimed mechanism, uncertainty and future numeric outcomes; use blinded prefix annotations.|Definitional agreement and source-to-numeric correspondence.|Numeric rule; independent blinded annotations; audited image-assisted extraction.|Future chart revealed, cropped scale, open versus realized P&L, caption sign conflict and pending order.|Field-level agreement/error and unresolved scope, not invented strategy accuracy.|Numeric-only versus annotation assistance; each uncertain source interpretation.|Tests whether a mechanism is defined reliably before training a recognizer for it.
V01.LABEL_COVERAGE|Candidate and label completeness|Link every formed/rejected/untraded opportunity to fixed target geometry, maturity, observation process and censor state.|Exact reachable/ordered/value/OI label population.|Independent literal labeler; optimized event labeler.|Same bar both barriers, gap, revised object, expiry absent, no-touch complete horizon and data outage.|Exact reference/bounded-ambiguity agreement and population reconciliation.|Label definition/horizon and observation process as registered sensitivities.|Ensures high signal scores are not created by dropping hard or untraded cases.
V02.LINEAGE|OOF graph and legal overlaps|Compile every learned dependency by fold/cut; purge forbidden label/fitted-state overlaps while allowing shared causal past observations.|Time-honest full-chain predictions and reproducible training state.|Expanding chronological reference; blocked sensitivity; nested OOF DAG.|Same date across assets split, future label maturity, stale in-sample upstream, legal shared lookback and long object life.|Zero role/cut violations, exact fold manifests and effective blocks.|Training window/embargo inside development; full-chain refit after upstream changes.|Tests every specialist and gate as it would actually be trained and served.
V03.SEARCH|Honest model/definition selection|Register information, definition, model and policy trials with budgets, primary metrics and confirmatory rules before outcomes.|Reproducible selected version and uncertainty accounting.|Small frozen grid; equal-budget random search; justified larger search as new trial family.|Renamed duplicate, unlogged failure, outer-test threshold change and omitted earlier attempts.|Complete trial ledger, nested selection and fixed-endpoint confirmation.|Search budget, selection method and information/model capacity separated.|Defines best supported among tested alternatives without claiming a global optimum.
V04.POWER|Useful-effect and sample-support decisions|Choose target/metric, useful effect and interval procedure from development economics; estimate required effective dates/reports/episodes.|Supported/not-met/inconclusive promotion and $2,000/day objective gap.|Fixed-endpoint baseline; justified preregistered sequential alternative.|Ordinary CI extended until positive, sparse subgroup, profitable peak stop, flat days excluded and risk breach.|Coverage assumptions, interval width, effective count and full objective accounting.|Dependence block, tail assumptions and useful-effect sensitivity disclosed.|Distinguishes weak signal from inadequate evidence without optional-stopping success claims.
V05.DRIFT|Component-specific drift and fallback|Separate schema/latency/missingness faults from feature, calibration, residual and execution drift with matured labels.|Detection delay, false intervention and adaptive-policy net/risk.|Seasonal bands; sequential score monitors; regularized anomaly challenger.|Feed outage resembles regime shift, delayed labels, recurring session, gate collapse and cost drift.|False alerts, recovery, fallback coverage and full-trajectory policy cost.|Monitor family, window, threshold and frozen incumbent.|Tests whether live deterioration is diagnosable at the right component.
V06.PREFIX_RESTART|End-to-end replay equivalence|Compare event-prefix hashes and numerical tolerances through measurements, models, objects, decisions and order state.|Causal and restart-equivalent outputs with declared arrival scenario.|Transparent reference replay; optimized streaming/captured-live replay.|Future suffix deletion, reorder ties, revision, checkpoint loss, model timeout and restart after send.|First divergence, exact state/counts and justified numeric tolerances.|Arrival/compute scenario, model version and optional source dropout.|Validates the complete chain rather than only isolated formulas.
V07.PLANTED_SIGNAL|Synthetic positive and null controls|Plant known predictive mechanisms in isolated synthetic observations and run labels/OOF/gates/selection; include future-only rejected fields.|Recoverable direction/policy effect in the synthetic setup only.|Known analytic signal; simple statistical learner; complete harness.|Known signal omitted from input, future planted field, high-score late confirmation and no-signal shuffled control.|Recovery versus known simulated effect and leakage rejection with simulation uncertainty.|Information strength, timing, noise, label horizon and selection stage.|Tests whether the harness can detect a controlled signal before blaming real-market information.
V07.ORACLE_SCOPE|Exact in-set diagnostic ceiling|For a finite action set and simulator, compute exact foresight dynamic programming with occupancy/cost/risk; distinguish relaxations and approximate search.|Best in-set hindsight value and gap attributable to candidate/selection constraints.|Always-flat and causal policy; exact finite-state oracle; separately labeled relaxed bound.|Overlapping winners both selected, missing cancel state, uncharged fees, beam search called upper bound and hindsight instrument switching.|Exact state/reward reconciliation and explicitly scoped bound inequalities.|Candidate set, timing, occupancy, cost and risk one at a time.|Diagnoses a bottleneck without presenting foresight or an unproven ceiling as attainable alpha.
V08.RESOURCE_FRONTIER|Measured accuracy, latency and resource tradeoffs|Reuse causal feature/OOF artifacts and benchmark CPU/tabular, surface and compact temporal trials under explicit RAM/storage/GPU caps.|Reproducibility and quality/value per feasible compute/latency budget.|CPU streaming baseline; vectorized/shared cache; justified compact GPU challenger.|Out-of-memory, disk full, interrupted job, missing GPU, stale cache and changing input hash.|Throughput/peak resources, restart success and downstream delay-adjusted quality.|Model size, history, feature compression, shared backbone and scheduling.|Tests whether added model sophistication improves the deployable system within measured resources.
